Id,Title,Tags,Acceptance,Difficulty,Frequency,Link
1,Two Sum,"Array, Hash Table",45.7%,Easy,52.6528,https://leetcode.com/problems/two-sum
15,3Sum,"Array, Two Pointers",27.0%,Medium,23.9099,https://leetcode.com/problems/3sum
48,Rotate Image,Array,57.3%,Medium,49.9788,https://leetcode.com/problems/rotate-image
121,Best Time to Buy and Sell Stock,"Array, Dynamic Programming",50.6%,Easy,22.1774,https://leetcode.com/problems/best-time-to-buy-and-sell-stock
146,LRU Cache,Design,33.5%,Medium,100.0,https://leetcode.com/problems/lru-cache
155,Min Stack,"Stack, Design",44.8%,Easy,48.9339,https://leetcode.com/problems/min-stack
238,Product of Array Except Self,Array,60.3%,Medium,40.1947,https://leetcode.com/problems/product-of-array-except-self
297,Serialize and Deserialize Binary Tree,"Tree, Design",47.8%,Hard,76.3264,https://leetcode.com/problems/serialize-and-deserialize-binary-tree
