Id,Title,Tags,Acceptance,Difficulty,Frequency,Link
1,Two Sum,"Array, Hash Table",45.7%,Easy,53.5349,https://leetcode.com/problems/two-sum
15,3Sum,"Array, Two Pointers",27.0%,Medium,7.06989,https://leetcode.com/problems/3sum
179,Largest Number,Sort,29.0%,Medium,100.0,https://leetcode.com/problems/largest-number
629,K Inverse Pairs Array,Dynamic Programming,31.2%,Hard,0.0,https://leetcode.com/problems/k-inverse-pairs-array
630,Course Schedule III,Greedy,33.5%,Hard,0.0,https://leetcode.com/problems/course-schedule-iii
