Id,Title,Tags,Acceptance,Difficulty,Frequency,Link
1,Two Sum,"Array, Hash Table",45.7%,Easy,70.6069,https://leetcode.com/problems/two-sum
2,Add Two Numbers,"Linked List, Math",34.1%,Medium,3.84236,https://leetcode.com/problems/add-two-numbers
3,Longest Substring Without Repeating Characters,"Hash Table, Two Pointers, String, Sliding Window",30.5%,Medium,24.1781,https://leetcode.com/problems/longest-substring-without-repeating-characters
4,Median of Two Sorted Arrays,"Array, Binary Search, Divide and Conquer",29.8%,Hard,23.1075,https://leetcode.com/problems/median-of-two-sorted-arrays
5,Longest Palindromic Substring,"String, Dynamic Programming",29.6%,Medium,25.1605,https://leetcode.com/problems/longest-palindromic-substring
8,String to Integer (atoi),"Math, String",15.4%,Medium,14.4561,https://leetcode.com/problems/string-to-integer-atoi
10,Regular Expression Matching,"String, Dynamic Programming, Backtracking",26.9%,Hard,5.36072,https://leetcode.com/problems/regular-expression-matching
14,Longest Common Prefix,String,35.5%,Easy,2.49394,https://leetcode.com/problems/longest-common-prefix
15,3Sum,"Array, Two Pointers",27.0%,Medium,32.1548,https://leetcode.com/problems/3sum
17,Letter Combinations of a Phone Number,"String, Backtracking",47.1%,Medium,12.7058,https://leetcode.com/problems/letter-combinations-of-a-phone-number
20,Valid Parentheses,"String, Stack",39.1%,Easy,24.0708,https://leetcode.com/problems/valid-parentheses
21,Merge Two Sorted Lists,Linked List,53.9%,Easy,6.35042,https://leetcode.com/problems/merge-two-sorted-lists
23,Merge k Sorted Lists,"Linked List, Divide and Conquer, Heap",40.6%,Hard,62.5073,https://leetcode.com/problems/merge-k-sorted-lists
24,Swap Nodes in Pairs,Linked List,50.8%,Medium,1.21562,https://leetcode.com/problems/swap-nodes-in-pairs
25,Reverse Nodes in k-Group,Linked List,42.5%,Hard,4.40406,https://leetcode.com/problems/reverse-nodes-in-k-group
26,Remove Duplicates from Sorted Array,"Array, Two Pointers",45.4%,Easy,0.79581,https://leetcode.com/problems/remove-duplicates-from-sorted-array
28,Implement strStr(),"Two Pointers, String",34.6%,Easy,2.94922,https://leetcode.com/problems/implement-strstr
31,Next Permutation,Array,32.7%,Medium,6.77723,https://leetcode.com/problems/next-permutation
32,Longest Valid Parentheses,"String, Dynamic Programming",28.5%,Hard,3.7913,https://leetcode.com/problems/longest-valid-parentheses
33,Search in Rotated Sorted Array,"Array, Binary Search",34.7%,Medium,21.4677,https://leetcode.com/problems/search-in-rotated-sorted-array
39,Combination Sum,"Array, Backtracking",56.5%,Medium,9.89822,https://leetcode.com/problems/combination-sum
40,Combination Sum II,"Array, Backtracking",48.6%,Medium,4.37384,https://leetcode.com/problems/combination-sum-ii
41,First Missing Positive,Array,32.2%,Hard,8.03923,https://leetcode.com/problems/first-missing-positive
42,Trapping Rain Water,"Array, Two Pointers, Stack",49.2%,Hard,10.983,https://leetcode.com/problems/trapping-rain-water
46,Permutations,Backtracking,64.0%,Medium,12.3472,https://leetcode.com/problems/permutations
49,Group Anagrams,"Hash Table, String",57.3%,Medium,14.3464,https://leetcode.com/problems/group-anagrams
50,"Pow(x, n)","Math, Binary Search",30.5%,Medium,19.4405,https://leetcode.com/problems/powx-n
51,N-Queens,Backtracking,47.1%,Hard,47.8108,https://leetcode.com/problems/n-queens
53,Maximum Subarray,"Array, Divide and Conquer, Dynamic Programming",46.7%,Easy,11.4295,https://leetcode.com/problems/maximum-subarray
54,Spiral Matrix,Array,34.3%,Medium,36.7857,https://leetcode.com/problems/spiral-matrix
56,Merge Intervals,"Array, Sort",39.5%,Medium,7.62213,https://leetcode.com/problems/merge-intervals
66,Plus One,Array,43.0%,Easy,4.22897,https://leetcode.com/problems/plus-one
75,Sort Colors,"Array, Two Pointers, Sort",47.6%,Medium,11.5298,https://leetcode.com/problems/sort-colors
76,Minimum Window Substring,"Hash Table, Two Pointers, String, Sliding Window",34.9%,Hard,4.66194,https://leetcode.com/problems/minimum-window-substring
78,Subsets,"Array, Backtracking, Bit Manipulation",62.5%,Medium,5.87968,https://leetcode.com/problems/subsets
83,Remove Duplicates from Sorted List,Linked List,45.6%,Easy,1.19397,https://leetcode.com/problems/remove-duplicates-from-sorted-list
88,Merge Sorted Array,"Array, Two Pointers",39.6%,Easy,8.75696,https://leetcode.com/problems/merge-sorted-array
98,Validate Binary Search Tree,"Tree, Depth-first Search",27.9%,Medium,1.25499,https://leetcode.com/problems/validate-binary-search-tree
102,Binary Tree Level Order Traversal,"Tree, Breadth-first Search",54.9%,Medium,8.45837,https://leetcode.com/problems/binary-tree-level-order-traversal
103,Binary Tree Zigzag Level Order Traversal,"Stack, Tree, Breadth-first Search",48.6%,Medium,26.5015,https://leetcode.com/problems/binary-tree-zigzag-level-order-traversal
125,Valid Palindrome,"Two Pointers, String",36.9%,Easy,7.56795,https://leetcode.com/problems/valid-palindrome
129,Sum Root to Leaf Numbers,"Tree, Depth-first Search",49.4%,Medium,5.85744,https://leetcode.com/problems/sum-root-to-leaf-numbers
130,Surrounded Regions,"Depth-first Search, Breadth-first Search, Union Find",28.3%,Medium,21.8297,https://leetcode.com/problems/surrounded-regions
138,Copy List with Random Pointer,"Hash Table, Linked List",37.0%,Medium,32.5818,https://leetcode.com/problems/copy-list-with-random-pointer
139,Word Break,Dynamic Programming,40.3%,Medium,29.3688,https://leetcode.com/problems/word-break
140,Word Break II,"Dynamic Programming, Backtracking",32.9%,Hard,8.56527,https://leetcode.com/problems/word-break-ii
141,Linked List Cycle,"Linked List, Two Pointers",41.4%,Easy,19.4955,https://leetcode.com/problems/linked-list-cycle
142,Linked List Cycle II,"Linked List, Two Pointers",37.6%,Medium,2.93599,https://leetcode.com/problems/linked-list-cycle-ii
143,Reorder List,Linked List,39.0%,Medium,3.92461,https://leetcode.com/problems/reorder-list
146,LRU Cache,Design,33.5%,Medium,100.0,https://leetcode.com/problems/lru-cache
153,Find Minimum in Rotated Sorted Array,"Array, Binary Search",45.2%,Medium,22.5695,https://leetcode.com/problems/find-minimum-in-rotated-sorted-array
155,Min Stack,"Stack, Design",44.8%,Easy,3.47575,https://leetcode.com/problems/min-stack
160,Intersection of Two Linked Lists,Linked List,41.1%,Easy,2.03629,https://leetcode.com/problems/intersection-of-two-linked-lists
173,Binary Search Tree Iterator,"Stack, Tree, Design",57.1%,Medium,6.83224,https://leetcode.com/problems/binary-search-tree-iterator
176,Second Highest Salary,,31.9%,Easy,5.71024,https://leetcode.com/problems/second-highest-salary
189,Rotate Array,Array,35.0%,Easy,6.81589,https://leetcode.com/problems/rotate-array
198,House Robber,Dynamic Programming,42.1%,Easy,1.55523,https://leetcode.com/problems/house-robber
199,Binary Tree Right Side View,"Tree, Depth-first Search, Breadth-first Search",54.4%,Medium,36.8329,https://leetcode.com/problems/binary-tree-right-side-view
200,Number of Islands,"Depth-first Search, Breadth-first Search, Union Find",47.1%,Medium,43.107,https://leetcode.com/problems/number-of-islands
202,Happy Number,"Hash Table, Math",50.6%,Easy,2.70152,https://leetcode.com/problems/happy-number
204,Count Primes,"Hash Table, Math",31.6%,Easy,3.06347,https://leetcode.com/problems/count-primes
206,Reverse Linked List,Linked List,63.0%,Easy,19.3666,https://leetcode.com/problems/reverse-linked-list
207,Course Schedule,"Depth-first Search, Breadth-first Search, Graph, Topological Sort",43.3%,Medium,4.02276,https://leetcode.com/problems/course-schedule
208,Implement Trie (Prefix Tree),"Design, Trie",49.9%,Medium,9.79422,https://leetcode.com/problems/implement-trie-prefix-tree
211,Design Add and Search Words Data Structure,"Backtracking, Design, Trie",38.3%,Medium,7.44491,https://leetcode.com/problems/design-add-and-search-words-data-structure
213,House Robber II,Dynamic Programming,36.5%,Medium,5.39071,https://leetcode.com/problems/house-robber-ii
215,Kth Largest Element in an Array,"Divide and Conquer, Heap",55.8%,Medium,32.3478,https://leetcode.com/problems/kth-largest-element-in-an-array
227,Basic Calculator II,String,37.1%,Medium,23.6209,https://leetcode.com/problems/basic-calculator-ii
236,Lowest Common Ancestor of a Binary Tree,Tree,46.2%,Medium,18.0046,https://leetcode.com/problems/lowest-common-ancestor-of-a-binary-tree
238,Product of Array Except Self,Array,60.3%,Medium,11.2154,https://leetcode.com/problems/product-of-array-except-self
240,Search a 2D Matrix II,"Binary Search, Divide and Conquer",43.3%,Medium,12.2473,https://leetcode.com/problems/search-a-2d-matrix-ii
244,Shortest Word Distance II,"Hash Table, Design",52.5%,Medium,18.3414,https://leetcode.com/problems/shortest-word-distance-ii
250,Count Univalue Subtrees,Tree,52.2%,Medium,25.9503,https://leetcode.com/problems/count-univalue-subtrees
253,Meeting Rooms II,"Heap, Greedy, Sort",45.8%,Medium,26.5822,https://leetcode.com/problems/meeting-rooms-ii
268,Missing Number,"Array, Math, Bit Manipulation",51.9%,Easy,0.940695,https://leetcode.com/problems/missing-number
278,First Bad Version,Binary Search,36.0%,Easy,6.37713,https://leetcode.com/problems/first-bad-version
279,Perfect Squares,"Math, Dynamic Programming, Breadth-first Search",47.6%,Medium,1.6449,https://leetcode.com/problems/perfect-squares
283,Move Zeroes,"Array, Two Pointers",58.0%,Easy,39.5992,https://leetcode.com/problems/move-zeroes
284,Peeking Iterator,Design,46.1%,Medium,15.2735,https://leetcode.com/problems/peeking-iterator
287,Find the Duplicate Number,"Array, Two Pointers, Binary Search",55.9%,Medium,2.2278,https://leetcode.com/problems/find-the-duplicate-number
295,Find Median from Data Stream,"Heap, Design",44.8%,Hard,21.24,https://leetcode.com/problems/find-median-from-data-stream
297,Serialize and Deserialize Binary Tree,"Tree, Design",47.8%,Hard,11.9763,https://leetcode.com/problems/serialize-and-deserialize-binary-tree
300,Longest Increasing Subsequence,"Binary Search, Dynamic Programming",42.7%,Medium,5.92988,https://leetcode.com/problems/longest-increasing-subsequence
322,Coin Change,Dynamic Programming,35.8%,Medium,13.396,https://leetcode.com/problems/coin-change
328,Odd Even Linked List,Linked List,56.0%,Medium,12.6656,https://leetcode.com/problems/odd-even-linked-list
341,Flatten Nested List Iterator,"Stack, Design",53.1%,Medium,8.41857,https://leetcode.com/problems/flatten-nested-list-iterator
344,Reverse String,"Two Pointers, String",68.8%,Easy,24.931,https://leetcode.com/problems/reverse-string
347,Top K Frequent Elements,"Hash Table, Heap",61.4%,Medium,6.58766,https://leetcode.com/problems/top-k-frequent-elements
358,Rearrange String k Distance Apart,"Hash Table, Heap, Greedy",35.1%,Hard,16.4504,https://leetcode.com/problems/rearrange-string-k-distance-apart
366,Find Leaves of Binary Tree,"Tree, Depth-first Search",70.8%,Medium,20.8113,https://leetcode.com/problems/find-leaves-of-binary-tree
394,Decode String,"Stack, Depth-first Search",50.4%,Medium,15.6837,https://leetcode.com/problems/decode-string
416,Partition Equal Subset Sum,Dynamic Programming,43.9%,Medium,3.69901,https://leetcode.com/problems/partition-equal-subset-sum
428,Serialize and Deserialize N-ary Tree,Tree,59.6%,Hard,23.7683,https://leetcode.com/problems/serialize-and-deserialize-n-ary-tree
443,String Compression,String,41.5%,Easy,16.0392,https://leetcode.com/problems/string-compression
445,Add Two Numbers II,Linked List,54.8%,Medium,5.54505,https://leetcode.com/problems/add-two-numbers-ii
449,Serialize and Deserialize BST,Tree,52.3%,Medium,20.482,https://leetcode.com/problems/serialize-and-deserialize-bst
498,Diagonal Traverse,,48.4%,Medium,27.7529,https://leetcode.com/problems/diagonal-traverse
545,Boundary of Binary Tree,Tree,39.1%,Medium,85.3034,https://leetcode.com/problems/boundary-of-binary-tree
547,Friend Circles,"Depth-first Search, Union Find",58.9%,Medium,1.92555,https://leetcode.com/problems/friend-circles
560,Subarray Sum Equals K,"Array, Hash Table",43.8%,Medium,9.0567,https://leetcode.com/problems/subarray-sum-equals-k
572,Subtree of Another Tree,Tree,44.2%,Easy,4.33544,https://leetcode.com/problems/subtree-of-another-tree
658,Find K Closest Elements,Binary Search,41.0%,Medium,3.55203,https://leetcode.com/problems/find-k-closest-elements
662,Maximum Width of Binary Tree,Tree,40.7%,Medium,8.43655,https://leetcode.com/problems/maximum-width-of-binary-tree
665,Non-decreasing Array,Array,19.5%,Easy,5.68385,https://leetcode.com/problems/non-decreasing-array
698,Partition to K Equal Sum Subsets,"Dynamic Programming, Recursion",45.0%,Medium,3.75562,https://leetcode.com/problems/partition-to-k-equal-sum-subsets
702,Search in a Sorted Array of Unknown Size,Binary Search,67.3%,Medium,28.6725,https://leetcode.com/problems/search-in-a-sorted-array-of-unknown-size
703,Kth Largest Element in a Stream,Heap,49.9%,Easy,16.5422,https://leetcode.com/problems/kth-largest-element-in-a-stream
727,Minimum Window Subsequence,"Dynamic Programming, Sliding Window",41.9%,Hard,0.0,https://leetcode.com/problems/minimum-window-subsequence
735,Asteroid Collision,Stack,41.1%,Medium,11.8116,https://leetcode.com/problems/asteroid-collision
767,Reorganize String,"String, Heap, Greedy, Sort",48.9%,Medium,4.62469,https://leetcode.com/problems/reorganize-string
772,Basic Calculator III,"String, Stack",41.5%,Hard,22.3424,https://leetcode.com/problems/basic-calculator-iii
785,Is Graph Bipartite?,"Depth-first Search, Breadth-first Search, Graph",47.6%,Medium,2.33152,https://leetcode.com/problems/is-graph-bipartite
787,Cheapest Flights Within K Stops,"Dynamic Programming, Heap, Breadth-first Search",39.3%,Medium,4.052,https://leetcode.com/problems/cheapest-flights-within-k-stops
796,Rotate String,,49.5%,Easy,18.4766,https://leetcode.com/problems/rotate-string
846,Hand of Straights,Ordered Map,54.3%,Medium,32.3012,https://leetcode.com/problems/hand-of-straights
868,Binary Gap,Math,60.6%,Easy,0.0,https://leetcode.com/problems/binary-gap
951,Flip Equivalent Binary Trees,Tree,65.5%,Medium,4.22555,https://leetcode.com/problems/flip-equivalent-binary-trees
962,Maximum Width Ramp,Array,45.6%,Medium,18.5351,https://leetcode.com/problems/maximum-width-ramp
968,Binary Tree Cameras,"Dynamic Programming, Tree, Depth-first Search",37.7%,Hard,34.5379,https://leetcode.com/problems/binary-tree-cameras
973,K Closest Points to Origin,"Divide and Conquer, Heap, Sort",64.0%,Medium,1.06831,https://leetcode.com/problems/k-closest-points-to-origin
977,Squares of a Sorted Array,"Array, Two Pointers",72.2%,Easy,4.34036,https://leetcode.com/problems/squares-of-a-sorted-array
994,Rotting Oranges,Breadth-first Search,49.3%,Medium,1.51029,https://leetcode.com/problems/rotting-oranges
1004,Max Consecutive Ones III,"Two Pointers, Sliding Window",59.4%,Medium,3.63286,https://leetcode.com/problems/max-consecutive-ones-iii
1122,Relative Sort Array,"Array, Sort",67.6%,Easy,16.1925,https://leetcode.com/problems/relative-sort-array
1146,Snapshot Array,Array,37.0%,Medium,13.8977,https://leetcode.com/problems/snapshot-array
1206,Design Skiplist,Design,57.2%,Hard,0.0,https://leetcode.com/problems/design-skiplist
1438,Longest Continuous Subarray With Absolute Diff Less Than or Equal to Limit,"Array, Sliding Window",42.8%,Medium,6.74779,https://leetcode.com/problems/longest-continuous-subarray-with-absolute-diff-less-than-or-equal-to-limit
