Id,Title,Tags,Acceptance,Difficulty,Frequency,Link
1,Two Sum,"Array, Hash Table",45.7%,Easy,0.566975,https://leetcode.com/problems/two-sum
15,3Sum,"Array, Two Pointers",27.0%,Medium,3.60973,https://leetcode.com/problems/3sum
20,Valid Parentheses,"String, Stack",39.1%,Easy,1.49359,https://leetcode.com/problems/valid-parentheses
88,Merge Sorted Array,"Array, Two Pointers",39.6%,Easy,8.35737,https://leetcode.com/problems/merge-sorted-array
134,Gas Station,Greedy,38.8%,Medium,40.9276,https://leetcode.com/problems/gas-station
221,Maximal Square,Dynamic Programming,37.8%,Medium,7.36769,https://leetcode.com/problems/maximal-square
259,3Sum Smaller,"Array, Two Pointers",47.8%,Medium,75.3059,https://leetcode.com/problems/3sum-smaller
412,Fizz Buzz,,63.2%,Easy,1.40166,https://leetcode.com/problems/fizz-buzz
1151,Minimum Swaps to Group All 1's Together,"Array, Sliding Window",59.4%,Medium,100.0,https://leetcode.com/problems/minimum-swaps-to-group-all-1s-together
1355,Activity Participants,,70.9%,Medium,73.4977,https://leetcode.com/problems/activity-participants
