Id,Title,Tags,Acceptance,Difficulty,Frequency,Link
1,Two Sum,"Array, Hash Table",45.7%,Easy,42.3617,https://leetcode.com/problems/two-sum
2,Add Two Numbers,"Linked List, Math",34.1%,Medium,3.00752,https://leetcode.com/problems/add-two-numbers
14,Longest Common Prefix,String,35.5%,Easy,3.80973,https://leetcode.com/problems/longest-common-prefix
15,3Sum,"Array, Two Pointers",27.0%,Medium,4.05711,https://leetcode.com/problems/3sum
20,Valid Parentheses,"String, Stack",39.1%,Easy,9.5775,https://leetcode.com/problems/valid-parentheses
53,Maximum Subarray,"Array, Divide and Conquer, Dynamic Programming",46.7%,Easy,0.591949,https://leetcode.com/problems/maximum-subarray
88,Merge Sorted Array,"Array, Two Pointers",39.6%,Easy,7.59019,https://leetcode.com/problems/merge-sorted-array
134,Gas Station,Greedy,38.8%,Medium,62.0588,https://leetcode.com/problems/gas-station
221,Maximal Square,Dynamic Programming,37.8%,Medium,2.99265,https://leetcode.com/problems/maximal-square
259,3Sum Smaller,"Array, Two Pointers",47.8%,Medium,80.4213,https://leetcode.com/problems/3sum-smaller
268,Missing Number,"Array, Math, Bit Manipulation",51.9%,Easy,34.1976,https://leetcode.com/problems/missing-number
412,Fizz Buzz,,63.2%,Easy,100.0,https://leetcode.com/problems/fizz-buzz
700,Search in a Binary Search Tree,Tree,73.2%,Easy,15.8351,https://leetcode.com/problems/search-in-a-binary-search-tree
1151,Minimum Swaps to Group All 1's Together,"Array, Sliding Window",59.4%,Medium,58.9804,https://leetcode.com/problems/minimum-swaps-to-group-all-1s-together
1355,Activity Participants,,70.9%,Medium,98.7195,https://leetcode.com/problems/activity-participants
