Id,Title,Tags,Acceptance,Difficulty,Frequency,Link
1,Two Sum,"Array, Hash Table",45.7%,Easy,93.6068,https://leetcode.com/problems/two-sum
2,Add Two Numbers,"Linked List, Math",34.1%,Medium,83.2011,https://leetcode.com/problems/add-two-numbers
3,Longest Substring Without Repeating Characters,"Hash Table, Two Pointers, String, Sliding Window",30.5%,Medium,42.8631,https://leetcode.com/problems/longest-substring-without-repeating-characters
4,Median of Two Sorted Arrays,"Array, Binary Search, Divide and Conquer",29.8%,Hard,73.3965,https://leetcode.com/problems/median-of-two-sorted-arrays
5,Longest Palindromic Substring,"String, Dynamic Programming",29.6%,Medium,79.1051,https://leetcode.com/problems/longest-palindromic-substring
6,ZigZag Conversion,String,36.6%,Medium,5.89371,https://leetcode.com/problems/zigzag-conversion
7,Reverse Integer,Math,25.8%,Easy,21.5293,https://leetcode.com/problems/reverse-integer
8,String to Integer (atoi),"Math, String",15.4%,Medium,78.5634,https://leetcode.com/problems/string-to-integer-atoi
9,Palindrome Number,Math,48.6%,Easy,20.301,https://leetcode.com/problems/palindrome-number
10,Regular Expression Matching,"String, Dynamic Programming, Backtracking",26.9%,Hard,71.406,https://leetcode.com/problems/regular-expression-matching
11,Container With Most Water,"Array, Two Pointers",51.1%,Medium,21.5944,https://leetcode.com/problems/container-with-most-water
12,Integer to Roman,"Math, String",55.3%,Medium,46.375,https://leetcode.com/problems/integer-to-roman
13,Roman to Integer,"Math, String",55.9%,Easy,52.8798,https://leetcode.com/problems/roman-to-integer
14,Longest Common Prefix,String,35.5%,Easy,8.07765,https://leetcode.com/problems/longest-common-prefix
15,3Sum,"Array, Two Pointers",27.0%,Medium,46.3222,https://leetcode.com/problems/3sum
16,3Sum Closest,"Array, Two Pointers",46.0%,Medium,3.45696,https://leetcode.com/problems/3sum-closest
17,Letter Combinations of a Phone Number,"String, Backtracking",47.1%,Medium,73.4264,https://leetcode.com/problems/letter-combinations-of-a-phone-number
18,4Sum,"Array, Hash Table, Two Pointers",33.8%,Medium,6.5812,https://leetcode.com/problems/4sum
19,Remove Nth Node From End of List,"Linked List, Two Pointers",35.3%,Medium,28.1481,https://leetcode.com/problems/remove-nth-node-from-end-of-list
20,Valid Parentheses,"String, Stack",39.1%,Easy,62.653,https://leetcode.com/problems/valid-parentheses
21,Merge Two Sorted Lists,Linked List,53.9%,Easy,73.767,https://leetcode.com/problems/merge-two-sorted-lists
22,Generate Parentheses,"String, Backtracking",63.1%,Medium,54.4104,https://leetcode.com/problems/generate-parentheses
23,Merge k Sorted Lists,"Linked List, Divide and Conquer, Heap",40.6%,Hard,65.8657,https://leetcode.com/problems/merge-k-sorted-lists
24,Swap Nodes in Pairs,Linked List,50.8%,Medium,61.1026,https://leetcode.com/problems/swap-nodes-in-pairs
25,Reverse Nodes in k-Group,Linked List,42.5%,Hard,71.819,https://leetcode.com/problems/reverse-nodes-in-k-group
26,Remove Duplicates from Sorted Array,"Array, Two Pointers",45.4%,Easy,20.0734,https://leetcode.com/problems/remove-duplicates-from-sorted-array
27,Remove Element,"Array, Two Pointers",48.4%,Easy,1.93605,https://leetcode.com/problems/remove-element
28,Implement strStr(),"Two Pointers, String",34.6%,Easy,21.7086,https://leetcode.com/problems/implement-strstr
29,Divide Two Integers,"Math, Binary Search",16.4%,Medium,16.4908,https://leetcode.com/problems/divide-two-integers
30,Substring with Concatenation of All Words,"Hash Table, Two Pointers, String",25.5%,Hard,11.6254,https://leetcode.com/problems/substring-with-concatenation-of-all-words
31,Next Permutation,Array,32.7%,Medium,37.7978,https://leetcode.com/problems/next-permutation
32,Longest Valid Parentheses,"String, Dynamic Programming",28.5%,Hard,21.5748,https://leetcode.com/problems/longest-valid-parentheses
33,Search in Rotated Sorted Array,"Array, Binary Search",34.7%,Medium,70.2964,https://leetcode.com/problems/search-in-rotated-sorted-array
34,Find First and Last Position of Element in Sorted Array,"Array, Binary Search",36.3%,Medium,3.31194,https://leetcode.com/problems/find-first-and-last-position-of-element-in-sorted-array
35,Search Insert Position,"Array, Binary Search",42.7%,Easy,0.994768,https://leetcode.com/problems/search-insert-position
36,Valid Sudoku,Hash Table,49.1%,Medium,44.1435,https://leetcode.com/problems/valid-sudoku
37,Sudoku Solver,"Hash Table, Backtracking",44.0%,Hard,44.9865,https://leetcode.com/problems/sudoku-solver
38,Count and Say,String,44.9%,Easy,22.5503,https://leetcode.com/problems/count-and-say
39,Combination Sum,"Array, Backtracking",56.5%,Medium,18.9211,https://leetcode.com/problems/combination-sum
40,Combination Sum II,"Array, Backtracking",48.6%,Medium,7.59546,https://leetcode.com/problems/combination-sum-ii
41,First Missing Positive,Array,32.2%,Hard,31.2597,https://leetcode.com/problems/first-missing-positive
42,Trapping Rain Water,"Array, Two Pointers, Stack",49.2%,Hard,76.2596,https://leetcode.com/problems/trapping-rain-water
43,Multiply Strings,"Math, String",34.1%,Medium,48.1281,https://leetcode.com/problems/multiply-strings
44,Wildcard Matching,"String, Dynamic Programming, Backtracking, Greedy",24.8%,Hard,54.1992,https://leetcode.com/problems/wildcard-matching
45,Jump Game II,"Array, Greedy",30.7%,Hard,18.9989,https://leetcode.com/problems/jump-game-ii
46,Permutations,Backtracking,64.0%,Medium,46.0365,https://leetcode.com/problems/permutations
47,Permutations II,Backtracking,46.8%,Medium,1.39595,https://leetcode.com/problems/permutations-ii
48,Rotate Image,Array,57.3%,Medium,58.343,https://leetcode.com/problems/rotate-image
49,Group Anagrams,"Hash Table, String",57.3%,Medium,46.1038,https://leetcode.com/problems/group-anagrams
50,"Pow(x, n)","Math, Binary Search",30.5%,Medium,28.2976,https://leetcode.com/problems/powx-n
51,N-Queens,Backtracking,47.1%,Hard,41.8406,https://leetcode.com/problems/n-queens
53,Maximum Subarray,"Array, Divide and Conquer, Dynamic Programming",46.7%,Easy,70.1482,https://leetcode.com/problems/maximum-subarray
54,Spiral Matrix,Array,34.3%,Medium,86.3977,https://leetcode.com/problems/spiral-matrix
55,Jump Game,"Array, Greedy",34.7%,Medium,12.7122,https://leetcode.com/problems/jump-game
56,Merge Intervals,"Array, Sort",39.5%,Medium,40.5174,https://leetcode.com/problems/merge-intervals
57,Insert Interval,"Array, Sort",33.7%,Hard,5.39708,https://leetcode.com/problems/insert-interval
59,Spiral Matrix II,Array,54.3%,Medium,36.0307,https://leetcode.com/problems/spiral-matrix-ii
60,Permutation Sequence,"Math, Backtracking",38.6%,Hard,2.64216,https://leetcode.com/problems/permutation-sequence
61,Rotate List,"Linked List, Two Pointers",30.2%,Medium,37.4204,https://leetcode.com/problems/rotate-list
62,Unique Paths,"Array, Dynamic Programming",54.4%,Medium,18.9812,https://leetcode.com/problems/unique-paths
63,Unique Paths II,"Array, Dynamic Programming",34.7%,Medium,10.0097,https://leetcode.com/problems/unique-paths-ii
64,Minimum Path Sum,"Array, Dynamic Programming",54.8%,Medium,18.7378,https://leetcode.com/problems/minimum-path-sum
65,Valid Number,"Math, String",15.4%,Hard,8.02752,https://leetcode.com/problems/valid-number
67,Add Binary,"Math, String",45.5%,Easy,5.58864,https://leetcode.com/problems/add-binary
68,Text Justification,String,28.0%,Hard,25.207,https://leetcode.com/problems/text-justification
69,Sqrt(x),"Math, Binary Search",34.1%,Easy,22.6203,https://leetcode.com/problems/sqrtx
70,Climbing Stairs,Dynamic Programming,47.9%,Easy,22.7233,https://leetcode.com/problems/climbing-stairs
71,Simplify Path,"String, Stack",32.8%,Medium,47.5072,https://leetcode.com/problems/simplify-path
72,Edit Distance,"String, Dynamic Programming",45.1%,Hard,43.8697,https://leetcode.com/problems/edit-distance
73,Set Matrix Zeroes,Array,43.3%,Medium,53.5046,https://leetcode.com/problems/set-matrix-zeroes
74,Search a 2D Matrix,"Array, Binary Search",36.6%,Medium,36.2956,https://leetcode.com/problems/search-a-2d-matrix
75,Sort Colors,"Array, Two Pointers, Sort",47.6%,Medium,60.2051,https://leetcode.com/problems/sort-colors
76,Minimum Window Substring,"Hash Table, Two Pointers, String, Sliding Window",34.9%,Hard,44.1068,https://leetcode.com/problems/minimum-window-substring
77,Combinations,Backtracking,55.1%,Medium,16.5283,https://leetcode.com/problems/combinations
78,Subsets,"Array, Backtracking, Bit Manipulation",62.5%,Medium,23.9038,https://leetcode.com/problems/subsets
79,Word Search,"Array, Backtracking",35.8%,Medium,46.0407,https://leetcode.com/problems/word-search
81,Search in Rotated Sorted Array II,"Array, Binary Search",33.0%,Medium,17.6747,https://leetcode.com/problems/search-in-rotated-sorted-array-ii
82,Remove Duplicates from Sorted List II,Linked List,37.1%,Medium,15.0557,https://leetcode.com/problems/remove-duplicates-from-sorted-list-ii
83,Remove Duplicates from Sorted List,Linked List,45.6%,Easy,13.7892,https://leetcode.com/problems/remove-duplicates-from-sorted-list
84,Largest Rectangle in Histogram,"Array, Stack",35.5%,Hard,22.5618,https://leetcode.com/problems/largest-rectangle-in-histogram
85,Maximal Rectangle,"Array, Hash Table, Dynamic Programming, Stack",38.0%,Hard,26.3672,https://leetcode.com/problems/maximal-rectangle
86,Partition List,"Linked List, Two Pointers",41.9%,Medium,18.2143,https://leetcode.com/problems/partition-list
88,Merge Sorted Array,"Array, Two Pointers",39.6%,Easy,73.8981,https://leetcode.com/problems/merge-sorted-array
89,Gray Code,Backtracking,49.3%,Medium,22.5208,https://leetcode.com/problems/gray-code
90,Subsets II,"Array, Backtracking",47.4%,Medium,2.51213,https://leetcode.com/problems/subsets-ii
91,Decode Ways,"String, Dynamic Programming",24.9%,Medium,21.457,https://leetcode.com/problems/decode-ways
92,Reverse Linked List II,Linked List,39.1%,Medium,35.5423,https://leetcode.com/problems/reverse-linked-list-ii
93,Restore IP Addresses,"String, Backtracking",36.0%,Medium,40.1491,https://leetcode.com/problems/restore-ip-addresses
94,Binary Tree Inorder Traversal,"Hash Table, Stack, Tree",63.8%,Medium,25.5169,https://leetcode.com/problems/binary-tree-inorder-traversal
95,Unique Binary Search Trees II,"Dynamic Programming, Tree",41.0%,Medium,8.01985,https://leetcode.com/problems/unique-binary-search-trees-ii
96,Unique Binary Search Trees,"Dynamic Programming, Tree",53.2%,Medium,2.16827,https://leetcode.com/problems/unique-binary-search-trees
97,Interleaving String,"String, Dynamic Programming",31.7%,Hard,7.35826,https://leetcode.com/problems/interleaving-string
98,Validate Binary Search Tree,"Tree, Depth-first Search",27.9%,Medium,58.8892,https://leetcode.com/problems/validate-binary-search-tree
99,Recover Binary Search Tree,"Tree, Depth-first Search",40.0%,Hard,45.8151,https://leetcode.com/problems/recover-binary-search-tree
100,Same Tree,"Tree, Depth-first Search",53.5%,Easy,4.95818,https://leetcode.com/problems/same-tree
101,Symmetric Tree,"Tree, Depth-first Search, Breadth-first Search",47.1%,Easy,12.782,https://leetcode.com/problems/symmetric-tree
102,Binary Tree Level Order Traversal,"Tree, Breadth-first Search",54.9%,Medium,42.7775,https://leetcode.com/problems/binary-tree-level-order-traversal
103,Binary Tree Zigzag Level Order Traversal,"Stack, Tree, Breadth-first Search",48.6%,Medium,82.3017,https://leetcode.com/problems/binary-tree-zigzag-level-order-traversal
104,Maximum Depth of Binary Tree,"Tree, Depth-first Search",66.3%,Easy,7.01387,https://leetcode.com/problems/maximum-depth-of-binary-tree
105,Construct Binary Tree from Preorder and Inorder Traversal,"Array, Tree, Depth-first Search",49.3%,Medium,63.7955,https://leetcode.com/problems/construct-binary-tree-from-preorder-and-inorder-traversal
106,Construct Binary Tree from Inorder and Postorder Traversal,"Array, Tree, Depth-first Search",47.6%,Medium,28.0568,https://leetcode.com/problems/construct-binary-tree-from-inorder-and-postorder-traversal
107,Binary Tree Level Order Traversal II,"Tree, Breadth-first Search",53.8%,Easy,7.81508,https://leetcode.com/problems/binary-tree-level-order-traversal-ii
108,Convert Sorted Array to Binary Search Tree,"Tree, Depth-first Search",58.4%,Easy,11.3751,https://leetcode.com/problems/convert-sorted-array-to-binary-search-tree
109,Convert Sorted List to Binary Search Tree,"Linked List, Depth-first Search",48.1%,Medium,7.85496,https://leetcode.com/problems/convert-sorted-list-to-binary-search-tree
110,Balanced Binary Tree,"Tree, Depth-first Search",43.7%,Easy,20.6592,https://leetcode.com/problems/balanced-binary-tree
111,Minimum Depth of Binary Tree,"Tree, Depth-first Search, Breadth-first Search",37.5%,Easy,1.94265,https://leetcode.com/problems/minimum-depth-of-binary-tree
112,Path Sum,"Tree, Depth-first Search",41.4%,Easy,9.01109,https://leetcode.com/problems/path-sum
113,Path Sum II,"Tree, Depth-first Search",47.1%,Medium,7.50364,https://leetcode.com/problems/path-sum-ii
114,Flatten Binary Tree to Linked List,"Tree, Depth-first Search",49.7%,Medium,21.3976,https://leetcode.com/problems/flatten-binary-tree-to-linked-list
116,Populating Next Right Pointers in Each Node,"Tree, Depth-first Search",45.7%,Medium,67.6136,https://leetcode.com/problems/populating-next-right-pointers-in-each-node
117,Populating Next Right Pointers in Each Node II,"Tree, Depth-first Search",39.5%,Medium,50.5516,https://leetcode.com/problems/populating-next-right-pointers-in-each-node-ii
118,Pascal's Triangle,Array,52.9%,Easy,14.6993,https://leetcode.com/problems/pascals-triangle
120,Triangle,"Array, Dynamic Programming",44.4%,Medium,5.94659,https://leetcode.com/problems/triangle
121,Best Time to Buy and Sell Stock,"Array, Dynamic Programming",50.6%,Easy,57.9041,https://leetcode.com/problems/best-time-to-buy-and-sell-stock
122,Best Time to Buy and Sell Stock II,"Array, Greedy",57.2%,Easy,11.641,https://leetcode.com/problems/best-time-to-buy-and-sell-stock-ii
123,Best Time to Buy and Sell Stock III,"Array, Dynamic Programming",38.6%,Hard,21.5018,https://leetcode.com/problems/best-time-to-buy-and-sell-stock-iii
124,Binary Tree Maximum Path Sum,"Tree, Depth-first Search",34.5%,Hard,28.5219,https://leetcode.com/problems/binary-tree-maximum-path-sum
125,Valid Palindrome,"Two Pointers, String",36.9%,Easy,14.962,https://leetcode.com/problems/valid-palindrome
126,Word Ladder II,"Array, String, Backtracking, Breadth-first Search",22.4%,Hard,32.2407,https://leetcode.com/problems/word-ladder-ii
127,Word Ladder,Breadth-first Search,29.9%,Medium,37.1357,https://leetcode.com/problems/word-ladder
128,Longest Consecutive Sequence,"Array, Union Find",45.3%,Hard,34.1282,https://leetcode.com/problems/longest-consecutive-sequence
129,Sum Root to Leaf Numbers,"Tree, Depth-first Search",49.4%,Medium,7.14883,https://leetcode.com/problems/sum-root-to-leaf-numbers
131,Palindrome Partitioning,Backtracking,48.0%,Medium,3.5999,https://leetcode.com/problems/palindrome-partitioning
133,Clone Graph,"Depth-first Search, Breadth-first Search, Graph",35.4%,Medium,32.7339,https://leetcode.com/problems/clone-graph
134,Gas Station,Greedy,38.8%,Medium,58.6336,https://leetcode.com/problems/gas-station
135,Candy,Greedy,31.8%,Hard,31.7599,https://leetcode.com/problems/candy
136,Single Number,"Hash Table, Bit Manipulation",65.7%,Easy,9.10867,https://leetcode.com/problems/single-number
138,Copy List with Random Pointer,"Hash Table, Linked List",37.0%,Medium,100.0,https://leetcode.com/problems/copy-list-with-random-pointer
139,Word Break,Dynamic Programming,40.3%,Medium,42.1035,https://leetcode.com/problems/word-break
140,Word Break II,"Dynamic Programming, Backtracking",32.9%,Hard,46.8675,https://leetcode.com/problems/word-break-ii
141,Linked List Cycle,"Linked List, Two Pointers",41.4%,Easy,46.0543,https://leetcode.com/problems/linked-list-cycle
142,Linked List Cycle II,"Linked List, Two Pointers",37.6%,Medium,30.326,https://leetcode.com/problems/linked-list-cycle-ii
143,Reorder List,Linked List,39.0%,Medium,15.4155,https://leetcode.com/problems/reorder-list
144,Binary Tree Preorder Traversal,"Stack, Tree",56.0%,Medium,2.11931,https://leetcode.com/problems/binary-tree-preorder-traversal
145,Binary Tree Postorder Traversal,"Stack, Tree",55.4%,Medium,2.55826,https://leetcode.com/problems/binary-tree-postorder-traversal
146,LRU Cache,Design,33.5%,Medium,90.4102,https://leetcode.com/problems/lru-cache
147,Insertion Sort List,"Linked List, Sort",41.3%,Medium,9.33645,https://leetcode.com/problems/insertion-sort-list
148,Sort List,"Linked List, Sort",42.9%,Medium,31.072,https://leetcode.com/problems/sort-list
149,Max Points on a Line,"Hash Table, Math",17.0%,Hard,43.1241,https://leetcode.com/problems/max-points-on-a-line
150,Evaluate Reverse Polish Notation,Stack,36.6%,Medium,22.8746,https://leetcode.com/problems/evaluate-reverse-polish-notation
151,Reverse Words in a String,String,22.1%,Medium,96.8034,https://leetcode.com/problems/reverse-words-in-a-string
152,Maximum Product Subarray,"Array, Dynamic Programming",31.8%,Medium,22.0164,https://leetcode.com/problems/maximum-product-subarray
153,Find Minimum in Rotated Sorted Array,"Array, Binary Search",45.2%,Medium,44.8198,https://leetcode.com/problems/find-minimum-in-rotated-sorted-array
155,Min Stack,"Stack, Design",44.8%,Easy,40.7571,https://leetcode.com/problems/min-stack
158,Read N Characters Given Read4 II - Call multiple times,String,34.2%,Hard,5.06636,https://leetcode.com/problems/read-n-characters-given-read4-ii-call-multiple-times
159,Longest Substring with At Most Two Distinct Characters,"Hash Table, Two Pointers, String, Sliding Window",49.5%,Medium,11.0887,https://leetcode.com/problems/longest-substring-with-at-most-two-distinct-characters
160,Intersection of Two Linked Lists,Linked List,41.1%,Easy,42.9808,https://leetcode.com/problems/intersection-of-two-linked-lists
161,One Edit Distance,String,32.3%,Medium,17.6431,https://leetcode.com/problems/one-edit-distance
162,Find Peak Element,"Array, Binary Search",43.4%,Medium,11.0074,https://leetcode.com/problems/find-peak-element
165,Compare Version Numbers,String,27.6%,Medium,78.7966,https://leetcode.com/problems/compare-version-numbers
166,Fraction to Recurring Decimal,"Hash Table, Math",21.7%,Medium,8.34731,https://leetcode.com/problems/fraction-to-recurring-decimal
167,Two Sum II - Input array is sorted,"Array, Two Pointers, Binary Search",54.3%,Easy,12.2182,https://leetcode.com/problems/two-sum-ii-input-array-is-sorted
168,Excel Sheet Column Title,Math,31.2%,Easy,57.3245,https://leetcode.com/problems/excel-sheet-column-title
169,Majority Element,"Array, Divide and Conquer, Bit Manipulation",58.9%,Easy,24.7728,https://leetcode.com/problems/majority-element
171,Excel Sheet Column Number,Math,56.2%,Easy,22.91,https://leetcode.com/problems/excel-sheet-column-number
172,Factorial Trailing Zeroes,Math,37.8%,Easy,9.1986,https://leetcode.com/problems/factorial-trailing-zeroes
173,Binary Search Tree Iterator,"Stack, Tree, Design",57.1%,Medium,42.8243,https://leetcode.com/problems/binary-search-tree-iterator
174,Dungeon Game,"Binary Search, Dynamic Programming",32.5%,Hard,35.5519,https://leetcode.com/problems/dungeon-game
176,Second Highest Salary,,31.9%,Easy,4.14885,https://leetcode.com/problems/second-highest-salary
179,Largest Number,Sort,29.0%,Medium,33.0513,https://leetcode.com/problems/largest-number
186,Reverse Words in a String II,String,43.7%,Medium,75.6778,https://leetcode.com/problems/reverse-words-in-a-string-ii
187,Repeated DNA Sequences,"Hash Table, Bit Manipulation",39.0%,Medium,8.37235,https://leetcode.com/problems/repeated-dna-sequences
189,Rotate Array,Array,35.0%,Easy,26.9856,https://leetcode.com/problems/rotate-array
191,Number of 1 Bits,Bit Manipulation,50.3%,Easy,18.9694,https://leetcode.com/problems/number-of-1-bits
198,House Robber,Dynamic Programming,42.1%,Easy,6.82712,https://leetcode.com/problems/house-robber
199,Binary Tree Right Side View,"Tree, Depth-first Search, Breadth-first Search",54.4%,Medium,13.9723,https://leetcode.com/problems/binary-tree-right-side-view
200,Number of Islands,"Depth-first Search, Breadth-first Search, Union Find",47.1%,Medium,77.9766,https://leetcode.com/problems/number-of-islands
202,Happy Number,"Hash Table, Math",50.6%,Easy,6.49655,https://leetcode.com/problems/happy-number
203,Remove Linked List Elements,Linked List,38.8%,Easy,3.94114,https://leetcode.com/problems/remove-linked-list-elements
204,Count Primes,"Hash Table, Math",31.6%,Easy,32.111,https://leetcode.com/problems/count-primes
205,Isomorphic Strings,Hash Table,39.9%,Easy,5.19911,https://leetcode.com/problems/isomorphic-strings
206,Reverse Linked List,Linked List,63.0%,Easy,78.0839,https://leetcode.com/problems/reverse-linked-list
207,Course Schedule,"Depth-first Search, Breadth-first Search, Graph, Topological Sort",43.3%,Medium,20.3279,https://leetcode.com/problems/course-schedule
208,Implement Trie (Prefix Tree),"Design, Trie",49.9%,Medium,46.6944,https://leetcode.com/problems/implement-trie-prefix-tree
209,Minimum Size Subarray Sum,"Array, Two Pointers, Binary Search",38.4%,Medium,4.76655,https://leetcode.com/problems/minimum-size-subarray-sum
210,Course Schedule II,"Depth-first Search, Breadth-first Search, Graph, Topological Sort",41.0%,Medium,13.9954,https://leetcode.com/problems/course-schedule-ii
211,Design Add and Search Words Data Structure,"Backtracking, Design, Trie",38.3%,Medium,0.922832,https://leetcode.com/problems/design-add-and-search-words-data-structure
212,Word Search II,"Backtracking, Trie",35.1%,Hard,48.9029,https://leetcode.com/problems/word-search-ii
213,House Robber II,Dynamic Programming,36.5%,Medium,2.57966,https://leetcode.com/problems/house-robber-ii
214,Shortest Palindrome,String,29.9%,Hard,14.6093,https://leetcode.com/problems/shortest-palindrome
215,Kth Largest Element in an Array,"Divide and Conquer, Heap",55.8%,Medium,28.9934,https://leetcode.com/problems/kth-largest-element-in-an-array
216,Combination Sum III,"Array, Backtracking",56.9%,Medium,5.55602,https://leetcode.com/problems/combination-sum-iii
217,Contains Duplicate,"Array, Hash Table",56.2%,Easy,2.74402,https://leetcode.com/problems/contains-duplicate
218,The Skyline Problem,"Divide and Conquer, Heap, Binary Indexed Tree, Segment Tree, Line Sweep",34.7%,Hard,73.8628,https://leetcode.com/problems/the-skyline-problem
219,Contains Duplicate II,"Array, Hash Table",37.9%,Easy,3.34021,https://leetcode.com/problems/contains-duplicate-ii
220,Contains Duplicate III,"Sort, Ordered Map",21.4%,Medium,0.19498,https://leetcode.com/problems/contains-duplicate-iii
221,Maximal Square,Dynamic Programming,37.8%,Medium,7.61031,https://leetcode.com/problems/maximal-square
222,Count Complete Tree Nodes,"Binary Search, Tree",47.2%,Medium,4.24926,https://leetcode.com/problems/count-complete-tree-nodes
224,Basic Calculator,"Math, Stack",37.1%,Hard,49.9357,https://leetcode.com/problems/basic-calculator
225,Implement Stack using Queues,"Stack, Design",45.7%,Easy,24.8426,https://leetcode.com/problems/implement-stack-using-queues
226,Invert Binary Tree,Tree,65.3%,Easy,8.1203,https://leetcode.com/problems/invert-binary-tree
227,Basic Calculator II,String,37.1%,Medium,33.0911,https://leetcode.com/problems/basic-calculator-ii
228,Summary Ranges,Array,39.7%,Medium,15.0142,https://leetcode.com/problems/summary-ranges
229,Majority Element II,Array,35.8%,Medium,33.5373,https://leetcode.com/problems/majority-element-ii
230,Kth Smallest Element in a BST,"Binary Search, Tree",60.6%,Medium,14.1202,https://leetcode.com/problems/kth-smallest-element-in-a-bst
231,Power of Two,"Math, Bit Manipulation",43.7%,Easy,6.02838,https://leetcode.com/problems/power-of-two
232,Implement Queue using Stacks,"Stack, Design",50.1%,Easy,44.019,https://leetcode.com/problems/implement-queue-using-stacks
234,Palindrome Linked List,"Linked List, Two Pointers",39.5%,Easy,32.4281,https://leetcode.com/problems/palindrome-linked-list
235,Lowest Common Ancestor of a Binary Search Tree,Tree,50.2%,Easy,53.277,https://leetcode.com/problems/lowest-common-ancestor-of-a-binary-search-tree
236,Lowest Common Ancestor of a Binary Tree,Tree,46.2%,Medium,67.0749,https://leetcode.com/problems/lowest-common-ancestor-of-a-binary-tree
237,Delete Node in a Linked List,Linked List,64.4%,Easy,22.3046,https://leetcode.com/problems/delete-node-in-a-linked-list
238,Product of Array Except Self,Array,60.3%,Medium,38.7121,https://leetcode.com/problems/product-of-array-except-self
239,Sliding Window Maximum,"Heap, Sliding Window",43.4%,Hard,29.6127,https://leetcode.com/problems/sliding-window-maximum
240,Search a 2D Matrix II,"Binary Search, Divide and Conquer",43.3%,Medium,70.4993,https://leetcode.com/problems/search-a-2d-matrix-ii
242,Valid Anagram,"Hash Table, Sort",57.1%,Easy,21.321,https://leetcode.com/problems/valid-anagram
243,Shortest Word Distance,Array,61.1%,Easy,6.09345,https://leetcode.com/problems/shortest-word-distance
252,Meeting Rooms,Sort,54.7%,Easy,23.775,https://leetcode.com/problems/meeting-rooms
253,Meeting Rooms II,"Heap, Greedy, Sort",45.8%,Medium,68.0943,https://leetcode.com/problems/meeting-rooms-ii
256,Paint House,Dynamic Programming,52.2%,Easy,2.17791,https://leetcode.com/problems/paint-house
257,Binary Tree Paths,"Tree, Depth-first Search",51.8%,Easy,6.66421,https://leetcode.com/problems/binary-tree-paths
258,Add Digits,Math,57.8%,Easy,6.59099,https://leetcode.com/problems/add-digits
266,Palindrome Permutation,Hash Table,62.0%,Easy,10.5631,https://leetcode.com/problems/palindrome-permutation
267,Palindrome Permutation II,Backtracking,36.5%,Medium,13.1583,https://leetcode.com/problems/palindrome-permutation-ii
268,Missing Number,"Array, Math, Bit Manipulation",51.9%,Easy,28.9131,https://leetcode.com/problems/missing-number
269,Alien Dictionary,"Graph, Topological Sort",33.3%,Hard,23.8769,https://leetcode.com/problems/alien-dictionary
270,Closest Binary Search Tree Value,"Binary Search, Tree",48.7%,Easy,5.02143,https://leetcode.com/problems/closest-binary-search-tree-value
271,Encode and Decode Strings,String,31.7%,Medium,6.71097,https://leetcode.com/problems/encode-and-decode-strings
273,Integer to English Words,"Math, String",27.2%,Hard,89.5943,https://leetcode.com/problems/integer-to-english-words
277,Find the Celebrity,Array,42.1%,Medium,82.9851,https://leetcode.com/problems/find-the-celebrity
278,First Bad Version,Binary Search,36.0%,Easy,1.97951,https://leetcode.com/problems/first-bad-version
279,Perfect Squares,"Math, Dynamic Programming, Breadth-first Search",47.6%,Medium,3.85751,https://leetcode.com/problems/perfect-squares
280,Wiggle Sort,"Array, Sort",63.9%,Medium,11.4356,https://leetcode.com/problems/wiggle-sort
281,Zigzag Iterator,Design,58.6%,Medium,14.7308,https://leetcode.com/problems/zigzag-iterator
282,Expression Add Operators,Divide and Conquer,35.7%,Hard,5.43581,https://leetcode.com/problems/expression-add-operators
283,Move Zeroes,"Array, Two Pointers",58.0%,Easy,28.4563,https://leetcode.com/problems/move-zeroes
284,Peeking Iterator,Design,46.1%,Medium,4.96449,https://leetcode.com/problems/peeking-iterator
285,Inorder Successor in BST,Tree,40.8%,Medium,44.9707,https://leetcode.com/problems/inorder-successor-in-bst
286,Walls and Gates,Breadth-first Search,54.9%,Medium,14.0325,https://leetcode.com/problems/walls-and-gates
287,Find the Duplicate Number,"Array, Two Pointers, Binary Search",55.9%,Medium,29.8864,https://leetcode.com/problems/find-the-duplicate-number
289,Game of Life,Array,54.9%,Medium,21.4755,https://leetcode.com/problems/game-of-life
290,Word Pattern,Hash Table,37.1%,Easy,4.54855,https://leetcode.com/problems/word-pattern
295,Find Median from Data Stream,"Heap, Design",44.8%,Hard,46.7787,https://leetcode.com/problems/find-median-from-data-stream
297,Serialize and Deserialize Binary Tree,"Tree, Design",47.8%,Hard,68.7676,https://leetcode.com/problems/serialize-and-deserialize-binary-tree
299,Bulls and Cows,Hash Table,42.5%,Easy,4.57043,https://leetcode.com/problems/bulls-and-cows
300,Longest Increasing Subsequence,"Binary Search, Dynamic Programming",42.7%,Medium,15.9701,https://leetcode.com/problems/longest-increasing-subsequence
303,Range Sum Query - Immutable,Dynamic Programming,45.2%,Easy,1.26541,https://leetcode.com/problems/range-sum-query-immutable
304,Range Sum Query 2D - Immutable,Dynamic Programming,38.9%,Medium,17.3049,https://leetcode.com/problems/range-sum-query-2d-immutable
305,Number of Islands II,Union Find,40.0%,Hard,2.83688,https://leetcode.com/problems/number-of-islands-ii
308,Range Sum Query 2D - Mutable,"Binary Indexed Tree, Segment Tree",36.0%,Hard,5.16004,https://leetcode.com/problems/range-sum-query-2d-mutable
311,Sparse Matrix Multiplication,Hash Table,62.2%,Medium,4.15838,https://leetcode.com/problems/sparse-matrix-multiplication
314,Binary Tree Vertical Order Traversal,"Depth-first Search, Breadth-first Search",45.5%,Medium,9.34677,https://leetcode.com/problems/binary-tree-vertical-order-traversal
315,Count of Smaller Numbers After Self,"Binary Search, Divide and Conquer, Sort, Binary Indexed Tree, Segment Tree",41.7%,Hard,8.44441,https://leetcode.com/problems/count-of-smaller-numbers-after-self
316,Remove Duplicate Letters,"Stack, Greedy",36.1%,Hard,10.1771,https://leetcode.com/problems/remove-duplicate-letters
317,Shortest Distance from All Buildings,Breadth-first Search,41.7%,Hard,7.30478,https://leetcode.com/problems/shortest-distance-from-all-buildings
322,Coin Change,Dynamic Programming,35.8%,Medium,34.9547,https://leetcode.com/problems/coin-change
323,Number of Connected Components in an Undirected Graph,"Depth-first Search, Breadth-first Search, Union Find, Graph",56.3%,Medium,2.65668,https://leetcode.com/problems/number-of-connected-components-in-an-undirected-graph
325,Maximum Size Subarray Sum Equals k,Hash Table,46.8%,Medium,4.15424,https://leetcode.com/problems/maximum-size-subarray-sum-equals-k
328,Odd Even Linked List,Linked List,56.0%,Medium,29.0383,https://leetcode.com/problems/odd-even-linked-list
329,Longest Increasing Path in a Matrix,"Depth-first Search, Topological Sort, Memoization",43.6%,Hard,5.83438,https://leetcode.com/problems/longest-increasing-path-in-a-matrix
332,Reconstruct Itinerary,"Depth-first Search, Graph",36.9%,Medium,8.97881,https://leetcode.com/problems/reconstruct-itinerary
333,Largest BST Subtree,Tree,36.0%,Medium,10.7383,https://leetcode.com/problems/largest-bst-subtree
338,Counting Bits,"Dynamic Programming, Bit Manipulation",69.7%,Medium,1.06639,https://leetcode.com/problems/counting-bits
340,Longest Substring with At Most K Distinct Characters,"Hash Table, String, Sliding Window",44.3%,Hard,20.7579,https://leetcode.com/problems/longest-substring-with-at-most-k-distinct-characters
341,Flatten Nested List Iterator,"Stack, Design",53.1%,Medium,6.67477,https://leetcode.com/problems/flatten-nested-list-iterator
344,Reverse String,"Two Pointers, String",68.8%,Easy,48.3085,https://leetcode.com/problems/reverse-string
346,Moving Average from Data Stream,"Design, Queue",71.3%,Easy,32.2929,https://leetcode.com/problems/moving-average-from-data-stream
347,Top K Frequent Elements,"Hash Table, Heap",61.4%,Medium,22.0391,https://leetcode.com/problems/top-k-frequent-elements
348,Design Tic-Tac-Toe,Design,54.6%,Medium,82.3315,https://leetcode.com/problems/design-tic-tac-toe
349,Intersection of Two Arrays,"Hash Table, Two Pointers, Binary Search, Sort",62.9%,Easy,6.98323,https://leetcode.com/problems/intersection-of-two-arrays
350,Intersection of Two Arrays II,"Hash Table, Two Pointers, Binary Search, Sort",51.5%,Easy,1.57045,https://leetcode.com/problems/intersection-of-two-arrays-ii
354,Russian Doll Envelopes,"Binary Search, Dynamic Programming",35.6%,Hard,6.63784,https://leetcode.com/problems/russian-doll-envelopes
358,Rearrange String k Distance Apart,"Hash Table, Heap, Greedy",35.1%,Hard,14.4443,https://leetcode.com/problems/rearrange-string-k-distance-apart
359,Logger Rate Limiter,"Hash Table, Design",70.9%,Easy,1.72953,https://leetcode.com/problems/logger-rate-limiter
362,Design Hit Counter,Design,63.9%,Medium,19.0212,https://leetcode.com/problems/design-hit-counter
365,Water and Jug Problem,Math,30.6%,Medium,3.7561,https://leetcode.com/problems/water-and-jug-problem
367,Valid Perfect Square,"Math, Binary Search",41.7%,Easy,4.73307,https://leetcode.com/problems/valid-perfect-square
373,Find K Pairs with Smallest Sums,Heap,36.9%,Medium,4.03962,https://leetcode.com/problems/find-k-pairs-with-smallest-sums
378,Kth Smallest Element in a Sorted Matrix,"Binary Search, Heap",54.6%,Medium,21.329,https://leetcode.com/problems/kth-smallest-element-in-a-sorted-matrix
379,Design Phone Directory,"Linked List, Design",46.9%,Medium,15.2268,https://leetcode.com/problems/design-phone-directory
380,Insert Delete GetRandom O(1),"Array, Hash Table, Design",47.7%,Medium,26.7421,https://leetcode.com/problems/insert-delete-getrandom-o1
381,Insert Delete GetRandom O(1) - Duplicates allowed,"Array, Hash Table, Design",34.2%,Hard,2.30944,https://leetcode.com/problems/insert-delete-getrandom-o1-duplicates-allowed
383,Ransom Note,String,53.1%,Easy,8.2778,https://leetcode.com/problems/ransom-note
384,Shuffle an Array,,52.9%,Medium,39.4317,https://leetcode.com/problems/shuffle-an-array
387,First Unique Character in a String,"Hash Table, String",53.4%,Easy,15.8469,https://leetcode.com/problems/first-unique-character-in-a-string
393,UTF-8 Validation,Bit Manipulation,37.6%,Medium,5.14916,https://leetcode.com/problems/utf-8-validation
394,Decode String,"Stack, Depth-first Search",50.4%,Medium,20.2119,https://leetcode.com/problems/decode-string
397,Integer Replacement,"Math, Bit Manipulation",33.0%,Medium,8.7739,https://leetcode.com/problems/integer-replacement
399,Evaluate Division,"Union Find, Graph",51.9%,Medium,3.70768,https://leetcode.com/problems/evaluate-division
402,Remove K Digits,"Stack, Greedy",28.4%,Medium,62.4034,https://leetcode.com/problems/remove-k-digits
403,Frog Jump,Dynamic Programming,40.0%,Hard,26.4162,https://leetcode.com/problems/frog-jump
405,Convert a Number to Hexadecimal,Bit Manipulation,44.0%,Easy,8.67267,https://leetcode.com/problems/convert-a-number-to-hexadecimal
406,Queue Reconstruction by Height,Greedy,67.0%,Medium,3.021,https://leetcode.com/problems/queue-reconstruction-by-height
407,Trapping Rain Water II,"Heap, Breadth-first Search",42.6%,Hard,16.6061,https://leetcode.com/problems/trapping-rain-water-ii
412,Fizz Buzz,,63.2%,Easy,5.51597,https://leetcode.com/problems/fizz-buzz
413,Arithmetic Slices,"Math, Dynamic Programming",58.0%,Medium,12.1979,https://leetcode.com/problems/arithmetic-slices
414,Third Maximum Number,Array,30.5%,Easy,2.04166,https://leetcode.com/problems/third-maximum-number
415,Add Strings,String,47.7%,Easy,15.2169,https://leetcode.com/problems/add-strings
416,Partition Equal Subset Sum,Dynamic Programming,43.9%,Medium,5.59896,https://leetcode.com/problems/partition-equal-subset-sum
417,Pacific Atlantic Water Flow,"Depth-first Search, Breadth-first Search",41.4%,Medium,19.7468,https://leetcode.com/problems/pacific-atlantic-water-flow
419,Battleships in a Board,,70.2%,Medium,63.4414,https://leetcode.com/problems/battleships-in-a-board
426,Convert Binary Search Tree to Sorted Doubly Linked List,"Linked List, Divide and Conquer, Tree",59.4%,Medium,14.1186,https://leetcode.com/problems/convert-binary-search-tree-to-sorted-doubly-linked-list
428,Serialize and Deserialize N-ary Tree,Tree,59.6%,Hard,53.5237,https://leetcode.com/problems/serialize-and-deserialize-n-ary-tree
430,Flatten a Multilevel Doubly Linked List,"Linked List, Depth-first Search",55.6%,Medium,13.4028,https://leetcode.com/problems/flatten-a-multilevel-doubly-linked-list
431,Encode N-ary Tree to Binary Tree,Tree,71.0%,Hard,7.25038,https://leetcode.com/problems/encode-n-ary-tree-to-binary-tree
432,All O`one Data Structure,Design,32.5%,Hard,13.7992,https://leetcode.com/problems/all-oone-data-structure
435,Non-overlapping Intervals,Greedy,43.4%,Medium,1.35905,https://leetcode.com/problems/non-overlapping-intervals
437,Path Sum III,Tree,47.3%,Medium,0.789377,https://leetcode.com/problems/path-sum-iii
438,Find All Anagrams in a String,Hash Table,43.6%,Medium,8.88436,https://leetcode.com/problems/find-all-anagrams-in-a-string
442,Find All Duplicates in an Array,Array,67.9%,Medium,10.4386,https://leetcode.com/problems/find-all-duplicates-in-an-array
443,String Compression,String,41.5%,Easy,53.4862,https://leetcode.com/problems/string-compression
445,Add Two Numbers II,Linked List,54.8%,Medium,66.6364,https://leetcode.com/problems/add-two-numbers-ii
448,Find All Numbers Disappeared in an Array,Array,56.0%,Easy,9.20497,https://leetcode.com/problems/find-all-numbers-disappeared-in-an-array
449,Serialize and Deserialize BST,Tree,52.3%,Medium,41.0504,https://leetcode.com/problems/serialize-and-deserialize-bst
450,Delete Node in a BST,Tree,44.3%,Medium,19.6353,https://leetcode.com/problems/delete-node-in-a-bst
452,Minimum Number of Arrows to Burst Balloons,Greedy,49.7%,Medium,0.715137,https://leetcode.com/problems/minimum-number-of-arrows-to-burst-balloons
457,Circular Array Loop,"Array, Two Pointers",29.4%,Medium,28.2841,https://leetcode.com/problems/circular-array-loop
459,Repeated Substring Pattern,String,43.1%,Easy,0.112065,https://leetcode.com/problems/repeated-substring-pattern
460,LFU Cache,Design,34.5%,Hard,21.6485,https://leetcode.com/problems/lfu-cache
463,Island Perimeter,Hash Table,65.8%,Easy,6.60535,https://leetcode.com/problems/island-perimeter
468,Validate IP Address,String,24.2%,Medium,30.3781,https://leetcode.com/problems/validate-ip-address
470,Implement Rand10() Using Rand7(),"Random, Rejection Sampling",45.7%,Medium,1.17174,https://leetcode.com/problems/implement-rand10-using-rand7
472,Concatenated Words,"Dynamic Programming, Depth-first Search, Trie",44.1%,Hard,1.41584,https://leetcode.com/problems/concatenated-words
480,Sliding Window Median,Sliding Window,37.5%,Hard,3.42979,https://leetcode.com/problems/sliding-window-median
485,Max Consecutive Ones,Array,54.3%,Easy,0.662062,https://leetcode.com/problems/max-consecutive-ones
489,Robot Room Cleaner,Depth-first Search,70.8%,Hard,1.36416,https://leetcode.com/problems/robot-room-cleaner
490,The Maze,"Depth-first Search, Breadth-first Search",52.1%,Medium,10.0132,https://leetcode.com/problems/the-maze
493,Reverse Pairs,"Binary Search, Divide and Conquer, Sort, Binary Indexed Tree, Segment Tree",25.3%,Hard,12.2455,https://leetcode.com/problems/reverse-pairs
494,Target Sum,"Dynamic Programming, Depth-first Search",46.1%,Medium,1.60366,https://leetcode.com/problems/target-sum
496,Next Greater Element I,Stack,64.2%,Easy,0.567014,https://leetcode.com/problems/next-greater-element-i
498,Diagonal Traverse,,48.4%,Medium,8.06497,https://leetcode.com/problems/diagonal-traverse
503,Next Greater Element II,Stack,56.8%,Medium,1.81388,https://leetcode.com/problems/next-greater-element-ii
509,Fibonacci Number,Array,67.2%,Easy,5.50322,https://leetcode.com/problems/fibonacci-number
510,Inorder Successor in BST II,Tree,58.3%,Medium,27.7081,https://leetcode.com/problems/inorder-successor-in-bst-ii
513,Find Bottom Left Tree Value,"Tree, Depth-first Search, Breadth-first Search",61.6%,Medium,0.0,https://leetcode.com/problems/find-bottom-left-tree-value
515,Find Largest Value in Each Tree Row,"Tree, Depth-first Search, Breadth-first Search",61.3%,Medium,2.61428,https://leetcode.com/problems/find-largest-value-in-each-tree-row
516,Longest Palindromic Subsequence,Dynamic Programming,53.6%,Medium,21.1393,https://leetcode.com/problems/longest-palindromic-subsequence
518,Coin Change 2,,50.4%,Medium,14.0,https://leetcode.com/problems/coin-change-2
523,Continuous Subarray Sum,"Math, Dynamic Programming",24.6%,Medium,5.20157,https://leetcode.com/problems/continuous-subarray-sum
525,Contiguous Array,Hash Table,42.9%,Medium,3.1382,https://leetcode.com/problems/contiguous-array
528,Random Pick with Weight,"Binary Search, Random",44.1%,Medium,9.77285,https://leetcode.com/problems/random-pick-with-weight
529,Minesweeper,"Depth-first Search, Breadth-first Search",59.4%,Medium,25.7053,https://leetcode.com/problems/minesweeper
532,K-diff Pairs in an Array,"Array, Two Pointers",31.7%,Easy,2.45473,https://leetcode.com/problems/k-diff-pairs-in-an-array
535,Encode and Decode TinyURL,"Hash Table, Math",80.0%,Medium,62.4548,https://leetcode.com/problems/encode-and-decode-tinyurl
540,Single Element in a Sorted Array,,57.9%,Medium,9.20539,https://leetcode.com/problems/single-element-in-a-sorted-array
541,Reverse String II,String,48.5%,Easy,1.43576,https://leetcode.com/problems/reverse-string-ii
543,Diameter of Binary Tree,Tree,48.6%,Easy,12.9226,https://leetcode.com/problems/diameter-of-binary-tree
545,Boundary of Binary Tree,Tree,39.1%,Medium,54.7516,https://leetcode.com/problems/boundary-of-binary-tree
547,Friend Circles,"Depth-first Search, Union Find",58.9%,Medium,3.58832,https://leetcode.com/problems/friend-circles
556,Next Greater Element III,String,31.8%,Medium,10.5377,https://leetcode.com/problems/next-greater-element-iii
557,Reverse Words in a String III,String,70.2%,Easy,62.7125,https://leetcode.com/problems/reverse-words-in-a-string-iii
560,Subarray Sum Equals K,"Array, Hash Table",43.8%,Medium,17.1802,https://leetcode.com/problems/subarray-sum-equals-k
564,Find the Closest Palindrome,String,19.8%,Hard,35.1705,https://leetcode.com/problems/find-the-closest-palindrome
567,Permutation in String,"Two Pointers, Sliding Window",44.4%,Medium,8.77126,https://leetcode.com/problems/permutation-in-string
568,Maximum Vacation Days,Dynamic Programming,41.0%,Hard,6.2828,https://leetcode.com/problems/maximum-vacation-days
572,Subtree of Another Tree,Tree,44.2%,Easy,13.4689,https://leetcode.com/problems/subtree-of-another-tree
575,Distribute Candies,Hash Table,61.4%,Easy,0.730497,https://leetcode.com/problems/distribute-candies
591,Tag Validator,"String, Stack",34.4%,Hard,33.4915,https://leetcode.com/problems/tag-validator
606,Construct String from Binary Tree,"String, Tree",54.2%,Easy,2.22747,https://leetcode.com/problems/construct-string-from-binary-tree
609,Find Duplicate File in System,"Hash Table, String",59.8%,Medium,3.93957,https://leetcode.com/problems/find-duplicate-file-in-system
611,Valid Triangle Number,Array,48.5%,Medium,7.91041,https://leetcode.com/problems/valid-triangle-number
612,Shortest Distance in a Plane,,59.7%,Medium,2.80035,https://leetcode.com/problems/shortest-distance-in-a-plane
621,Task Scheduler,"Array, Greedy, Queue",50.4%,Medium,10.1016,https://leetcode.com/problems/task-scheduler
622,Design Circular Queue,"Design, Queue",44.1%,Medium,17.5369,https://leetcode.com/problems/design-circular-queue
630,Course Schedule III,Greedy,33.5%,Hard,1.65206,https://leetcode.com/problems/course-schedule-iii
631,Design Excel Sum Formula,Design,31.7%,Hard,0.0,https://leetcode.com/problems/design-excel-sum-formula
632,Smallest Range Covering Elements from K Lists,"Hash Table, Two Pointers, String",52.7%,Hard,4.29761,https://leetcode.com/problems/smallest-range-covering-elements-from-k-lists
636,Exclusive Time of Functions,Stack,52.1%,Medium,40.9643,https://leetcode.com/problems/exclusive-time-of-functions
642,Design Search Autocomplete System,"Design, Trie",45.0%,Hard,33.6234,https://leetcode.com/problems/design-search-autocomplete-system
647,Palindromic Substrings,"String, Dynamic Programming",60.9%,Medium,15.247,https://leetcode.com/problems/palindromic-substrings
650,2 Keys Keyboard,Dynamic Programming,49.3%,Medium,0.787022,https://leetcode.com/problems/2-keys-keyboard
651,4 Keys Keyboard,"Math, Dynamic Programming, Greedy",52.6%,Medium,19.7523,https://leetcode.com/problems/4-keys-keyboard
652,Find Duplicate Subtrees,Tree,50.4%,Medium,16.5439,https://leetcode.com/problems/find-duplicate-subtrees
653,Two Sum IV - Input is a BST,Tree,55.6%,Easy,3.927,https://leetcode.com/problems/two-sum-iv-input-is-a-bst
654,Maximum Binary Tree,Tree,80.1%,Medium,0.0,https://leetcode.com/problems/maximum-binary-tree
655,Print Binary Tree,Tree,55.1%,Medium,15.6342,https://leetcode.com/problems/print-binary-tree
658,Find K Closest Elements,Binary Search,41.0%,Medium,2.64171,https://leetcode.com/problems/find-k-closest-elements
662,Maximum Width of Binary Tree,Tree,40.7%,Medium,6.68765,https://leetcode.com/problems/maximum-width-of-binary-tree
669,Trim a Binary Search Tree,Tree,63.0%,Easy,23.5197,https://leetcode.com/problems/trim-a-binary-search-tree
670,Maximum Swap,"Array, Math",43.9%,Medium,1.14182,https://leetcode.com/problems/maximum-swap
671,Second Minimum Node In a Binary Tree,Tree,42.7%,Easy,3.01798,https://leetcode.com/problems/second-minimum-node-in-a-binary-tree
672,Bulb Switcher II,Math,50.9%,Medium,0.0,https://leetcode.com/problems/bulb-switcher-ii
674,Longest Continuous Increasing Subsequence,Array,45.9%,Easy,0.477789,https://leetcode.com/problems/longest-continuous-increasing-subsequence
676,Implement Magic Dictionary,"Hash Table, Trie",54.7%,Medium,1.53549,https://leetcode.com/problems/implement-magic-dictionary
679,24 Game,Depth-first Search,46.5%,Hard,34.8837,https://leetcode.com/problems/24-game
680,Valid Palindrome II,String,36.7%,Easy,4.00212,https://leetcode.com/problems/valid-palindrome-ii
681,Next Closest Time,String,45.1%,Medium,7.37494,https://leetcode.com/problems/next-closest-time
688,Knight Probability in Chessboard,Dynamic Programming,49.2%,Medium,18.0031,https://leetcode.com/problems/knight-probability-in-chessboard
692,Top K Frequent Words,"Hash Table, Heap, Trie",52.1%,Medium,10.9299,https://leetcode.com/problems/top-k-frequent-words
694,Number of Distinct Islands,"Hash Table, Depth-first Search",56.3%,Medium,6.56629,https://leetcode.com/problems/number-of-distinct-islands
695,Max Area of Island,"Array, Depth-first Search",63.0%,Medium,23.0673,https://leetcode.com/problems/max-area-of-island
698,Partition to K Equal Sum Subsets,"Dynamic Programming, Recursion",45.0%,Medium,9.75885,https://leetcode.com/problems/partition-to-k-equal-sum-subsets
701,Insert into a Binary Search Tree,Tree,77.3%,Medium,5.40234,https://leetcode.com/problems/insert-into-a-binary-search-tree
702,Search in a Sorted Array of Unknown Size,Binary Search,67.3%,Medium,22.1351,https://leetcode.com/problems/search-in-a-sorted-array-of-unknown-size
703,Kth Largest Element in a Stream,Heap,49.9%,Easy,2.05049,https://leetcode.com/problems/kth-largest-element-in-a-stream
704,Binary Search,Binary Search,52.3%,Easy,2.86125,https://leetcode.com/problems/binary-search
706,Design HashMap,"Hash Table, Design",61.6%,Easy,38.9999,https://leetcode.com/problems/design-hashmap
707,Design Linked List,"Linked List, Design",24.8%,Medium,2.78204,https://leetcode.com/problems/design-linked-list
708,Insert into a Sorted Circular Linked List,Linked List,31.7%,Medium,6.92915,https://leetcode.com/problems/insert-into-a-sorted-circular-linked-list
716,Max Stack,Design,42.7%,Easy,18.592,https://leetcode.com/problems/max-stack
717,1-bit and 2-bit Characters,Array,48.5%,Easy,3.59326,https://leetcode.com/problems/1-bit-and-2-bit-characters
721,Accounts Merge,"Depth-first Search, Union Find",49.2%,Medium,3.53867,https://leetcode.com/problems/accounts-merge
722,Remove Comments,String,34.7%,Medium,66.9914,https://leetcode.com/problems/remove-comments
724,Find Pivot Index,Array,44.2%,Easy,6.20367,https://leetcode.com/problems/find-pivot-index
727,Minimum Window Subsequence,"Dynamic Programming, Sliding Window",41.9%,Hard,7.15976,https://leetcode.com/problems/minimum-window-subsequence
729,My Calendar I,Array,52.0%,Medium,8.03186,https://leetcode.com/problems/my-calendar-i
733,Flood Fill,Depth-first Search,55.4%,Easy,15.0514,https://leetcode.com/problems/flood-fill
735,Asteroid Collision,Stack,41.1%,Medium,1.4641,https://leetcode.com/problems/asteroid-collision
739,Daily Temperatures,"Hash Table, Stack",63.7%,Medium,2.35664,https://leetcode.com/problems/daily-temperatures
743,Network Delay Time,"Heap, Depth-first Search, Breadth-first Search, Graph",45.0%,Medium,0.388435,https://leetcode.com/problems/network-delay-time
752,Open the Lock,Breadth-first Search,51.9%,Medium,3.67061,https://leetcode.com/problems/open-the-lock
759,Employee Free Time,"Heap, Greedy",66.5%,Hard,11.7179,https://leetcode.com/problems/employee-free-time
767,Reorganize String,"String, Heap, Greedy, Sort",48.9%,Medium,10.3656,https://leetcode.com/problems/reorganize-string
768,Max Chunks To Make Sorted II,Array,49.0%,Hard,10.4936,https://leetcode.com/problems/max-chunks-to-make-sorted-ii
769,Max Chunks To Make Sorted,Array,54.8%,Medium,3.42949,https://leetcode.com/problems/max-chunks-to-make-sorted
772,Basic Calculator III,"String, Stack",41.5%,Hard,18.3698,https://leetcode.com/problems/basic-calculator-iii
773,Sliding Puzzle,Breadth-first Search,59.5%,Hard,4.66255,https://leetcode.com/problems/sliding-puzzle
784,Letter Case Permutation,"Backtracking, Bit Manipulation",65.0%,Medium,5.80776,https://leetcode.com/problems/letter-case-permutation
785,Is Graph Bipartite?,"Depth-first Search, Breadth-first Search, Graph",47.6%,Medium,2.49675,https://leetcode.com/problems/is-graph-bipartite
787,Cheapest Flights Within K Stops,"Dynamic Programming, Heap, Breadth-first Search",39.3%,Medium,1.11733,https://leetcode.com/problems/cheapest-flights-within-k-stops
788,Rotated Digits,String,57.0%,Easy,1.01068,https://leetcode.com/problems/rotated-digits
794,Valid Tic-Tac-Toe State,"Math, Recursion",32.8%,Medium,58.1744,https://leetcode.com/problems/valid-tic-tac-toe-state
796,Rotate String,,49.5%,Easy,1.3119,https://leetcode.com/problems/rotate-string
805,Split Array With Same Average,Math,26.4%,Hard,8.06121,https://leetcode.com/problems/split-array-with-same-average
819,Most Common Word,String,44.9%,Easy,1.95953,https://leetcode.com/problems/most-common-word
828,Count Unique Characters of All Substrings of a Given String,Two Pointers,45.7%,Hard,5.98224,https://leetcode.com/problems/count-unique-characters-of-all-substrings-of-a-given-string
832,Flipping an Image,Array,76.4%,Easy,1.58642,https://leetcode.com/problems/flipping-an-image
833,Find And Replace in String,String,50.6%,Medium,2.55826,https://leetcode.com/problems/find-and-replace-in-string
836,Rectangle Overlap,Math,48.4%,Easy,35.5611,https://leetcode.com/problems/rectangle-overlap
843,Guess the Word,Minimax,46.1%,Hard,3.75899,https://leetcode.com/problems/guess-the-word
844,Backspace String Compare,"Two Pointers, Stack",46.6%,Easy,2.99977,https://leetcode.com/problems/backspace-string-compare
845,Longest Mountain in Array,Two Pointers,37.4%,Medium,1.22862,https://leetcode.com/problems/longest-mountain-in-array
849,Maximize Distance to Closest Person,Array,42.6%,Easy,1.22586,https://leetcode.com/problems/maximize-distance-to-closest-person
852,Peak Index in a Mountain Array,Binary Search,71.7%,Easy,3.49409,https://leetcode.com/problems/peak-index-in-a-mountain-array
863,All Nodes Distance K in Binary Tree,"Tree, Depth-first Search, Breadth-first Search",55.8%,Medium,15.0996,https://leetcode.com/problems/all-nodes-distance-k-in-binary-tree
867,Transpose Matrix,Array,62.7%,Easy,0.785885,https://leetcode.com/problems/transpose-matrix
871,Minimum Number of Refueling Stops,"Dynamic Programming, Heap",31.4%,Hard,0.0,https://leetcode.com/problems/minimum-number-of-refueling-stops
872,Leaf-Similar Trees,"Tree, Depth-first Search",64.5%,Easy,1.03689,https://leetcode.com/problems/leaf-similar-trees
876,Middle of the Linked List,Linked List,68.6%,Easy,1.01494,https://leetcode.com/problems/middle-of-the-linked-list
884,Uncommon Words from Two Sentences,Hash Table,63.4%,Easy,0.930326,https://leetcode.com/problems/uncommon-words-from-two-sentences
885,Spiral Matrix III,Math,69.6%,Medium,19.9414,https://leetcode.com/problems/spiral-matrix-iii
886,Possible Bipartition,"Depth-first Search, Graph",44.3%,Medium,0.0,https://leetcode.com/problems/possible-bipartition
887,Super Egg Drop,"Math, Binary Search, Dynamic Programming",27.1%,Hard,18.0645,https://leetcode.com/problems/super-egg-drop
895,Maximum Frequency Stack,"Hash Table, Stack",61.5%,Hard,1.16796,https://leetcode.com/problems/maximum-frequency-stack
901,Online Stock Span,Stack,60.3%,Medium,0.0,https://leetcode.com/problems/online-stock-span
905,Sort Array By Parity,Array,74.9%,Easy,0.399395,https://leetcode.com/problems/sort-array-by-parity
907,Sum of Subarray Minimums,"Array, Stack",32.7%,Medium,1.60627,https://leetcode.com/problems/sum-of-subarray-minimums
909,Snakes and Ladders,Breadth-first Search,38.8%,Medium,8.04121,https://leetcode.com/problems/snakes-and-ladders
917,Reverse Only Letters,String,58.0%,Easy,11.7358,https://leetcode.com/problems/reverse-only-letters
919,Complete Binary Tree Inserter,Tree,57.5%,Medium,3.75899,https://leetcode.com/problems/complete-binary-tree-inserter
929,Unique Email Addresses,String,67.3%,Easy,0.760324,https://leetcode.com/problems/unique-email-addresses
934,Shortest Bridge,"Depth-first Search, Breadth-first Search",48.6%,Medium,0.770856,https://leetcode.com/problems/shortest-bridge
935,Knight Dialer,Dynamic Programming,45.3%,Medium,10.1952,https://leetcode.com/problems/knight-dialer
938,Range Sum of BST,"Tree, Recursion",81.6%,Easy,0.972979,https://leetcode.com/problems/range-sum-of-bst
939,Minimum Area Rectangle,Hash Table,51.6%,Medium,3.82852,https://leetcode.com/problems/minimum-area-rectangle
950,Reveal Cards In Increasing Order,Array,74.8%,Medium,1.57096,https://leetcode.com/problems/reveal-cards-in-increasing-order
953,Verifying an Alien Dictionary,Hash Table,53.9%,Easy,0.771949,https://leetcode.com/problems/verifying-an-alien-dictionary
958,Check Completeness of a Binary Tree,Tree,52.1%,Medium,10.2287,https://leetcode.com/problems/check-completeness-of-a-binary-tree
969,Pancake Sorting,"Array, Sort",68.2%,Medium,0.570783,https://leetcode.com/problems/pancake-sorting
972,Equal Rational Numbers,Math,41.6%,Hard,0.0,https://leetcode.com/problems/equal-rational-numbers
973,K Closest Points to Origin,"Divide and Conquer, Heap, Sort",64.0%,Medium,3.13133,https://leetcode.com/problems/k-closest-points-to-origin
977,Squares of a Sorted Array,"Array, Two Pointers",72.2%,Easy,1.04468,https://leetcode.com/problems/squares-of-a-sorted-array
979,Distribute Coins in Binary Tree,"Tree, Depth-first Search",69.1%,Medium,3.89592,https://leetcode.com/problems/distribute-coins-in-binary-tree
981,Time Based Key-Value Store,"Hash Table, Binary Search",53.1%,Medium,1.19242,https://leetcode.com/problems/time-based-key-value-store
987,Vertical Order Traversal of a Binary Tree,"Hash Table, Tree",36.5%,Medium,0.747943,https://leetcode.com/problems/vertical-order-traversal-of-a-binary-tree
993,Cousins in Binary Tree,"Tree, Breadth-first Search",52.0%,Easy,9.50396,https://leetcode.com/problems/cousins-in-binary-tree
994,Rotting Oranges,Breadth-first Search,49.3%,Medium,2.85094,https://leetcode.com/problems/rotting-oranges
1004,Max Consecutive Ones III,"Two Pointers, Sliding Window",59.4%,Medium,1.00292,https://leetcode.com/problems/max-consecutive-ones-iii
1006,Clumsy Factorial,Math,53.4%,Medium,0.0,https://leetcode.com/problems/clumsy-factorial
1008,Construct Binary Search Tree from Preorder Traversal,Tree,78.5%,Medium,3.39032,https://leetcode.com/problems/construct-binary-search-tree-from-preorder-traversal
1013,Partition Array Into Three Parts With Equal Sum,Array,51.3%,Easy,0.0,https://leetcode.com/problems/partition-array-into-three-parts-with-equal-sum
1019,Next Greater Node In Linked List,"Linked List, Stack",58.1%,Medium,0.537752,https://leetcode.com/problems/next-greater-node-in-linked-list
1027,Longest Arithmetic Subsequence,Dynamic Programming,52.3%,Medium,1.70232,https://leetcode.com/problems/longest-arithmetic-subsequence
1038,Binary Search Tree to Greater Sum Tree,Binary Search Tree,81.1%,Medium,4.03003,https://leetcode.com/problems/binary-search-tree-to-greater-sum-tree
1044,Longest Duplicate Substring,"Hash Table, Binary Search",31.9%,Hard,16.4506,https://leetcode.com/problems/longest-duplicate-substring
1053,Previous Permutation With One Swap,"Array, Greedy",48.5%,Medium,0.0,https://leetcode.com/problems/previous-permutation-with-one-swap
1060,Missing Element in Sorted Array,Binary Search,54.5%,Medium,2.00621,https://leetcode.com/problems/missing-element-in-sorted-array
1062,Longest Repeating Substring,String,57.4%,Medium,8.06121,https://leetcode.com/problems/longest-repeating-substring
1079,Letter Tile Possibilities,Backtracking,75.4%,Medium,1.79995,https://leetcode.com/problems/letter-tile-possibilities
1091,Shortest Path in Binary Matrix,Breadth-first Search,38.3%,Medium,0.646718,https://leetcode.com/problems/shortest-path-in-binary-matrix
1092,Shortest Common Supersequence,Dynamic Programming,51.9%,Hard,1.20415,https://leetcode.com/problems/shortest-common-supersequence
1093,Statistics from a Large Sample,"Math, Two Pointers",48.4%,Medium,0.0,https://leetcode.com/problems/statistics-from-a-large-sample
1104,Path In Zigzag Labelled Binary Tree,"Math, Tree",72.1%,Medium,2.16061,https://leetcode.com/problems/path-in-zigzag-labelled-binary-tree
1114,Print in Order,,65.9%,Easy,3.18136,https://leetcode.com/problems/print-in-order
1116,Print Zero Even Odd,,56.5%,Medium,2.38309,https://leetcode.com/problems/print-zero-even-odd
1122,Relative Sort Array,"Array, Sort",67.6%,Easy,0.515833,https://leetcode.com/problems/relative-sort-array
1131,Maximum of Absolute Value Expression,"Math, Bit Manipulation",52.8%,Medium,0.0,https://leetcode.com/problems/maximum-of-absolute-value-expression
1136,Parallel Courses,"Dynamic Programming, Depth-first Search, Graph",61.3%,Hard,6.89619,https://leetcode.com/problems/parallel-courses
1143,Longest Common Subsequence,Dynamic Programming,58.4%,Medium,3.83599,https://leetcode.com/problems/longest-common-subsequence
1145,Binary Tree Coloring Game,"Tree, Depth-first Search",51.3%,Medium,1.7038,https://leetcode.com/problems/binary-tree-coloring-game
1155,Number of Dice Rolls With Target Sum,Dynamic Programming,48.6%,Medium,0.983579,https://leetcode.com/problems/number-of-dice-rolls-with-target-sum
1156,Swap For Longest Repeated Character Substring,String,48.5%,Medium,7.43986,https://leetcode.com/problems/swap-for-longest-repeated-character-substring
1185,Day of the Week,Array,63.8%,Easy,8.4172,https://leetcode.com/problems/day-of-the-week
1188,Design Bounded Blocking Queue,,70.6%,Medium,5.37594,https://leetcode.com/problems/design-bounded-blocking-queue
1192,Critical Connections in a Network,Depth-first Search,48.6%,Hard,0.660276,https://leetcode.com/problems/critical-connections-in-a-network
1197,Minimum Knight Moves,Breadth-first Search,36.1%,Medium,7.71591,https://leetcode.com/problems/minimum-knight-moves
1198,Find Smallest Common Element in All Rows,"Hash Table, Binary Search",74.8%,Medium,0.0,https://leetcode.com/problems/find-smallest-common-element-in-all-rows
1206,Design Skiplist,Design,57.2%,Hard,10.0056,https://leetcode.com/problems/design-skiplist
1229,Meeting Scheduler,Line Sweep,53.1%,Medium,1.27319,https://leetcode.com/problems/meeting-scheduler
1236,Web Crawler,"Depth-first Search, Breadth-first Search",64.3%,Medium,7.22617,https://leetcode.com/problems/web-crawler
1239,Maximum Length of a Concatenated String with Unique Characters,"Backtracking, Bit Manipulation",48.0%,Medium,54.203,https://leetcode.com/problems/maximum-length-of-a-concatenated-string-with-unique-characters
1246,Palindrome Removal,Dynamic Programming,45.6%,Hard,21.1432,https://leetcode.com/problems/palindrome-removal
1249,Minimum Remove to Make Valid Parentheses,"String, Stack",63.0%,Medium,0.176113,https://leetcode.com/problems/minimum-remove-to-make-valid-parentheses
1273,Delete Tree Nodes,"Dynamic Programming, Depth-first Search",63.6%,Medium,0.0,https://leetcode.com/problems/delete-tree-nodes
1285,Find the Start and End Number of Continuous Ranges,,84.4%,Medium,0.0,https://leetcode.com/problems/find-the-start-and-end-number-of-continuous-ranges
1304,Find N Unique Integers Sum up to Zero,Array,76.3%,Easy,1.29593,https://leetcode.com/problems/find-n-unique-integers-sum-up-to-zero
1306,Jump Game III,"Breadth-first Search, Graph",60.5%,Medium,0.603337,https://leetcode.com/problems/jump-game-iii
1318,Minimum Flips to Make a OR b Equal to c,Bit Manipulation,62.9%,Medium,0.0,https://leetcode.com/problems/minimum-flips-to-make-a-or-b-equal-to-c
1324,Print Words Vertically,String,57.6%,Medium,2.80758,https://leetcode.com/problems/print-words-vertically
1339,Maximum Product of Splitted Binary Tree,"Dynamic Programming, Tree, Depth-first Search",37.2%,Medium,0.0,https://leetcode.com/problems/maximum-product-of-splitted-binary-tree
1344,Angle Between Hands of a Clock,Math,61.3%,Medium,8.78393,https://leetcode.com/problems/angle-between-hands-of-a-clock
1369,Get the Second Most Recent Activity,,66.0%,Hard,0.0,https://leetcode.com/problems/get-the-second-most-recent-activity
1371,Find the Longest Substring Containing Vowels in Even Counts,String,58.7%,Medium,0.0,https://leetcode.com/problems/find-the-longest-substring-containing-vowels-in-even-counts
1375,Bulb Switcher III,Array,63.2%,Medium,9.24241,https://leetcode.com/problems/bulb-switcher-iii
1381,Design a Stack With Increment Operation,"Stack, Design",75.9%,Medium,1.94262,https://leetcode.com/problems/design-a-stack-with-increment-operation
1386,Cinema Seat Allocation,"Array, Greedy",34.9%,Medium,3.15825,https://leetcode.com/problems/cinema-seat-allocation
1394,Find Lucky Integer in an Array,Array,64.1%,Easy,0.0,https://leetcode.com/problems/find-lucky-integer-in-an-array
1415,The k-th Lexicographical String of All Happy Strings of Length n,Backtracking,70.4%,Medium,0.0,https://leetcode.com/problems/the-k-th-lexicographical-string-of-all-happy-strings-of-length-n
1417,Reformat The String,String,54.8%,Easy,0.0,https://leetcode.com/problems/reformat-the-string
1448,Count Good Nodes in Binary Tree,"Tree, Depth-first Search",70.3%,Medium,0.0,https://leetcode.com/problems/count-good-nodes-in-binary-tree
1458,Max Dot Product of Two Subsequences,Dynamic Programming,41.8%,Hard,0.0,https://leetcode.com/problems/max-dot-product-of-two-subsequences
1469,Find All The Lonely Nodes,"Tree, Depth-first Search",81.7%,Easy,0.0,https://leetcode.com/problems/find-all-the-lonely-nodes
1470,Shuffle the Array,Array,88.7%,Easy,0.104793,https://leetcode.com/problems/shuffle-the-array
1474,Delete N Nodes After M Nodes of a Linked List,Linked List,73.9%,Easy,0.0,https://leetcode.com/problems/delete-n-nodes-after-m-nodes-of-a-linked-list
1510,Stone Game IV,Dynamic Programming,51.7%,Hard,0.0,https://leetcode.com/problems/stone-game-iv
1518,Water Bottles,Greedy,62.8%,Easy,0.0,https://leetcode.com/problems/water-bottles
1523,Count Odd Numbers in an Interval Range,Math,55.8%,Easy,0.0,https://leetcode.com/problems/count-odd-numbers-in-an-interval-range
1528,Shuffle String,Sort,85.7%,Easy,0.0,https://leetcode.com/problems/shuffle-string
1539,Kth Missing Positive Number,"Array, Hash Table",53.2%,Easy,0.0,https://leetcode.com/problems/kth-missing-positive-number
1573,Number of Ways to Split a String,String,28.9%,Medium,0.0,https://leetcode.com/problems/number-of-ways-to-split-a-string
1576,Replace All ?'s to Avoid Consecutive Repeating Characters,String,46.2%,Easy,0.0,https://leetcode.com/problems/replace-all-s-to-avoid-consecutive-repeating-characters
1578,Minimum Deletion Cost to Avoid Repeating Letters,Greedy,57.4%,Medium,0.0,https://leetcode.com/problems/minimum-deletion-cost-to-avoid-repeating-letters
