Id,Title,Tags,Acceptance,Difficulty,Frequency,Link
1,Two Sum,"Array, Hash Table",45.7%,Easy,49.8197,https://leetcode.com/problems/two-sum
2,Add Two Numbers,"Linked List, Math",34.1%,Medium,21.9806,https://leetcode.com/problems/add-two-numbers
3,Longest Substring Without Repeating Characters,"Hash Table, Two Pointers, String, Sliding Window",30.5%,Medium,10.0212,https://leetcode.com/problems/longest-substring-without-repeating-characters
4,Median of Two Sorted Arrays,"Array, Binary Search, Divide and Conquer",29.8%,Hard,18.1584,https://leetcode.com/problems/median-of-two-sorted-arrays
5,Longest Palindromic Substring,"String, Dynamic Programming",29.6%,Medium,46.1903,https://leetcode.com/problems/longest-palindromic-substring
6,ZigZag Conversion,String,36.6%,Medium,0.675054,https://leetcode.com/problems/zigzag-conversion
7,Reverse Integer,Math,25.8%,Easy,1.43687,https://leetcode.com/problems/reverse-integer
8,String to Integer (atoi),"Math, String",15.4%,Medium,29.2175,https://leetcode.com/problems/string-to-integer-atoi
9,Palindrome Number,Math,48.6%,Easy,0.265645,https://leetcode.com/problems/palindrome-number
10,Regular Expression Matching,"String, Dynamic Programming, Backtracking",26.9%,Hard,14.4854,https://leetcode.com/problems/regular-expression-matching
11,Container With Most Water,"Array, Two Pointers",51.1%,Medium,0.592744,https://leetcode.com/problems/container-with-most-water
13,Roman to Integer,"Math, String",55.9%,Easy,10.1903,https://leetcode.com/problems/roman-to-integer
14,Longest Common Prefix,String,35.5%,Easy,1.14544,https://leetcode.com/problems/longest-common-prefix
15,3Sum,"Array, Two Pointers",27.0%,Medium,11.8431,https://leetcode.com/problems/3sum
16,3Sum Closest,"Array, Two Pointers",46.0%,Medium,0.672241,https://leetcode.com/problems/3sum-closest
17,Letter Combinations of a Phone Number,"String, Backtracking",47.1%,Medium,16.9,https://leetcode.com/problems/letter-combinations-of-a-phone-number
18,4Sum,"Array, Hash Table, Two Pointers",33.8%,Medium,0.907876,https://leetcode.com/problems/4sum
19,Remove Nth Node From End of List,"Linked List, Two Pointers",35.3%,Medium,4.57567,https://leetcode.com/problems/remove-nth-node-from-end-of-list
20,Valid Parentheses,"String, Stack",39.1%,Easy,15.2612,https://leetcode.com/problems/valid-parentheses
21,Merge Two Sorted Lists,Linked List,53.9%,Easy,27.2265,https://leetcode.com/problems/merge-two-sorted-lists
22,Generate Parentheses,"String, Backtracking",63.1%,Medium,29.7242,https://leetcode.com/problems/generate-parentheses
23,Merge k Sorted Lists,"Linked List, Divide and Conquer, Heap",40.6%,Hard,39.7126,https://leetcode.com/problems/merge-k-sorted-lists
24,Swap Nodes in Pairs,Linked List,50.8%,Medium,18.3745,https://leetcode.com/problems/swap-nodes-in-pairs
25,Reverse Nodes in k-Group,Linked List,42.5%,Hard,55.2357,https://leetcode.com/problems/reverse-nodes-in-k-group
26,Remove Duplicates from Sorted Array,"Array, Two Pointers",45.4%,Easy,3.24282,https://leetcode.com/problems/remove-duplicates-from-sorted-array
28,Implement strStr(),"Two Pointers, String",34.6%,Easy,3.02253,https://leetcode.com/problems/implement-strstr
31,Next Permutation,Array,32.7%,Medium,3.11271,https://leetcode.com/problems/next-permutation
32,Longest Valid Parentheses,"String, Dynamic Programming",28.5%,Hard,6.79172,https://leetcode.com/problems/longest-valid-parentheses
33,Search in Rotated Sorted Array,"Array, Binary Search",34.7%,Medium,23.1052,https://leetcode.com/problems/search-in-rotated-sorted-array
34,Find First and Last Position of Element in Sorted Array,"Array, Binary Search",36.3%,Medium,4.34555,https://leetcode.com/problems/find-first-and-last-position-of-element-in-sorted-array
35,Search Insert Position,"Array, Binary Search",42.7%,Easy,0.416264,https://leetcode.com/problems/search-insert-position
36,Valid Sudoku,Hash Table,49.1%,Medium,9.98096,https://leetcode.com/problems/valid-sudoku
37,Sudoku Solver,"Hash Table, Backtracking",44.0%,Hard,23.6221,https://leetcode.com/problems/sudoku-solver
38,Count and Say,String,44.9%,Easy,4.36589,https://leetcode.com/problems/count-and-say
39,Combination Sum,"Array, Backtracking",56.5%,Medium,6.1387,https://leetcode.com/problems/combination-sum
40,Combination Sum II,"Array, Backtracking",48.6%,Medium,2.00886,https://leetcode.com/problems/combination-sum-ii
41,First Missing Positive,Array,32.2%,Hard,19.6224,https://leetcode.com/problems/first-missing-positive
42,Trapping Rain Water,"Array, Two Pointers, Stack",49.2%,Hard,49.1658,https://leetcode.com/problems/trapping-rain-water
43,Multiply Strings,"Math, String",34.1%,Medium,7.3848,https://leetcode.com/problems/multiply-strings
44,Wildcard Matching,"String, Dynamic Programming, Backtracking, Greedy",24.8%,Hard,20.2566,https://leetcode.com/problems/wildcard-matching
45,Jump Game II,"Array, Greedy",30.7%,Hard,19.1118,https://leetcode.com/problems/jump-game-ii
46,Permutations,Backtracking,64.0%,Medium,28.476,https://leetcode.com/problems/permutations
48,Rotate Image,Array,57.3%,Medium,13.8022,https://leetcode.com/problems/rotate-image
49,Group Anagrams,"Hash Table, String",57.3%,Medium,19.5058,https://leetcode.com/problems/group-anagrams
50,"Pow(x, n)","Math, Binary Search",30.5%,Medium,4.06629,https://leetcode.com/problems/powx-n
51,N-Queens,Backtracking,47.1%,Hard,1.52182,https://leetcode.com/problems/n-queens
53,Maximum Subarray,"Array, Divide and Conquer, Dynamic Programming",46.7%,Easy,29.9799,https://leetcode.com/problems/maximum-subarray
54,Spiral Matrix,Array,34.3%,Medium,82.9296,https://leetcode.com/problems/spiral-matrix
55,Jump Game,"Array, Greedy",34.7%,Medium,1.79978,https://leetcode.com/problems/jump-game
56,Merge Intervals,"Array, Sort",39.5%,Medium,19.0842,https://leetcode.com/problems/merge-intervals
59,Spiral Matrix II,Array,54.3%,Medium,5.1581,https://leetcode.com/problems/spiral-matrix-ii
61,Rotate List,"Linked List, Two Pointers",30.2%,Medium,3.42445,https://leetcode.com/problems/rotate-list
62,Unique Paths,"Array, Dynamic Programming",54.4%,Medium,2.61204,https://leetcode.com/problems/unique-paths
63,Unique Paths II,"Array, Dynamic Programming",34.7%,Medium,4.86203,https://leetcode.com/problems/unique-paths-ii
64,Minimum Path Sum,"Array, Dynamic Programming",54.8%,Medium,1.22603,https://leetcode.com/problems/minimum-path-sum
68,Text Justification,String,28.0%,Hard,10.3828,https://leetcode.com/problems/text-justification
69,Sqrt(x),"Math, Binary Search",34.1%,Easy,8.7658,https://leetcode.com/problems/sqrtx
70,Climbing Stairs,Dynamic Programming,47.9%,Easy,1.61149,https://leetcode.com/problems/climbing-stairs
72,Edit Distance,"String, Dynamic Programming",45.1%,Hard,0.871765,https://leetcode.com/problems/edit-distance
73,Set Matrix Zeroes,Array,43.3%,Medium,9.52532,https://leetcode.com/problems/set-matrix-zeroes
74,Search a 2D Matrix,"Array, Binary Search",36.6%,Medium,23.6763,https://leetcode.com/problems/search-a-2d-matrix
75,Sort Colors,"Array, Two Pointers, Sort",47.6%,Medium,12.6045,https://leetcode.com/problems/sort-colors
76,Minimum Window Substring,"Hash Table, Two Pointers, String, Sliding Window",34.9%,Hard,6.41875,https://leetcode.com/problems/minimum-window-substring
77,Combinations,Backtracking,55.1%,Medium,4.56014,https://leetcode.com/problems/combinations
78,Subsets,"Array, Backtracking, Bit Manipulation",62.5%,Medium,0.980525,https://leetcode.com/problems/subsets
79,Word Search,"Array, Backtracking",35.8%,Medium,23.9322,https://leetcode.com/problems/word-search
82,Remove Duplicates from Sorted List II,Linked List,37.1%,Medium,1.15752,https://leetcode.com/problems/remove-duplicates-from-sorted-list-ii
83,Remove Duplicates from Sorted List,Linked List,45.6%,Easy,3.37942,https://leetcode.com/problems/remove-duplicates-from-sorted-list
84,Largest Rectangle in Histogram,"Array, Stack",35.5%,Hard,2.44718,https://leetcode.com/problems/largest-rectangle-in-histogram
85,Maximal Rectangle,"Array, Hash Table, Dynamic Programming, Stack",38.0%,Hard,13.1328,https://leetcode.com/problems/maximal-rectangle
88,Merge Sorted Array,"Array, Two Pointers",39.6%,Easy,10.2916,https://leetcode.com/problems/merge-sorted-array
89,Gray Code,Backtracking,49.3%,Medium,7.80588,https://leetcode.com/problems/gray-code
91,Decode Ways,"String, Dynamic Programming",24.9%,Medium,5.00318,https://leetcode.com/problems/decode-ways
92,Reverse Linked List II,Linked List,39.1%,Medium,13.2684,https://leetcode.com/problems/reverse-linked-list-ii
93,Restore IP Addresses,"String, Backtracking",36.0%,Medium,30.1469,https://leetcode.com/problems/restore-ip-addresses
94,Binary Tree Inorder Traversal,"Hash Table, Stack, Tree",63.8%,Medium,3.14844,https://leetcode.com/problems/binary-tree-inorder-traversal
96,Unique Binary Search Trees,"Dynamic Programming, Tree",53.2%,Medium,0.924951,https://leetcode.com/problems/unique-binary-search-trees
98,Validate Binary Search Tree,"Tree, Depth-first Search",27.9%,Medium,38.4583,https://leetcode.com/problems/validate-binary-search-tree
99,Recover Binary Search Tree,"Tree, Depth-first Search",40.0%,Hard,40.0233,https://leetcode.com/problems/recover-binary-search-tree
100,Same Tree,"Tree, Depth-first Search",53.5%,Easy,1.0675,https://leetcode.com/problems/same-tree
101,Symmetric Tree,"Tree, Depth-first Search, Breadth-first Search",47.1%,Easy,1.22624,https://leetcode.com/problems/symmetric-tree
102,Binary Tree Level Order Traversal,"Tree, Breadth-first Search",54.9%,Medium,16.7203,https://leetcode.com/problems/binary-tree-level-order-traversal
103,Binary Tree Zigzag Level Order Traversal,"Stack, Tree, Breadth-first Search",48.6%,Medium,45.2129,https://leetcode.com/problems/binary-tree-zigzag-level-order-traversal
104,Maximum Depth of Binary Tree,"Tree, Depth-first Search",66.3%,Easy,2.95749,https://leetcode.com/problems/maximum-depth-of-binary-tree
105,Construct Binary Tree from Preorder and Inorder Traversal,"Array, Tree, Depth-first Search",49.3%,Medium,30.9258,https://leetcode.com/problems/construct-binary-tree-from-preorder-and-inorder-traversal
106,Construct Binary Tree from Inorder and Postorder Traversal,"Array, Tree, Depth-first Search",47.6%,Medium,2.58598,https://leetcode.com/problems/construct-binary-tree-from-inorder-and-postorder-traversal
108,Convert Sorted Array to Binary Search Tree,"Tree, Depth-first Search",58.4%,Easy,3.21845,https://leetcode.com/problems/convert-sorted-array-to-binary-search-tree
110,Balanced Binary Tree,"Tree, Depth-first Search",43.7%,Easy,5.92546,https://leetcode.com/problems/balanced-binary-tree
113,Path Sum II,"Tree, Depth-first Search",47.1%,Medium,2.98634,https://leetcode.com/problems/path-sum-ii
114,Flatten Binary Tree to Linked List,"Tree, Depth-first Search",49.7%,Medium,0.768441,https://leetcode.com/problems/flatten-binary-tree-to-linked-list
116,Populating Next Right Pointers in Each Node,"Tree, Depth-first Search",45.7%,Medium,36.7639,https://leetcode.com/problems/populating-next-right-pointers-in-each-node
117,Populating Next Right Pointers in Each Node II,"Tree, Depth-first Search",39.5%,Medium,9.2583,https://leetcode.com/problems/populating-next-right-pointers-in-each-node-ii
118,Pascal's Triangle,Array,52.9%,Easy,1.33419,https://leetcode.com/problems/pascals-triangle
121,Best Time to Buy and Sell Stock,"Array, Dynamic Programming",50.6%,Easy,16.7413,https://leetcode.com/problems/best-time-to-buy-and-sell-stock
122,Best Time to Buy and Sell Stock II,"Array, Greedy",57.2%,Easy,0.714131,https://leetcode.com/problems/best-time-to-buy-and-sell-stock-ii
123,Best Time to Buy and Sell Stock III,"Array, Dynamic Programming",38.6%,Hard,0.913635,https://leetcode.com/problems/best-time-to-buy-and-sell-stock-iii
124,Binary Tree Maximum Path Sum,"Tree, Depth-first Search",34.5%,Hard,24.4189,https://leetcode.com/problems/binary-tree-maximum-path-sum
125,Valid Palindrome,"Two Pointers, String",36.9%,Easy,4.51641,https://leetcode.com/problems/valid-palindrome
126,Word Ladder II,"Array, String, Backtracking, Breadth-first Search",22.4%,Hard,17.8036,https://leetcode.com/problems/word-ladder-ii
127,Word Ladder,Breadth-first Search,29.9%,Medium,31.4173,https://leetcode.com/problems/word-ladder
128,Longest Consecutive Sequence,"Array, Union Find",45.3%,Hard,14.6661,https://leetcode.com/problems/longest-consecutive-sequence
129,Sum Root to Leaf Numbers,"Tree, Depth-first Search",49.4%,Medium,7.30256,https://leetcode.com/problems/sum-root-to-leaf-numbers
131,Palindrome Partitioning,Backtracking,48.0%,Medium,2.58598,https://leetcode.com/problems/palindrome-partitioning
133,Clone Graph,"Depth-first Search, Breadth-first Search, Graph",35.4%,Medium,8.07642,https://leetcode.com/problems/clone-graph
134,Gas Station,Greedy,38.8%,Medium,54.3677,https://leetcode.com/problems/gas-station
135,Candy,Greedy,31.8%,Hard,10.4569,https://leetcode.com/problems/candy
136,Single Number,"Hash Table, Bit Manipulation",65.7%,Easy,1.02102,https://leetcode.com/problems/single-number
138,Copy List with Random Pointer,"Hash Table, Linked List",37.0%,Medium,71.7187,https://leetcode.com/problems/copy-list-with-random-pointer
139,Word Break,Dynamic Programming,40.3%,Medium,15.6572,https://leetcode.com/problems/word-break
140,Word Break II,"Dynamic Programming, Backtracking",32.9%,Hard,18.5026,https://leetcode.com/problems/word-break-ii
141,Linked List Cycle,"Linked List, Two Pointers",41.4%,Easy,3.72236,https://leetcode.com/problems/linked-list-cycle
142,Linked List Cycle II,"Linked List, Two Pointers",37.6%,Medium,3.7021,https://leetcode.com/problems/linked-list-cycle-ii
143,Reorder List,Linked List,39.0%,Medium,1.80253,https://leetcode.com/problems/reorder-list
144,Binary Tree Preorder Traversal,"Stack, Tree",56.0%,Medium,1.14193,https://leetcode.com/problems/binary-tree-preorder-traversal
145,Binary Tree Postorder Traversal,"Stack, Tree",55.4%,Medium,0.619283,https://leetcode.com/problems/binary-tree-postorder-traversal
146,LRU Cache,Design,33.5%,Medium,88.6197,https://leetcode.com/problems/lru-cache
148,Sort List,"Linked List, Sort",42.9%,Medium,11.8094,https://leetcode.com/problems/sort-list
149,Max Points on a Line,"Hash Table, Math",17.0%,Hard,10.3164,https://leetcode.com/problems/max-points-on-a-line
150,Evaluate Reverse Polish Notation,Stack,36.6%,Medium,5.17964,https://leetcode.com/problems/evaluate-reverse-polish-notation
151,Reverse Words in a String,String,22.1%,Medium,68.4352,https://leetcode.com/problems/reverse-words-in-a-string
152,Maximum Product Subarray,"Array, Dynamic Programming",31.8%,Medium,1.82897,https://leetcode.com/problems/maximum-product-subarray
153,Find Minimum in Rotated Sorted Array,"Array, Binary Search",45.2%,Medium,10.3659,https://leetcode.com/problems/find-minimum-in-rotated-sorted-array
155,Min Stack,"Stack, Design",44.8%,Easy,18.0036,https://leetcode.com/problems/min-stack
158,Read N Characters Given Read4 II - Call multiple times,String,34.2%,Hard,2.26696,https://leetcode.com/problems/read-n-characters-given-read4-ii-call-multiple-times
159,Longest Substring with At Most Two Distinct Characters,"Hash Table, Two Pointers, String, Sliding Window",49.5%,Medium,5.48395,https://leetcode.com/problems/longest-substring-with-at-most-two-distinct-characters
160,Intersection of Two Linked Lists,Linked List,41.1%,Easy,6.46951,https://leetcode.com/problems/intersection-of-two-linked-lists
162,Find Peak Element,"Array, Binary Search",43.4%,Medium,1.24555,https://leetcode.com/problems/find-peak-element
165,Compare Version Numbers,String,27.6%,Medium,14.5373,https://leetcode.com/problems/compare-version-numbers
166,Fraction to Recurring Decimal,"Hash Table, Math",21.7%,Medium,1.77191,https://leetcode.com/problems/fraction-to-recurring-decimal
168,Excel Sheet Column Title,Math,31.2%,Easy,8.61047,https://leetcode.com/problems/excel-sheet-column-title
169,Majority Element,"Array, Divide and Conquer, Bit Manipulation",58.9%,Easy,1.64589,https://leetcode.com/problems/majority-element
171,Excel Sheet Column Number,Math,56.2%,Easy,1.41525,https://leetcode.com/problems/excel-sheet-column-number
173,Binary Search Tree Iterator,"Stack, Tree, Design",57.1%,Medium,14.9677,https://leetcode.com/problems/binary-search-tree-iterator
179,Largest Number,Sort,29.0%,Medium,22.0758,https://leetcode.com/problems/largest-number
186,Reverse Words in a String II,String,43.7%,Medium,25.8333,https://leetcode.com/problems/reverse-words-in-a-string-ii
187,Repeated DNA Sequences,"Hash Table, Bit Manipulation",39.0%,Medium,2.92249,https://leetcode.com/problems/repeated-dna-sequences
189,Rotate Array,Array,35.0%,Easy,10.1576,https://leetcode.com/problems/rotate-array
198,House Robber,Dynamic Programming,42.1%,Easy,2.82732,https://leetcode.com/problems/house-robber
199,Binary Tree Right Side View,"Tree, Depth-first Search, Breadth-first Search",54.4%,Medium,4.50271,https://leetcode.com/problems/binary-tree-right-side-view
200,Number of Islands,"Depth-first Search, Breadth-first Search, Union Find",47.1%,Medium,60.5326,https://leetcode.com/problems/number-of-islands
202,Happy Number,"Hash Table, Math",50.6%,Easy,0.553344,https://leetcode.com/problems/happy-number
204,Count Primes,"Hash Table, Math",31.6%,Easy,9.60335,https://leetcode.com/problems/count-primes
205,Isomorphic Strings,Hash Table,39.9%,Easy,2.33148,https://leetcode.com/problems/isomorphic-strings
206,Reverse Linked List,Linked List,63.0%,Easy,25.9941,https://leetcode.com/problems/reverse-linked-list
207,Course Schedule,"Depth-first Search, Breadth-first Search, Graph, Topological Sort",43.3%,Medium,13.1985,https://leetcode.com/problems/course-schedule
208,Implement Trie (Prefix Tree),"Design, Trie",49.9%,Medium,6.41581,https://leetcode.com/problems/implement-trie-prefix-tree
209,Minimum Size Subarray Sum,"Array, Two Pointers, Binary Search",38.4%,Medium,0.769174,https://leetcode.com/problems/minimum-size-subarray-sum
210,Course Schedule II,"Depth-first Search, Breadth-first Search, Graph, Topological Sort",41.0%,Medium,9.38938,https://leetcode.com/problems/course-schedule-ii
212,Word Search II,"Backtracking, Trie",35.1%,Hard,46.2344,https://leetcode.com/problems/word-search-ii
214,Shortest Palindrome,String,29.9%,Hard,2.82622,https://leetcode.com/problems/shortest-palindrome
215,Kth Largest Element in an Array,"Divide and Conquer, Heap",55.8%,Medium,3.35349,https://leetcode.com/problems/kth-largest-element-in-an-array
217,Contains Duplicate,"Array, Hash Table",56.2%,Easy,0.296723,https://leetcode.com/problems/contains-duplicate
218,The Skyline Problem,"Divide and Conquer, Heap, Binary Indexed Tree, Segment Tree, Line Sweep",34.7%,Hard,54.1188,https://leetcode.com/problems/the-skyline-problem
219,Contains Duplicate II,"Array, Hash Table",37.9%,Easy,0.819671,https://leetcode.com/problems/contains-duplicate-ii
221,Maximal Square,Dynamic Programming,37.8%,Medium,0.899773,https://leetcode.com/problems/maximal-square
222,Count Complete Tree Nodes,"Binary Search, Tree",47.2%,Medium,1.38158,https://leetcode.com/problems/count-complete-tree-nodes
224,Basic Calculator,"Math, Stack",37.1%,Hard,11.8437,https://leetcode.com/problems/basic-calculator
225,Implement Stack using Queues,"Stack, Design",45.7%,Easy,13.0494,https://leetcode.com/problems/implement-stack-using-queues
226,Invert Binary Tree,Tree,65.3%,Easy,1.71666,https://leetcode.com/problems/invert-binary-tree
227,Basic Calculator II,String,37.1%,Medium,5.6808,https://leetcode.com/problems/basic-calculator-ii
228,Summary Ranges,Array,39.7%,Medium,2.92674,https://leetcode.com/problems/summary-ranges
232,Implement Queue using Stacks,"Stack, Design",50.1%,Easy,33.2883,https://leetcode.com/problems/implement-queue-using-stacks
234,Palindrome Linked List,"Linked List, Two Pointers",39.5%,Easy,5.98119,https://leetcode.com/problems/palindrome-linked-list
235,Lowest Common Ancestor of a Binary Search Tree,Tree,50.2%,Easy,4.61368,https://leetcode.com/problems/lowest-common-ancestor-of-a-binary-search-tree
236,Lowest Common Ancestor of a Binary Tree,Tree,46.2%,Medium,29.6507,https://leetcode.com/problems/lowest-common-ancestor-of-a-binary-tree
238,Product of Array Except Self,Array,60.3%,Medium,17.0529,https://leetcode.com/problems/product-of-array-except-self
239,Sliding Window Maximum,"Heap, Sliding Window",43.4%,Hard,7.24033,https://leetcode.com/problems/sliding-window-maximum
240,Search a 2D Matrix II,"Binary Search, Divide and Conquer",43.3%,Medium,30.8981,https://leetcode.com/problems/search-a-2d-matrix-ii
242,Valid Anagram,"Hash Table, Sort",57.1%,Easy,1.46956,https://leetcode.com/problems/valid-anagram
243,Shortest Word Distance,Array,61.1%,Easy,3.96976,https://leetcode.com/problems/shortest-word-distance
252,Meeting Rooms,Sort,54.7%,Easy,6.72095,https://leetcode.com/problems/meeting-rooms
253,Meeting Rooms II,"Heap, Greedy, Sort",45.8%,Medium,12.2089,https://leetcode.com/problems/meeting-rooms-ii
266,Palindrome Permutation,Hash Table,62.0%,Easy,8.42206,https://leetcode.com/problems/palindrome-permutation
268,Missing Number,"Array, Math, Bit Manipulation",51.9%,Easy,8.40731,https://leetcode.com/problems/missing-number
269,Alien Dictionary,"Graph, Topological Sort",33.3%,Hard,13.4076,https://leetcode.com/problems/alien-dictionary
270,Closest Binary Search Tree Value,"Binary Search, Tree",48.7%,Easy,0.566003,https://leetcode.com/problems/closest-binary-search-tree-value
271,Encode and Decode Strings,String,31.7%,Medium,6.81468,https://leetcode.com/problems/encode-and-decode-strings
273,Integer to English Words,"Math, String",27.2%,Hard,94.3099,https://leetcode.com/problems/integer-to-english-words
277,Find the Celebrity,Array,42.1%,Medium,19.4588,https://leetcode.com/problems/find-the-celebrity
278,First Bad Version,Binary Search,36.0%,Easy,0.474387,https://leetcode.com/problems/first-bad-version
279,Perfect Squares,"Math, Dynamic Programming, Breadth-first Search",47.6%,Medium,0.755485,https://leetcode.com/problems/perfect-squares
282,Expression Add Operators,Divide and Conquer,35.7%,Hard,2.44718,https://leetcode.com/problems/expression-add-operators
283,Move Zeroes,"Array, Two Pointers",58.0%,Easy,0.979486,https://leetcode.com/problems/move-zeroes
284,Peeking Iterator,Design,46.1%,Medium,3.17817,https://leetcode.com/problems/peeking-iterator
285,Inorder Successor in BST,Tree,40.8%,Medium,11.1788,https://leetcode.com/problems/inorder-successor-in-bst
286,Walls and Gates,Breadth-first Search,54.9%,Medium,4.93771,https://leetcode.com/problems/walls-and-gates
287,Find the Duplicate Number,"Array, Two Pointers, Binary Search",55.9%,Medium,5.4492,https://leetcode.com/problems/find-the-duplicate-number
290,Word Pattern,Hash Table,37.1%,Easy,1.48648,https://leetcode.com/problems/word-pattern
295,Find Median from Data Stream,"Heap, Design",44.8%,Hard,22.5681,https://leetcode.com/problems/find-median-from-data-stream
297,Serialize and Deserialize Binary Tree,"Tree, Design",47.8%,Hard,37.4715,https://leetcode.com/problems/serialize-and-deserialize-binary-tree
299,Bulls and Cows,Hash Table,42.5%,Easy,1.49419,https://leetcode.com/problems/bulls-and-cows
300,Longest Increasing Subsequence,"Binary Search, Dynamic Programming",42.7%,Medium,1.75151,https://leetcode.com/problems/longest-increasing-subsequence
303,Range Sum Query - Immutable,Dynamic Programming,45.2%,Easy,1.19278,https://leetcode.com/problems/range-sum-query-immutable
311,Sparse Matrix Multiplication,Hash Table,62.2%,Medium,2.62907,https://leetcode.com/problems/sparse-matrix-multiplication
314,Binary Tree Vertical Order Traversal,"Depth-first Search, Breadth-first Search",45.5%,Medium,3.02782,https://leetcode.com/problems/binary-tree-vertical-order-traversal
315,Count of Smaller Numbers After Self,"Binary Search, Divide and Conquer, Sort, Binary Indexed Tree, Segment Tree",41.7%,Hard,12.4114,https://leetcode.com/problems/count-of-smaller-numbers-after-self
317,Shortest Distance from All Buildings,Breadth-first Search,41.7%,Hard,7.47765,https://leetcode.com/problems/shortest-distance-from-all-buildings
322,Coin Change,Dynamic Programming,35.8%,Medium,4.89212,https://leetcode.com/problems/coin-change
328,Odd Even Linked List,Linked List,56.0%,Medium,5.81716,https://leetcode.com/problems/odd-even-linked-list
329,Longest Increasing Path in a Matrix,"Depth-first Search, Topological Sort, Memoization",43.6%,Hard,1.18368,https://leetcode.com/problems/longest-increasing-path-in-a-matrix
332,Reconstruct Itinerary,"Depth-first Search, Graph",36.9%,Medium,2.88991,https://leetcode.com/problems/reconstruct-itinerary
340,Longest Substring with At Most K Distinct Characters,"Hash Table, String, Sliding Window",44.3%,Hard,47.1937,https://leetcode.com/problems/longest-substring-with-at-most-k-distinct-characters
341,Flatten Nested List Iterator,"Stack, Design",53.1%,Medium,1.7368,https://leetcode.com/problems/flatten-nested-list-iterator
344,Reverse String,"Two Pointers, String",68.8%,Easy,1.77803,https://leetcode.com/problems/reverse-string
346,Moving Average from Data Stream,"Design, Queue",71.3%,Easy,6.18241,https://leetcode.com/problems/moving-average-from-data-stream
347,Top K Frequent Elements,"Hash Table, Heap",61.4%,Medium,4.32869,https://leetcode.com/problems/top-k-frequent-elements
348,Design Tic-Tac-Toe,Design,54.6%,Medium,77.4089,https://leetcode.com/problems/design-tic-tac-toe
349,Intersection of Two Arrays,"Hash Table, Two Pointers, Binary Search, Sort",62.9%,Easy,0.695786,https://leetcode.com/problems/intersection-of-two-arrays
350,Intersection of Two Arrays II,"Hash Table, Two Pointers, Binary Search, Sort",51.5%,Easy,0.487815,https://leetcode.com/problems/intersection-of-two-arrays-ii
358,Rearrange String k Distance Apart,"Hash Table, Heap, Greedy",35.1%,Hard,16.2672,https://leetcode.com/problems/rearrange-string-k-distance-apart
362,Design Hit Counter,Design,63.9%,Medium,8.00173,https://leetcode.com/problems/design-hit-counter
378,Kth Smallest Element in a Sorted Matrix,"Binary Search, Heap",54.6%,Medium,4.26134,https://leetcode.com/problems/kth-smallest-element-in-a-sorted-matrix
380,Insert Delete GetRandom O(1),"Array, Hash Table, Design",47.7%,Medium,10.0207,https://leetcode.com/problems/insert-delete-getrandom-o1
381,Insert Delete GetRandom O(1) - Duplicates allowed,"Array, Hash Table, Design",34.2%,Hard,3.89311,https://leetcode.com/problems/insert-delete-getrandom-o1-duplicates-allowed
383,Ransom Note,String,53.1%,Easy,1.75494,https://leetcode.com/problems/ransom-note
384,Shuffle an Array,,52.9%,Medium,3.45699,https://leetcode.com/problems/shuffle-an-array
387,First Unique Character in a String,"Hash Table, String",53.4%,Easy,4.53882,https://leetcode.com/problems/first-unique-character-in-a-string
393,UTF-8 Validation,Bit Manipulation,37.6%,Medium,8.92786,https://leetcode.com/problems/utf-8-validation
394,Decode String,"Stack, Depth-first Search",50.4%,Medium,5.34186,https://leetcode.com/problems/decode-string
399,Evaluate Division,"Union Find, Graph",51.9%,Medium,1.62222,https://leetcode.com/problems/evaluate-division
402,Remove K Digits,"Stack, Greedy",28.4%,Medium,1.48539,https://leetcode.com/problems/remove-k-digits
403,Frog Jump,Dynamic Programming,40.0%,Hard,5.02246,https://leetcode.com/problems/frog-jump
406,Queue Reconstruction by Height,Greedy,67.0%,Medium,1.87663,https://leetcode.com/problems/queue-reconstruction-by-height
412,Fizz Buzz,,63.2%,Easy,1.53023,https://leetcode.com/problems/fizz-buzz
415,Add Strings,String,47.7%,Easy,4.1944,https://leetcode.com/problems/add-strings
417,Pacific Atlantic Water Flow,"Depth-first Search, Breadth-first Search",41.4%,Medium,5.5681,https://leetcode.com/problems/pacific-atlantic-water-flow
419,Battleships in a Board,,70.2%,Medium,24.3465,https://leetcode.com/problems/battleships-in-a-board
426,Convert Binary Search Tree to Sorted Doubly Linked List,"Linked List, Divide and Conquer, Tree",59.4%,Medium,8.68262,https://leetcode.com/problems/convert-binary-search-tree-to-sorted-doubly-linked-list
428,Serialize and Deserialize N-ary Tree,Tree,59.6%,Hard,71.3449,https://leetcode.com/problems/serialize-and-deserialize-n-ary-tree
430,Flatten a Multilevel Doubly Linked List,"Linked List, Depth-first Search",55.6%,Medium,3.36094,https://leetcode.com/problems/flatten-a-multilevel-doubly-linked-list
432,All O`one Data Structure,Design,32.5%,Hard,7.14061,https://leetcode.com/problems/all-oone-data-structure
437,Path Sum III,Tree,47.3%,Medium,0.185312,https://leetcode.com/problems/path-sum-iii
438,Find All Anagrams in a String,Hash Table,43.6%,Medium,6.0439,https://leetcode.com/problems/find-all-anagrams-in-a-string
442,Find All Duplicates in an Array,Array,67.9%,Medium,3.21311,https://leetcode.com/problems/find-all-duplicates-in-an-array
443,String Compression,String,41.5%,Easy,31.5097,https://leetcode.com/problems/string-compression
445,Add Two Numbers II,Linked List,54.8%,Medium,39.5516,https://leetcode.com/problems/add-two-numbers-ii
448,Find All Numbers Disappeared in an Array,Array,56.0%,Easy,0.560184,https://leetcode.com/problems/find-all-numbers-disappeared-in-an-array
449,Serialize and Deserialize BST,Tree,52.3%,Medium,14.3369,https://leetcode.com/problems/serialize-and-deserialize-bst
450,Delete Node in a BST,Tree,44.3%,Medium,5.81147,https://leetcode.com/problems/delete-node-in-a-bst
457,Circular Array Loop,"Array, Two Pointers",29.4%,Medium,21.8248,https://leetcode.com/problems/circular-array-loop
460,LFU Cache,Design,34.5%,Hard,16.6747,https://leetcode.com/problems/lfu-cache
463,Island Perimeter,Hash Table,65.8%,Easy,1.35877,https://leetcode.com/problems/island-perimeter
468,Validate IP Address,String,24.2%,Medium,37.7986,https://leetcode.com/problems/validate-ip-address
470,Implement Rand10() Using Rand7(),"Random, Rejection Sampling",45.7%,Medium,1.71827,https://leetcode.com/problems/implement-rand10-using-rand7
472,Concatenated Words,"Dynamic Programming, Depth-first Search, Trie",44.1%,Hard,2.36536,https://leetcode.com/problems/concatenated-words
490,The Maze,"Depth-first Search, Breadth-first Search",52.1%,Medium,2.03865,https://leetcode.com/problems/the-maze
494,Target Sum,"Dynamic Programming, Depth-first Search",46.1%,Medium,0.974574,https://leetcode.com/problems/target-sum
509,Fibonacci Number,Array,67.2%,Easy,3.84911,https://leetcode.com/problems/fibonacci-number
510,Inorder Successor in BST II,Tree,58.3%,Medium,43.9142,https://leetcode.com/problems/inorder-successor-in-bst-ii
515,Find Largest Value in Each Tree Row,"Tree, Depth-first Search, Breadth-first Search",61.3%,Medium,1.61378,https://leetcode.com/problems/find-largest-value-in-each-tree-row
516,Longest Palindromic Subsequence,Dynamic Programming,53.6%,Medium,13.555,https://leetcode.com/problems/longest-palindromic-subsequence
518,Coin Change 2,,50.4%,Medium,4.71202,https://leetcode.com/problems/coin-change-2
523,Continuous Subarray Sum,"Math, Dynamic Programming",24.6%,Medium,1.04341,https://leetcode.com/problems/continuous-subarray-sum
528,Random Pick with Weight,"Binary Search, Random",44.1%,Medium,8.62226,https://leetcode.com/problems/random-pick-with-weight
529,Minesweeper,"Depth-first Search, Breadth-first Search",59.4%,Medium,3.68329,https://leetcode.com/problems/minesweeper
532,K-diff Pairs in an Array,"Array, Two Pointers",31.7%,Easy,3.36968,https://leetcode.com/problems/k-diff-pairs-in-an-array
535,Encode and Decode TinyURL,"Hash Table, Math",80.0%,Medium,23.731,https://leetcode.com/problems/encode-and-decode-tinyurl
540,Single Element in a Sorted Array,,57.9%,Medium,21.9746,https://leetcode.com/problems/single-element-in-a-sorted-array
543,Diameter of Binary Tree,Tree,48.6%,Easy,7.15487,https://leetcode.com/problems/diameter-of-binary-tree
545,Boundary of Binary Tree,Tree,39.1%,Medium,45.4056,https://leetcode.com/problems/boundary-of-binary-tree
547,Friend Circles,"Depth-first Search, Union Find",58.9%,Medium,0.884382,https://leetcode.com/problems/friend-circles
556,Next Greater Element III,String,31.8%,Medium,21.794,https://leetcode.com/problems/next-greater-element-iii
557,Reverse Words in a String III,String,70.2%,Easy,42.4058,https://leetcode.com/problems/reverse-words-in-a-string-iii
560,Subarray Sum Equals K,"Array, Hash Table",43.8%,Medium,2.14371,https://leetcode.com/problems/subarray-sum-equals-k
567,Permutation in String,"Two Pointers, Sliding Window",44.4%,Medium,10.8092,https://leetcode.com/problems/permutation-in-string
572,Subtree of Another Tree,Tree,44.2%,Easy,5.43689,https://leetcode.com/problems/subtree-of-another-tree
621,Task Scheduler,"Array, Greedy, Queue",50.4%,Medium,9.41661,https://leetcode.com/problems/task-scheduler
622,Design Circular Queue,"Design, Queue",44.1%,Medium,18.1378,https://leetcode.com/problems/design-circular-queue
630,Course Schedule III,Greedy,33.5%,Hard,6.12139,https://leetcode.com/problems/course-schedule-iii
636,Exclusive Time of Functions,Stack,52.1%,Medium,16.1009,https://leetcode.com/problems/exclusive-time-of-functions
642,Design Search Autocomplete System,"Design, Trie",45.0%,Hard,12.779,https://leetcode.com/problems/design-search-autocomplete-system
647,Palindromic Substrings,"String, Dynamic Programming",60.9%,Medium,1.87092,https://leetcode.com/problems/palindromic-substrings
653,Two Sum IV - Input is a BST,Tree,55.6%,Easy,4.98588,https://leetcode.com/problems/two-sum-iv-input-is-a-bst
662,Maximum Width of Binary Tree,Tree,40.7%,Medium,3.87482,https://leetcode.com/problems/maximum-width-of-binary-tree
669,Trim a Binary Search Tree,Tree,63.0%,Easy,1.89872,https://leetcode.com/problems/trim-a-binary-search-tree
679,24 Game,Depth-first Search,46.5%,Hard,44.4896,https://leetcode.com/problems/24-game
680,Valid Palindrome II,String,36.7%,Easy,3.9167,https://leetcode.com/problems/valid-palindrome-ii
681,Next Closest Time,String,45.1%,Medium,4.90104,https://leetcode.com/problems/next-closest-time
688,Knight Probability in Chessboard,Dynamic Programming,49.2%,Medium,11.7879,https://leetcode.com/problems/knight-probability-in-chessboard
692,Top K Frequent Words,"Hash Table, Heap, Trie",52.1%,Medium,1.5403,https://leetcode.com/problems/top-k-frequent-words
695,Max Area of Island,"Array, Depth-first Search",63.0%,Medium,9.54082,https://leetcode.com/problems/max-area-of-island
701,Insert into a Binary Search Tree,Tree,77.3%,Medium,3.06671,https://leetcode.com/problems/insert-into-a-binary-search-tree
702,Search in a Sorted Array of Unknown Size,Binary Search,67.3%,Medium,13.169,https://leetcode.com/problems/search-in-a-sorted-array-of-unknown-size
703,Kth Largest Element in a Stream,Heap,49.9%,Easy,4.92799,https://leetcode.com/problems/kth-largest-element-in-a-stream
706,Design HashMap,"Hash Table, Design",61.6%,Easy,16.1576,https://leetcode.com/problems/design-hashmap
707,Design Linked List,"Linked List, Design",24.8%,Medium,1.19881,https://leetcode.com/problems/design-linked-list
716,Max Stack,Design,42.7%,Easy,22.101,https://leetcode.com/problems/max-stack
717,1-bit and 2-bit Characters,Array,48.5%,Easy,1.5692,https://leetcode.com/problems/1-bit-and-2-bit-characters
721,Accounts Merge,"Depth-first Search, Union Find",49.2%,Medium,3.44125,https://leetcode.com/problems/accounts-merge
722,Remove Comments,String,34.7%,Medium,39.713,https://leetcode.com/problems/remove-comments
724,Find Pivot Index,Array,44.2%,Easy,2.29724,https://leetcode.com/problems/find-pivot-index
727,Minimum Window Subsequence,"Dynamic Programming, Sliding Window",41.9%,Hard,7.31481,https://leetcode.com/problems/minimum-window-subsequence
729,My Calendar I,Array,52.0%,Medium,2.78716,https://leetcode.com/problems/my-calendar-i
733,Flood Fill,Depth-first Search,55.4%,Easy,2.29318,https://leetcode.com/problems/flood-fill
739,Daily Temperatures,"Hash Table, Stack",63.7%,Medium,0.741865,https://leetcode.com/problems/daily-temperatures
752,Open the Lock,Breadth-first Search,51.9%,Medium,2.30322,https://leetcode.com/problems/open-the-lock
759,Employee Free Time,"Heap, Greedy",66.5%,Hard,3.33592,https://leetcode.com/problems/employee-free-time
767,Reorganize String,"String, Heap, Greedy, Sort",48.9%,Medium,21.4084,https://leetcode.com/problems/reorganize-string
772,Basic Calculator III,"String, Stack",41.5%,Hard,17.5781,https://leetcode.com/problems/basic-calculator-iii
773,Sliding Puzzle,Breadth-first Search,59.5%,Hard,17.2762,https://leetcode.com/problems/sliding-puzzle
785,Is Graph Bipartite?,"Depth-first Search, Breadth-first Search, Graph",47.6%,Medium,1.07084,https://leetcode.com/problems/is-graph-bipartite
794,Valid Tic-Tac-Toe State,"Math, Recursion",32.8%,Medium,45.949,https://leetcode.com/problems/valid-tic-tac-toe-state
828,Count Unique Characters of All Substrings of a Given String,Two Pointers,45.7%,Hard,22.166,https://leetcode.com/problems/count-unique-characters-of-all-substrings-of-a-given-string
832,Flipping an Image,Array,76.4%,Easy,1.50199,https://leetcode.com/problems/flipping-an-image
833,Find And Replace in String,String,50.6%,Medium,2.45463,https://leetcode.com/problems/find-and-replace-in-string
836,Rectangle Overlap,Math,48.4%,Easy,12.0857,https://leetcode.com/problems/rectangle-overlap
844,Backspace String Compare,"Two Pointers, Stack",46.6%,Easy,4.48876,https://leetcode.com/problems/backspace-string-compare
845,Longest Mountain in Array,Two Pointers,37.4%,Medium,4.55242,https://leetcode.com/problems/longest-mountain-in-array
849,Maximize Distance to Closest Person,Array,42.6%,Easy,4.54216,https://leetcode.com/problems/maximize-distance-to-closest-person
863,All Nodes Distance K in Binary Tree,"Tree, Depth-first Search, Breadth-first Search",55.8%,Medium,15.0987,https://leetcode.com/problems/all-nodes-distance-k-in-binary-tree
867,Transpose Matrix,Array,62.7%,Easy,2.91194,https://leetcode.com/problems/transpose-matrix
872,Leaf-Similar Trees,"Tree, Depth-first Search",64.5%,Easy,1.72566,https://leetcode.com/problems/leaf-similar-trees
876,Middle of the Linked List,Linked List,68.6%,Easy,0.611211,https://leetcode.com/problems/middle-of-the-linked-list
885,Spiral Matrix III,Math,69.6%,Medium,11.4365,https://leetcode.com/problems/spiral-matrix-iii
907,Sum of Subarray Minimums,"Array, Stack",32.7%,Medium,2.68866,https://leetcode.com/problems/sum-of-subarray-minimums
909,Snakes and Ladders,Breadth-first Search,38.8%,Medium,14.3374,https://leetcode.com/problems/snakes-and-ladders
919,Complete Binary Tree Inserter,Tree,57.5%,Medium,13.9282,https://leetcode.com/problems/complete-binary-tree-inserter
934,Shortest Bridge,"Depth-first Search, Breadth-first Search",48.6%,Medium,2.85625,https://leetcode.com/problems/shortest-bridge
935,Knight Dialer,Dynamic Programming,45.3%,Medium,3.67323,https://leetcode.com/problems/knight-dialer
950,Reveal Cards In Increasing Order,Array,74.8%,Medium,5.82089,https://leetcode.com/problems/reveal-cards-in-increasing-order
969,Pancake Sorting,"Array, Sort",68.2%,Medium,0.341383,https://leetcode.com/problems/pancake-sorting
973,K Closest Points to Origin,"Divide and Conquer, Heap, Sort",64.0%,Medium,1.10065,https://leetcode.com/problems/k-closest-points-to-origin
977,Squares of a Sorted Array,"Array, Two Pointers",72.2%,Easy,0.321617,https://leetcode.com/problems/squares-of-a-sorted-array
979,Distribute Coins in Binary Tree,"Tree, Depth-first Search",69.1%,Medium,2.45314,https://leetcode.com/problems/distribute-coins-in-binary-tree
981,Time Based Key-Value Store,"Hash Table, Binary Search",53.1%,Medium,1.98762,https://leetcode.com/problems/time-based-key-value-store
987,Vertical Order Traversal of a Binary Tree,"Hash Table, Tree",36.5%,Medium,0.700013,https://leetcode.com/problems/vertical-order-traversal-of-a-binary-tree
993,Cousins in Binary Tree,"Tree, Breadth-first Search",52.0%,Easy,1.67199,https://leetcode.com/problems/cousins-in-binary-tree
994,Rotting Oranges,Breadth-first Search,49.3%,Medium,0.693661,https://leetcode.com/problems/rotting-oranges
1004,Max Consecutive Ones III,"Two Pointers, Sliding Window",59.4%,Medium,3.71611,https://leetcode.com/problems/max-consecutive-ones-iii
1038,Binary Search Tree to Greater Sum Tree,Binary Search Tree,81.1%,Medium,2.54286,https://leetcode.com/problems/binary-search-tree-to-greater-sum-tree
1044,Longest Duplicate Substring,"Hash Table, Binary Search",31.9%,Hard,48.024,https://leetcode.com/problems/longest-duplicate-substring
1079,Letter Tile Possibilities,Backtracking,75.4%,Medium,6.66937,https://leetcode.com/problems/letter-tile-possibilities
1091,Shortest Path in Binary Matrix,Breadth-first Search,38.3%,Medium,2.39628,https://leetcode.com/problems/shortest-path-in-binary-matrix
1116,Print Zero Even Odd,,56.5%,Medium,8.83006,https://leetcode.com/problems/print-zero-even-odd
1136,Parallel Courses,"Dynamic Programming, Depth-first Search, Graph",61.3%,Hard,12.1616,https://leetcode.com/problems/parallel-courses
1143,Longest Common Subsequence,Dynamic Programming,58.4%,Medium,2.97094,https://leetcode.com/problems/longest-common-subsequence
1145,Binary Tree Coloring Game,"Tree, Depth-first Search",51.3%,Medium,6.31311,https://leetcode.com/problems/binary-tree-coloring-game
1155,Number of Dice Rolls With Target Sum,Dynamic Programming,48.6%,Medium,3.64445,https://leetcode.com/problems/number-of-dice-rolls-with-target-sum
1156,Swap For Longest Repeated Character Substring,String,48.5%,Medium,27.5669,https://leetcode.com/problems/swap-for-longest-repeated-character-substring
1185,Day of the Week,Array,63.8%,Easy,31.1882,https://leetcode.com/problems/day-of-the-week
1188,Design Bounded Blocking Queue,,70.6%,Medium,9.34177,https://leetcode.com/problems/design-bounded-blocking-queue
1192,Critical Connections in a Network,Depth-first Search,48.6%,Hard,1.09468,https://leetcode.com/problems/critical-connections-in-a-network
1197,Minimum Knight Moves,Breadth-first Search,36.1%,Medium,2.04508,https://leetcode.com/problems/minimum-knight-moves
1206,Design Skiplist,Design,57.2%,Hard,37.0736,https://leetcode.com/problems/design-skiplist
1229,Meeting Scheduler,Line Sweep,53.1%,Medium,4.71754,https://leetcode.com/problems/meeting-scheduler
1236,Web Crawler,"Depth-first Search, Breadth-first Search",64.3%,Medium,26.7751,https://leetcode.com/problems/web-crawler
1239,Maximum Length of a Concatenated String with Unique Characters,"Backtracking, Bit Manipulation",48.0%,Medium,100.0,https://leetcode.com/problems/maximum-length-of-a-concatenated-string-with-unique-characters
1246,Palindrome Removal,Dynamic Programming,45.6%,Hard,62.7451,https://leetcode.com/problems/palindrome-removal
1249,Minimum Remove to Make Valid Parentheses,"String, Stack",63.0%,Medium,0.652552,https://leetcode.com/problems/minimum-remove-to-make-valid-parentheses
1304,Find N Unique Integers Sum up to Zero,Array,76.3%,Easy,2.7291,https://leetcode.com/problems/find-n-unique-integers-sum-up-to-zero
1344,Angle Between Hands of a Clock,Math,61.3%,Medium,3.08811,https://leetcode.com/problems/angle-between-hands-of-a-clock
1375,Bulb Switcher III,Array,63.2%,Medium,24.9589,https://leetcode.com/problems/bulb-switcher-iii
1381,Design a Stack With Increment Operation,"Stack, Design",75.9%,Medium,1.84825,https://leetcode.com/problems/design-a-stack-with-increment-operation
1470,Shuffle the Array,Array,88.7%,Easy,0.388288,https://leetcode.com/problems/shuffle-the-array
