Id,Title,Tags,Acceptance,Difficulty,Frequency,Link
1,Two Sum,"Array, Hash Table",45.7%,Easy,83.5813,https://leetcode.com/problems/two-sum
2,Add Two Numbers,"Linked List, Math",34.1%,Medium,16.2273,https://leetcode.com/problems/add-two-numbers
53,Maximum Subarray,"Array, Divide and Conquer, Dynamic Programming",46.7%,Easy,19.8868,https://leetcode.com/problems/maximum-subarray
72,Edit Distance,"String, Dynamic Programming",45.1%,Hard,86.5777,https://leetcode.com/problems/edit-distance
151,Reverse Words in a String,String,22.1%,Medium,79.2553,https://leetcode.com/problems/reverse-words-in-a-string
160,Intersection of Two Linked Lists,Linked List,41.1%,Easy,93.6712,https://leetcode.com/problems/intersection-of-two-linked-lists
191,Number of 1 Bits,Bit Manipulation,50.3%,Easy,67.7547,https://leetcode.com/problems/number-of-1-bits
206,Reverse Linked List,Linked List,63.0%,Easy,36.7792,https://leetcode.com/problems/reverse-linked-list
237,Delete Node in a Linked List,Linked List,64.4%,Easy,100.0,https://leetcode.com/problems/delete-node-in-a-linked-list
283,Move Zeroes,"Array, Two Pointers",58.0%,Easy,50.8623,https://leetcode.com/problems/move-zeroes
