Id,Title,Tags,Acceptance,Difficulty,Frequency,Link
1,Two Sum,"Array, Hash Table",45.7%,Easy,32.8953,https://leetcode.com/problems/two-sum
2,Add Two Numbers,"Linked List, Math",34.1%,Medium,36.4655,https://leetcode.com/problems/add-two-numbers
53,Maximum Subarray,"Array, Divide and Conquer, Dynamic Programming",46.7%,Easy,11.2627,https://leetcode.com/problems/maximum-subarray
72,Edit Distance,"String, Dynamic Programming",45.1%,Hard,54.6097,https://leetcode.com/problems/edit-distance
151,Reverse Words in a String,String,22.1%,Medium,78.3016,https://leetcode.com/problems/reverse-words-in-a-string
160,Intersection of Two Linked Lists,Linked List,41.1%,Easy,97.2325,https://leetcode.com/problems/intersection-of-two-linked-lists
191,Number of 1 Bits,Bit Manipulation,50.3%,Easy,100.0,https://leetcode.com/problems/number-of-1-bits
206,Reverse Linked List,Linked List,63.0%,Easy,73.5406,https://leetcode.com/problems/reverse-linked-list
237,Delete Node in a Linked List,Linked List,64.4%,Easy,43.328,https://leetcode.com/problems/delete-node-in-a-linked-list
283,Move Zeroes,"Array, Two Pointers",58.0%,Easy,24.2106,https://leetcode.com/problems/move-zeroes
1183,Maximum Number of Ones,"Math, Sort",54.8%,Hard,0.0,https://leetcode.com/problems/maximum-number-of-ones
