Id,Title,Tags,Acceptance,Difficulty,Frequency,Link
1,Two Sum,"Array, Hash Table",45.7%,Easy,16.8093,https://leetcode.com/problems/two-sum
2,Add Two Numbers,"Linked List, Math",34.1%,Medium,15.6758,https://leetcode.com/problems/add-two-numbers
151,Reverse Words in a String,String,22.1%,Medium,86.074,https://leetcode.com/problems/reverse-words-in-a-string
160,Intersection of Two Linked Lists,Linked List,41.1%,Easy,100.0,https://leetcode.com/problems/intersection-of-two-linked-lists
191,Number of 1 Bits,Bit Manipulation,50.3%,Easy,74.9642,https://leetcode.com/problems/number-of-1-bits
206,Reverse Linked List,Linked List,63.0%,Easy,20.4656,https://leetcode.com/problems/reverse-linked-list
237,Delete Node in a Linked List,Linked List,64.4%,Easy,47.7149,https://leetcode.com/problems/delete-node-in-a-linked-list
