Id,Title,Tags,Acceptance,Difficulty,Frequency,Link
1,Two Sum,"Array, Hash Table",45.7%,Easy,4.41694,https://leetcode.com/problems/two-sum
49,Group Anagrams,"Hash Table, String",57.3%,Medium,48.0826,https://leetcode.com/problems/group-anagrams
140,Word Break II,"Dynamic Programming, Backtracking",32.9%,Hard,63.6609,https://leetcode.com/problems/word-break-ii
253,Meeting Rooms II,"Heap, Greedy, Sort",45.8%,Medium,40.7561,https://leetcode.com/problems/meeting-rooms-ii
362,Design Hit Counter,Design,63.9%,Medium,100.0,https://leetcode.com/problems/design-hit-counter
