Id,Title,Tags,Acceptance,Difficulty,Frequency,Link
1,Two Sum,"Array, Hash Table",45.7%,Easy,8.52865,https://leetcode.com/problems/two-sum
2,Add Two Numbers,"Linked List, Math",34.1%,Medium,7.95353,https://leetcode.com/problems/add-two-numbers
11,Container With Most Water,"Array, Two Pointers",51.1%,Medium,32.4628,https://leetcode.com/problems/container-with-most-water
17,Letter Combinations of a Phone Number,"String, Backtracking",47.1%,Medium,20.5262,https://leetcode.com/problems/letter-combinations-of-a-phone-number
22,Generate Parentheses,"String, Backtracking",63.1%,Medium,83.2828,https://leetcode.com/problems/generate-parentheses
23,Merge k Sorted Lists,"Linked List, Divide and Conquer, Heap",40.6%,Hard,45.1642,https://leetcode.com/problems/merge-k-sorted-lists
33,Search in Rotated Sorted Array,"Array, Binary Search",34.7%,Medium,15.7354,https://leetcode.com/problems/search-in-rotated-sorted-array
42,Trapping Rain Water,"Array, Two Pointers, Stack",49.2%,Hard,39.6949,https://leetcode.com/problems/trapping-rain-water
155,Min Stack,"Stack, Design",44.8%,Easy,21.9873,https://leetcode.com/problems/min-stack
210,Course Schedule II,"Depth-first Search, Breadth-first Search, Graph, Topological Sort",41.0%,Medium,33.581,https://leetcode.com/problems/course-schedule-ii
240,Search a 2D Matrix II,"Binary Search, Divide and Conquer",43.3%,Medium,35.0909,https://leetcode.com/problems/search-a-2d-matrix-ii
283,Move Zeroes,"Array, Two Pointers",58.0%,Easy,13.4598,https://leetcode.com/problems/move-zeroes
443,String Compression,String,41.5%,Easy,66.5655,https://leetcode.com/problems/string-compression
785,Is Graph Bipartite?,"Depth-first Search, Breadth-first Search, Graph",47.6%,Medium,58.6468,https://leetcode.com/problems/is-graph-bipartite
1283,Find the Smallest Divisor Given a Threshold,Binary Search,48.8%,Medium,100.0,https://leetcode.com/problems/find-the-smallest-divisor-given-a-threshold
