Id,Title,Tags,Acceptance,Difficulty,Frequency,Link
56,Merge Intervals,"Array, Sort",39.5%,Medium,1.37905,https://leetcode.com/problems/merge-intervals
166,Fraction to Recurring Decimal,"Hash Table, Math",21.7%,Medium,90.5489,https://leetcode.com/problems/fraction-to-recurring-decimal
592,Fraction Addition and Subtraction,Math,49.2%,Medium,100.0,https://leetcode.com/problems/fraction-addition-and-subtraction
598,Range Addition II,Math,49.6%,Easy,45.964,https://leetcode.com/problems/range-addition-ii
