Id,Title,Tags,Acceptance,Difficulty,Frequency,Link
14,Longest Common Prefix,String,35.5%,Easy,3.02232,https://leetcode.com/problems/longest-common-prefix
23,Merge k Sorted Lists,"Linked List, Divide and Conquer, Heap",40.6%,Hard,2.17593,https://leetcode.com/problems/merge-k-sorted-lists
56,Merge Intervals,"Array, Sort",39.5%,Medium,0.766182,https://leetcode.com/problems/merge-intervals
166,Fraction to Recurring Decimal,"Hash Table, Math",21.7%,Medium,81.0494,https://leetcode.com/problems/fraction-to-recurring-decimal
234,Palindrome Linked List,"Linked List, Two Pointers",39.5%,Easy,2.2767,https://leetcode.com/problems/palindrome-linked-list
592,Fraction Addition and Subtraction,Math,49.2%,Medium,100.0,https://leetcode.com/problems/fraction-addition-and-subtraction
598,Range Addition II,Math,49.6%,Easy,37.8006,https://leetcode.com/problems/range-addition-ii
691,Stickers to Spell Word,"Dynamic Programming, Backtracking",43.1%,Hard,35.5173,https://leetcode.com/problems/stickers-to-spell-word
717,1-bit and 2-bit Characters,Array,48.5%,Easy,4.14044,https://leetcode.com/problems/1-bit-and-2-bit-characters
945,Minimum Increment to Make Array Unique,Array,46.4%,Medium,49.6725,https://leetcode.com/problems/minimum-increment-to-make-array-unique
