Id,Title,Tags,Acceptance,Difficulty,Frequency,Link
15,3Sum,"Array, Two Pointers",27.0%,Medium,10.3876,https://leetcode.com/problems/3sum
56,Merge Intervals,"Array, Sort",39.5%,Medium,34.5349,https://leetcode.com/problems/merge-intervals
227,Basic Calculator II,String,37.1%,Medium,49.2844,https://leetcode.com/problems/basic-calculator-ii
301,Remove Invalid Parentheses,"Depth-first Search, Breadth-first Search",43.5%,Hard,74.6422,https://leetcode.com/problems/remove-invalid-parentheses
1190,Reverse Substrings Between Each Pair of Parentheses,Stack,62.9%,Medium,100.0,https://leetcode.com/problems/reverse-substrings-between-each-pair-of-parentheses
