Id,Title,Tags,Acceptance,Difficulty,Frequency,Link
34,Find First and Last Position of Element in Sorted Array,"Array, Binary Search",36.3%,Medium,1.01455,https://leetcode.com/problems/find-first-and-last-position-of-element-in-sorted-array
285,Inorder Successor in BST,Tree,40.8%,Medium,5.25442,https://leetcode.com/problems/inorder-successor-in-bst
362,Design Hit Counter,Design,63.9%,Medium,22.4356,https://leetcode.com/problems/design-hit-counter
510,Inorder Successor in BST II,Tree,58.3%,Medium,50.7145,https://leetcode.com/problems/inorder-successor-in-bst-ii
708,Insert into a Sorted Circular Linked List,Linked List,31.7%,Medium,100.0,https://leetcode.com/problems/insert-into-a-sorted-circular-linked-list
855,Exam Room,Ordered Map,43.2%,Medium,71.7211,https://leetcode.com/problems/exam-room
