Id,Title,Tags,Acceptance,Difficulty,Frequency,Link
1,Two Sum,"Array, Hash Table",45.7%,Easy,2.77796,https://leetcode.com/problems/two-sum
21,Merge Two Sorted Lists,Linked List,53.9%,Easy,66.2382,https://leetcode.com/problems/merge-two-sorted-lists
37,Sudoku Solver,"Hash Table, Backtracking",44.0%,Hard,93.5791,https://leetcode.com/problems/sudoku-solver
165,Compare Version Numbers,String,27.6%,Medium,100.0,https://leetcode.com/problems/compare-version-numbers
200,Number of Islands,"Depth-first Search, Breadth-first Search, Union Find",47.1%,Medium,21.8222,https://leetcode.com/problems/number-of-islands
268,Missing Number,"Array, Math, Bit Manipulation",51.9%,Easy,38.8973,https://leetcode.com/problems/missing-number
