Id,Title,Tags,Acceptance,Difficulty,Frequency,Link
48,Rotate Image,Array,57.3%,Medium,2.57312,https://leetcode.com/problems/rotate-image
113,Path Sum II,"Tree, Depth-first Search",47.1%,Medium,8.35004,https://leetcode.com/problems/path-sum-ii
253,Meeting Rooms II,"Heap, Greedy, Sort",45.8%,Medium,4.00366,https://leetcode.com/problems/meeting-rooms-ii
297,Serialize and Deserialize Binary Tree,"Tree, Design",47.8%,Hard,15.38,https://leetcode.com/problems/serialize-and-deserialize-binary-tree
380,Insert Delete GetRandom O(1),"Array, Hash Table, Design",47.7%,Medium,5.35943,https://leetcode.com/problems/insert-delete-getrandom-o1
390,Elimination Game,,44.5%,Medium,25.1862,https://leetcode.com/problems/elimination-game
437,Path Sum III,Tree,47.3%,Medium,6.2826,https://leetcode.com/problems/path-sum-iii
452,Minimum Number of Arrows to Burst Balloons,Greedy,49.7%,Medium,16.4046,https://leetcode.com/problems/minimum-number-of-arrows-to-burst-balloons
498,Diagonal Traverse,,48.4%,Medium,71.3313,https://leetcode.com/problems/diagonal-traverse
525,Contiguous Array,Hash Table,42.9%,Medium,100.0,https://leetcode.com/problems/contiguous-array
560,Subarray Sum Equals K,"Array, Hash Table",43.8%,Medium,0.96764,https://leetcode.com/problems/subarray-sum-equals-k
780,Reaching Points,Math,29.6%,Hard,22.0153,https://leetcode.com/problems/reaching-points
855,Exam Room,Ordered Map,43.2%,Medium,59.2983,https://leetcode.com/problems/exam-room
1027,Longest Arithmetic Subsequence,Dynamic Programming,52.3%,Medium,30.6296,https://leetcode.com/problems/longest-arithmetic-subsequence
1053,Previous Permutation With One Swap,"Array, Greedy",48.5%,Medium,25.3562,https://leetcode.com/problems/previous-permutation-with-one-swap
1329,Sort the Matrix Diagonally,"Array, Sort",78.5%,Medium,20.3217,https://leetcode.com/problems/sort-the-matrix-diagonally
