Id,Title,Tags,Acceptance,Difficulty,Frequency,Link
4,Median of Two Sorted Arrays,"Array, Binary Search, Divide and Conquer",29.8%,Hard,46.0308,https://leetcode.com/problems/median-of-two-sorted-arrays
46,Permutations,Backtracking,64.0%,Medium,53.9692,https://leetcode.com/problems/permutations
215,Kth Largest Element in an Array,"Divide and Conquer, Heap",55.8%,Medium,100.0,https://leetcode.com/problems/kth-largest-element-in-an-array
810,Chalkboard XOR Game,Math,48.5%,Hard,0.0,https://leetcode.com/problems/chalkboard-xor-game
