Id,Title,Tags,Acceptance,Difficulty,Frequency,Link
43,Multiply Strings,"Math, String",34.1%,Medium,30.5246,https://leetcode.com/problems/multiply-strings
227,Basic Calculator II,String,37.1%,Medium,100.0,https://leetcode.com/problems/basic-calculator-ii
238,Product of Array Except Self,Array,60.3%,Medium,11.8738,https://leetcode.com/problems/product-of-array-except-self
304,Range Sum Query 2D - Immutable,Dynamic Programming,38.9%,Medium,65.2623,https://leetcode.com/problems/range-sum-query-2d-immutable
