Id,Title,Tags,Acceptance,Difficulty,Frequency,Link
1,Two Sum,"Array, Hash Table",45.7%,Easy,1.53354,https://leetcode.com/problems/two-sum
42,Trapping Rain Water,"Array, Two Pointers, Stack",49.2%,Hard,44.3088,https://leetcode.com/problems/trapping-rain-water
56,Merge Intervals,"Array, Sort",39.5%,Medium,57.2247,https://leetcode.com/problems/merge-intervals
57,Insert Interval,"Array, Sort",33.7%,Hard,100.0,https://leetcode.com/problems/insert-interval
885,Spiral Matrix III,Math,69.6%,Medium,0.0,https://leetcode.com/problems/spiral-matrix-iii
