Id,Title,Tags,Acceptance,Difficulty,Frequency,Link
12,Integer to Roman,"Math, String",55.3%,Medium,100.0,https://leetcode.com/problems/integer-to-roman
200,Number of Islands,"Depth-first Search, Breadth-first Search, Union Find",47.1%,Medium,25.9221,https://leetcode.com/problems/number-of-islands
202,Happy Number,"Hash Table, Math",50.6%,Easy,67.6313,https://leetcode.com/problems/happy-number
238,Product of Array Except Self,Array,60.3%,Medium,35.2627,https://leetcode.com/problems/product-of-array-except-self
