Id,Title,Tags,Acceptance,Difficulty,Frequency,Link
4,Median of Two Sorted Arrays,"Array, Binary Search, Divide and Conquer",29.8%,Hard,2.65769,https://leetcode.com/problems/median-of-two-sorted-arrays
227,Basic Calculator II,String,37.1%,Medium,17.8275,https://leetcode.com/problems/basic-calculator-ii
289,Game of Life,Array,54.9%,Medium,100.0,https://leetcode.com/problems/game-of-life
314,Binary Tree Vertical Order Traversal,"Depth-first Search, Breadth-first Search",45.5%,Medium,70.1732,https://leetcode.com/problems/binary-tree-vertical-order-traversal
706,Design HashMap,"Hash Table, Design",61.6%,Easy,47.6543,https://leetcode.com/problems/design-hashmap
987,Vertical Order Traversal of a Binary Tree,"Hash Table, Tree",36.5%,Medium,1.50229,https://leetcode.com/problems/vertical-order-traversal-of-a-binary-tree
