Id,Title,Tags,Acceptance,Difficulty,Frequency,Link
206,Reverse Linked List,Linked List,63.0%,Easy,28.391,https://leetcode.com/problems/reverse-linked-list
394,Decode String,"Stack, Depth-first Search",50.4%,Medium,78.5461,https://leetcode.com/problems/decode-string
543,Diameter of Binary Tree,Tree,48.6%,Easy,56.7819,https://leetcode.com/problems/diameter-of-binary-tree
1143,Longest Common Subsequence,Dynamic Programming,58.4%,Medium,100.0,https://leetcode.com/problems/longest-common-subsequence
