Id,Title,Tags,Acceptance,Difficulty,Frequency,Link
1,Two Sum,"Array, Hash Table",45.7%,Easy,3.6224,https://leetcode.com/problems/two-sum
23,Merge k Sorted Lists,"Linked List, Divide and Conquer, Heap",40.6%,Hard,1.35833,https://leetcode.com/problems/merge-k-sorted-lists
68,Text Justification,String,28.0%,Hard,45.9738,https://leetcode.com/problems/text-justification
126,Word Ladder II,"Array, String, Backtracking, Breadth-first Search",22.4%,Hard,7.99013,https://leetcode.com/problems/word-ladder-ii
191,Number of 1 Bits,Bit Manipulation,50.3%,Easy,22.2915,https://leetcode.com/problems/number-of-1-bits
250,Count Univalue Subtrees,Tree,52.2%,Medium,100.0,https://leetcode.com/problems/count-univalue-subtrees
935,Knight Dialer,Dynamic Programming,45.3%,Medium,28.0634,https://leetcode.com/problems/knight-dialer
965,Univalued Binary Tree,Tree,67.6%,Easy,72.9869,https://leetcode.com/problems/univalued-binary-tree
