Id,Title,Tags,Acceptance,Difficulty,Frequency,Link
20,Valid Parentheses,"String, Stack",39.1%,Easy,8.96197,https://leetcode.com/problems/valid-parentheses
200,Number of Islands,"Depth-first Search, Breadth-first Search, Union Find",47.1%,Medium,2.98189,https://leetcode.com/problems/number-of-islands
529,Minesweeper,"Depth-first Search, Breadth-first Search",59.4%,Medium,100.0,https://leetcode.com/problems/minesweeper
575,Distribute Candies,Hash Table,61.4%,Easy,98.557,https://leetcode.com/problems/distribute-candies
581,Shortest Unsorted Continuous Subarray,Array,31.2%,Easy,55.5833,https://leetcode.com/problems/shortest-unsorted-continuous-subarray
594,Longest Harmonious Subsequence,Hash Table,46.8%,Easy,0.0,https://leetcode.com/problems/longest-harmonious-subsequence
785,Is Graph Bipartite?,"Depth-first Search, Breadth-first Search, Graph",47.6%,Medium,51.9357,https://leetcode.com/problems/is-graph-bipartite
949,Largest Time for Given Digits,Math,37.6%,Easy,0.0,https://leetcode.com/problems/largest-time-for-given-digits
