Id,Title,Tags,Acceptance,Difficulty,Frequency,Link
38,Count and Say,String,44.9%,Easy,31.052,https://leetcode.com/problems/count-and-say
54,Spiral Matrix,Array,34.3%,Medium,65.526,https://leetcode.com/problems/spiral-matrix
59,Spiral Matrix II,Array,54.3%,Medium,5.54406,https://leetcode.com/problems/spiral-matrix-ii
306,Additive Number,Backtracking,29.4%,Medium,100.0,https://leetcode.com/problems/additive-number
728,Self Dividing Numbers,Math,74.6%,Easy,0.0,https://leetcode.com/problems/self-dividing-numbers
1215,Stepping Numbers,Backtracking,41.9%,Medium,0.0,https://leetcode.com/problems/stepping-numbers
