Id,Title,Tags,Acceptance,Difficulty,Frequency,Link
1,Two Sum,"Array, Hash Table",45.7%,Easy,2.98941,https://leetcode.com/problems/two-sum
200,Number of Islands,"Depth-first Search, Breadth-first Search, Union Find",47.1%,Medium,41.6607,https://leetcode.com/problems/number-of-islands
238,Product of Array Except Self,Array,60.3%,Medium,100.0,https://leetcode.com/problems/product-of-array-except-self
706,Design HashMap,"Hash Table, Design",61.6%,Easy,61.3287,https://leetcode.com/problems/design-hashmap
