Id,Title,Tags,Acceptance,Difficulty,Frequency,Link
1,Two Sum,"Array, Hash Table",45.7%,Easy,13.3859,https://leetcode.com/problems/two-sum
3,Longest Substring Without Repeating Characters,"Hash Table, Two Pointers, String, Sliding Window",30.5%,Medium,11.1739,https://leetcode.com/problems/longest-substring-without-repeating-characters
5,Longest Palindromic Substring,"String, Dynamic Programming",29.6%,Medium,16.4295,https://leetcode.com/problems/longest-palindromic-substring
41,First Missing Positive,Array,32.2%,Hard,51.5691,https://leetcode.com/problems/first-missing-positive
53,Maximum Subarray,"Array, Divide and Conquer, Dynamic Programming",46.7%,Easy,15.2984,https://leetcode.com/problems/maximum-subarray
91,Decode Ways,"String, Dynamic Programming",24.9%,Medium,80.6078,https://leetcode.com/problems/decode-ways
121,Best Time to Buy and Sell Stock,"Array, Dynamic Programming",50.6%,Easy,62.3917,https://leetcode.com/problems/best-time-to-buy-and-sell-stock
160,Intersection of Two Linked Lists,Linked List,41.1%,Easy,35.8218,https://leetcode.com/problems/intersection-of-two-linked-lists
871,Minimum Number of Refueling Stops,"Dynamic Programming, Heap",31.4%,Hard,100.0,https://leetcode.com/problems/minimum-number-of-refueling-stops
