Id,Title,Tags,Acceptance,Difficulty,Frequency,Link
1,Two Sum,"Array, Hash Table",45.7%,Easy,9.94991,https://leetcode.com/problems/two-sum
2,Add Two Numbers,"Linked List, Math",34.1%,Medium,3.34501,https://leetcode.com/problems/add-two-numbers
8,String to Integer (atoi),"Math, String",15.4%,Medium,7.79323,https://leetcode.com/problems/string-to-integer-atoi
22,Generate Parentheses,"String, Backtracking",63.1%,Medium,19.7672,https://leetcode.com/problems/generate-parentheses
23,Merge k Sorted Lists,"Linked List, Divide and Conquer, Heap",40.6%,Hard,8.46125,https://leetcode.com/problems/merge-k-sorted-lists
33,Search in Rotated Sorted Array,"Array, Binary Search",34.7%,Medium,41.0552,https://leetcode.com/problems/search-in-rotated-sorted-array
48,Rotate Image,Array,57.3%,Medium,9.4446,https://leetcode.com/problems/rotate-image
64,Minimum Path Sum,"Array, Dynamic Programming",54.8%,Medium,12.5932,https://leetcode.com/problems/minimum-path-sum
70,Climbing Stairs,Dynamic Programming,47.9%,Easy,5.97886,https://leetcode.com/problems/climbing-stairs
97,Interleaving String,"String, Dynamic Programming",31.7%,Hard,44.6374,https://leetcode.com/problems/interleaving-string
114,Flatten Binary Tree to Linked List,"Tree, Depth-first Search",49.7%,Medium,17.6997,https://leetcode.com/problems/flatten-binary-tree-to-linked-list
146,LRU Cache,Design,33.5%,Medium,74.9466,https://leetcode.com/problems/lru-cache
151,Reverse Words in a String,String,22.1%,Medium,41.576,https://leetcode.com/problems/reverse-words-in-a-string
199,Binary Tree Right Side View,"Tree, Depth-first Search, Breadth-first Search",54.4%,Medium,11.755,https://leetcode.com/problems/binary-tree-right-side-view
200,Number of Islands,"Depth-first Search, Breadth-first Search, Union Find",47.1%,Medium,5.57649,https://leetcode.com/problems/number-of-islands
206,Reverse Linked List,Linked List,63.0%,Easy,39.0111,https://leetcode.com/problems/reverse-linked-list
223,Rectangle Area,Math,37.9%,Medium,93.3728,https://leetcode.com/problems/rectangle-area
231,Power of Two,"Math, Bit Manipulation",43.7%,Easy,83.0894,https://leetcode.com/problems/power-of-two
268,Missing Number,"Array, Math, Bit Manipulation",51.9%,Easy,9.95153,https://leetcode.com/problems/missing-number
388,Longest Absolute File Path,,41.8%,Medium,100.0,https://leetcode.com/problems/longest-absolute-file-path
415,Add Strings,String,47.7%,Easy,15.7304,https://leetcode.com/problems/add-strings
706,Design HashMap,"Hash Table, Design",61.6%,Easy,32.7189,https://leetcode.com/problems/design-hashmap
739,Daily Temperatures,"Hash Table, Stack",63.7%,Medium,17.0875,https://leetcode.com/problems/daily-temperatures
867,Transpose Matrix,Array,62.7%,Easy,59.792,https://leetcode.com/problems/transpose-matrix
939,Minimum Area Rectangle,Hash Table,51.6%,Medium,78.8171,https://leetcode.com/problems/minimum-area-rectangle
