Id,Title,Tags,Acceptance,Difficulty,Frequency,Link
1294,Weather Type in Each Country,,63.5%,Easy,0,https://leetcode.com/problems/weather-type-in-each-country
1321,Restaurant Growth,,68.7%,Medium,0,https://leetcode.com/problems/restaurant-growth
1378,Replace Employee ID With The Unique Identifier,,88.2%,Easy,0,https://leetcode.com/problems/replace-employee-id-with-the-unique-identifier
1407,Top Travellers,,82.3%,Easy,0,https://leetcode.com/problems/top-travellers
1440,Evaluate Boolean Expression,,71.8%,Medium,0,https://leetcode.com/problems/evaluate-boolean-expression
