Id,Title,Tags,Acceptance,Difficulty,Frequency,Link
1317,Convert Integer to the Sum of Two No-Zero Integers,Math,56.8%,Easy,0,https://leetcode.com/problems/convert-integer-to-the-sum-of-two-no-zero-integers
1323,Maximum 69 Number,Math,77.9%,Easy,100,https://leetcode.com/problems/maximum-69-number
1342,Number of Steps to Reduce a Number to Zero,Bit Manipulation,86.2%,Easy,0,https://leetcode.com/problems/number-of-steps-to-reduce-a-number-to-zero
1566,Detect Pattern of Length M Repeated K or More Times,Array,42.0%,Easy,0,https://leetcode.com/problems/detect-pattern-of-length-m-repeated-k-or-more-times
