Id,Title,Tags,Acceptance,Difficulty,Frequency,Link
1,Two Sum,"Array, Hash Table",45.7%,Easy,2.69299,https://leetcode.com/problems/two-sum
3,Longest Substring Without Repeating Characters,"Hash Table, Two Pointers, String, Sliding Window",30.5%,Medium,1.15455,https://leetcode.com/problems/longest-substring-without-repeating-characters
4,Median of Two Sorted Arrays,"Array, Binary Search, Divide and Conquer",29.8%,Hard,49.2558,https://leetcode.com/problems/median-of-two-sorted-arrays
5,Longest Palindromic Substring,"String, Dynamic Programming",29.6%,Medium,0.338509,https://leetcode.com/problems/longest-palindromic-substring
8,String to Integer (atoi),"Math, String",15.4%,Medium,7.75292,https://leetcode.com/problems/string-to-integer-atoi
10,Regular Expression Matching,"String, Dynamic Programming, Backtracking",26.9%,Hard,2.42326,https://leetcode.com/problems/regular-expression-matching
11,Container With Most Water,"Array, Two Pointers",51.1%,Medium,10.4194,https://leetcode.com/problems/container-with-most-water
13,Roman to Integer,"Math, String",55.9%,Easy,0.296592,https://leetcode.com/problems/roman-to-integer
15,3Sum,"Array, Two Pointers",27.0%,Medium,0.0871009,https://leetcode.com/problems/3sum
16,3Sum Closest,"Array, Two Pointers",46.0%,Medium,0.66882,https://leetcode.com/problems/3sum-closest
17,Letter Combinations of a Phone Number,"String, Backtracking",47.1%,Medium,0.373567,https://leetcode.com/problems/letter-combinations-of-a-phone-number
19,Remove Nth Node From End of List,"Linked List, Two Pointers",35.3%,Medium,1.15414,https://leetcode.com/problems/remove-nth-node-from-end-of-list
20,Valid Parentheses,"String, Stack",39.1%,Easy,0.323087,https://leetcode.com/problems/valid-parentheses
23,Merge k Sorted Lists,"Linked List, Divide and Conquer, Heap",40.6%,Hard,0.16311,https://leetcode.com/problems/merge-k-sorted-lists
33,Search in Rotated Sorted Array,"Array, Binary Search",34.7%,Medium,5.85927,https://leetcode.com/problems/search-in-rotated-sorted-array
39,Combination Sum,"Array, Backtracking",56.5%,Medium,0.228834,https://leetcode.com/problems/combination-sum
42,Trapping Rain Water,"Array, Two Pointers, Stack",49.2%,Hard,100.0,https://leetcode.com/problems/trapping-rain-water
44,Wildcard Matching,"String, Dynamic Programming, Backtracking, Greedy",24.8%,Hard,14.9216,https://leetcode.com/problems/wildcard-matching
46,Permutations,Backtracking,64.0%,Medium,0.161594,https://leetcode.com/problems/permutations
49,Group Anagrams,"Hash Table, String",57.3%,Medium,27.6317,https://leetcode.com/problems/group-anagrams
50,"Pow(x, n)","Math, Binary Search",30.5%,Medium,0.811451,https://leetcode.com/problems/powx-n
53,Maximum Subarray,"Array, Divide and Conquer, Dynamic Programming",46.7%,Easy,0.491631,https://leetcode.com/problems/maximum-subarray
54,Spiral Matrix,Array,34.3%,Medium,9.92897,https://leetcode.com/problems/spiral-matrix
56,Merge Intervals,"Array, Sort",39.5%,Medium,3.1169,https://leetcode.com/problems/merge-intervals
59,Spiral Matrix II,Array,54.3%,Medium,0.583652,https://leetcode.com/problems/spiral-matrix-ii
62,Unique Paths,"Array, Dynamic Programming",54.4%,Medium,2.24562,https://leetcode.com/problems/unique-paths
64,Minimum Path Sum,"Array, Dynamic Programming",54.8%,Medium,16.3376,https://leetcode.com/problems/minimum-path-sum
69,Sqrt(x),"Math, Binary Search",34.1%,Easy,0.200361,https://leetcode.com/problems/sqrtx
70,Climbing Stairs,Dynamic Programming,47.9%,Easy,0.715531,https://leetcode.com/problems/climbing-stairs
72,Edit Distance,"String, Dynamic Programming",45.1%,Hard,0.38708,https://leetcode.com/problems/edit-distance
75,Sort Colors,"Array, Two Pointers, Sort",47.6%,Medium,0.441236,https://leetcode.com/problems/sort-colors
76,Minimum Window Substring,"Hash Table, Two Pointers, String, Sliding Window",34.9%,Hard,2.11142,https://leetcode.com/problems/minimum-window-substring
78,Subsets,"Array, Backtracking, Bit Manipulation",62.5%,Medium,2.32071,https://leetcode.com/problems/subsets
82,Remove Duplicates from Sorted List II,Linked List,37.1%,Medium,0.513961,https://leetcode.com/problems/remove-duplicates-from-sorted-list-ii
83,Remove Duplicates from Sorted List,Linked List,45.6%,Easy,0.546001,https://leetcode.com/problems/remove-duplicates-from-sorted-list
88,Merge Sorted Array,"Array, Two Pointers",39.6%,Easy,0.255479,https://leetcode.com/problems/merge-sorted-array
91,Decode Ways,"String, Dynamic Programming",24.9%,Medium,2.88009,https://leetcode.com/problems/decode-ways
98,Validate Binary Search Tree,"Tree, Depth-first Search",27.9%,Medium,0.453986,https://leetcode.com/problems/validate-binary-search-tree
99,Recover Binary Search Tree,"Tree, Depth-first Search",40.0%,Hard,1.92156,https://leetcode.com/problems/recover-binary-search-tree
104,Maximum Depth of Binary Tree,"Tree, Depth-first Search",66.3%,Easy,0.108654,https://leetcode.com/problems/maximum-depth-of-binary-tree
118,Pascal's Triangle,Array,52.9%,Easy,1.6266,https://leetcode.com/problems/pascals-triangle
119,Pascal's Triangle II,Array,50.9%,Easy,2.79386,https://leetcode.com/problems/pascals-triangle-ii
120,Triangle,"Array, Dynamic Programming",44.4%,Medium,0.536763,https://leetcode.com/problems/triangle
121,Best Time to Buy and Sell Stock,"Array, Dynamic Programming",50.6%,Easy,12.7395,https://leetcode.com/problems/best-time-to-buy-and-sell-stock
122,Best Time to Buy and Sell Stock II,"Array, Greedy",57.2%,Easy,1.25509,https://leetcode.com/problems/best-time-to-buy-and-sell-stock-ii
141,Linked List Cycle,"Linked List, Two Pointers",41.4%,Easy,2.14679,https://leetcode.com/problems/linked-list-cycle
142,Linked List Cycle II,"Linked List, Two Pointers",37.6%,Medium,0.267098,https://leetcode.com/problems/linked-list-cycle-ii
146,LRU Cache,Design,33.5%,Medium,6.02911,https://leetcode.com/problems/lru-cache
153,Find Minimum in Rotated Sorted Array,"Array, Binary Search",45.2%,Medium,10.418,https://leetcode.com/problems/find-minimum-in-rotated-sorted-array
155,Min Stack,"Stack, Design",44.8%,Easy,3.47826,https://leetcode.com/problems/min-stack
160,Intersection of Two Linked Lists,Linked List,41.1%,Easy,0.185039,https://leetcode.com/problems/intersection-of-two-linked-lists
166,Fraction to Recurring Decimal,"Hash Table, Math",21.7%,Medium,65.5162,https://leetcode.com/problems/fraction-to-recurring-decimal
167,Two Sum II - Input array is sorted,"Array, Two Pointers, Binary Search",54.3%,Easy,0.831034,https://leetcode.com/problems/two-sum-ii-input-array-is-sorted
189,Rotate Array,Array,35.0%,Easy,0.623105,https://leetcode.com/problems/rotate-array
198,House Robber,Dynamic Programming,42.1%,Easy,0.141238,https://leetcode.com/problems/house-robber
200,Number of Islands,"Depth-first Search, Breadth-first Search, Union Find",47.1%,Medium,4.33089,https://leetcode.com/problems/number-of-islands
204,Count Primes,"Hash Table, Math",31.6%,Easy,0.27874,https://leetcode.com/problems/count-primes
206,Reverse Linked List,Linked List,63.0%,Easy,1.67464,https://leetcode.com/problems/reverse-linked-list
207,Course Schedule,"Depth-first Search, Breadth-first Search, Graph, Topological Sort",43.3%,Medium,0.206507,https://leetcode.com/problems/course-schedule
209,Minimum Size Subarray Sum,"Array, Two Pointers, Binary Search",38.4%,Medium,81.7317,https://leetcode.com/problems/minimum-size-subarray-sum
215,Kth Largest Element in an Array,"Divide and Conquer, Heap",55.8%,Medium,1.03927,https://leetcode.com/problems/kth-largest-element-in-an-array
218,The Skyline Problem,"Divide and Conquer, Heap, Binary Indexed Tree, Segment Tree, Line Sweep",34.7%,Hard,4.01979,https://leetcode.com/problems/the-skyline-problem
237,Delete Node in a Linked List,Linked List,64.4%,Easy,0.196276,https://leetcode.com/problems/delete-node-in-a-linked-list
238,Product of Array Except Self,Array,60.3%,Medium,23.4589,https://leetcode.com/problems/product-of-array-except-self
240,Search a 2D Matrix II,"Binary Search, Divide and Conquer",43.3%,Medium,0.637595,https://leetcode.com/problems/search-a-2d-matrix-ii
242,Valid Anagram,"Hash Table, Sort",57.1%,Easy,0.368207,https://leetcode.com/problems/valid-anagram
253,Meeting Rooms II,"Heap, Greedy, Sort",45.8%,Medium,0.283686,https://leetcode.com/problems/meeting-rooms-ii
283,Move Zeroes,"Array, Two Pointers",58.0%,Easy,0.43491,https://leetcode.com/problems/move-zeroes
289,Game of Life,Array,54.9%,Medium,88.2617,https://leetcode.com/problems/game-of-life
295,Find Median from Data Stream,"Heap, Design",44.8%,Hard,0.827652,https://leetcode.com/problems/find-median-from-data-stream
309,Best Time to Buy and Sell Stock with Cooldown,Dynamic Programming,47.5%,Medium,0.626539,https://leetcode.com/problems/best-time-to-buy-and-sell-stock-with-cooldown
317,Shortest Distance from All Buildings,Breadth-first Search,41.7%,Hard,1.50613,https://leetcode.com/problems/shortest-distance-from-all-buildings
322,Coin Change,Dynamic Programming,35.8%,Medium,9.06714,https://leetcode.com/problems/coin-change
326,Power of Three,Math,42.1%,Easy,3.84031,https://leetcode.com/problems/power-of-three
332,Reconstruct Itinerary,"Depth-first Search, Graph",36.9%,Medium,3.47733,https://leetcode.com/problems/reconstruct-itinerary
344,Reverse String,"Two Pointers, String",68.8%,Easy,0.127256,https://leetcode.com/problems/reverse-string
347,Top K Frequent Elements,"Hash Table, Heap",61.4%,Medium,0.217679,https://leetcode.com/problems/top-k-frequent-elements
380,Insert Delete GetRandom O(1),"Array, Hash Table, Design",47.7%,Medium,0.851081,https://leetcode.com/problems/insert-delete-getrandom-o1
387,First Unique Character in a String,"Hash Table, String",53.4%,Easy,42.4237,https://leetcode.com/problems/first-unique-character-in-a-string
438,Find All Anagrams in a String,Hash Table,43.6%,Medium,0.306247,https://leetcode.com/problems/find-all-anagrams-in-a-string
443,String Compression,String,41.5%,Easy,42.8428,https://leetcode.com/problems/string-compression
445,Add Two Numbers II,Linked List,54.8%,Medium,0.506116,https://leetcode.com/problems/add-two-numbers-ii
460,LFU Cache,Design,34.5%,Hard,2.80851,https://leetcode.com/problems/lfu-cache
524,Longest Word in Dictionary through Deleting,"Two Pointers, Sort",48.6%,Medium,14.1673,https://leetcode.com/problems/longest-word-in-dictionary-through-deleting
532,K-diff Pairs in an Array,"Array, Two Pointers",31.7%,Easy,19.4395,https://leetcode.com/problems/k-diff-pairs-in-an-array
547,Friend Circles,"Depth-first Search, Union Find",58.9%,Medium,16.0652,https://leetcode.com/problems/friend-circles
560,Subarray Sum Equals K,"Array, Hash Table",43.8%,Medium,3.01327,https://leetcode.com/problems/subarray-sum-equals-k
588,Design In-Memory File System,Design,46.2%,Hard,2.37538,https://leetcode.com/problems/design-in-memory-file-system
592,Fraction Addition and Subtraction,Math,49.2%,Medium,19.6137,https://leetcode.com/problems/fraction-addition-and-subtraction
628,Maximum Product of Three Numbers,"Array, Math",47.1%,Easy,0.709452,https://leetcode.com/problems/maximum-product-of-three-numbers
647,Palindromic Substrings,"String, Dynamic Programming",60.9%,Medium,11.7341,https://leetcode.com/problems/palindromic-substrings
657,Robot Return to Origin,String,73.7%,Easy,11.7487,https://leetcode.com/problems/robot-return-to-origin
688,Knight Probability in Chessboard,Dynamic Programming,49.2%,Medium,37.4813,https://leetcode.com/problems/knight-probability-in-chessboard
706,Design HashMap,"Hash Table, Design",61.6%,Easy,34.2529,https://leetcode.com/problems/design-hashmap
720,Longest Word in Dictionary,"Hash Table, Trie",48.4%,Easy,3.23747,https://leetcode.com/problems/longest-word-in-dictionary
722,Remove Comments,String,34.7%,Medium,13.5892,https://leetcode.com/problems/remove-comments
724,Find Pivot Index,Array,44.2%,Easy,8.4379,https://leetcode.com/problems/find-pivot-index
739,Daily Temperatures,"Hash Table, Stack",63.7%,Medium,0.329402,https://leetcode.com/problems/daily-temperatures
780,Reaching Points,Math,29.6%,Hard,74.4676,https://leetcode.com/problems/reaching-points
836,Rectangle Overlap,Math,48.4%,Easy,0.903016,https://leetcode.com/problems/rectangle-overlap
862,Shortest Subarray with Sum at Least K,"Binary Search, Queue",24.7%,Hard,56.5649,https://leetcode.com/problems/shortest-subarray-with-sum-at-least-k
876,Middle of the Linked List,Linked List,68.6%,Easy,0.608328,https://leetcode.com/problems/middle-of-the-linked-list
887,Super Egg Drop,"Math, Binary Search, Dynamic Programming",27.1%,Hard,3.03268,https://leetcode.com/problems/super-egg-drop
931,Minimum Falling Path Sum,Dynamic Programming,62.6%,Medium,3.72873,https://leetcode.com/problems/minimum-falling-path-sum
939,Minimum Area Rectangle,Hash Table,51.6%,Medium,3.65138,https://leetcode.com/problems/minimum-area-rectangle
942,DI String Match,Math,72.8%,Easy,3.4511,https://leetcode.com/problems/di-string-match
973,K Closest Points to Origin,"Divide and Conquer, Heap, Sort",64.0%,Medium,0.217864,https://leetcode.com/problems/k-closest-points-to-origin
992,Subarrays with K Different Integers,"Hash Table, Two Pointers, Sliding Window",49.0%,Hard,1.48736,https://leetcode.com/problems/subarrays-with-k-different-integers
993,Cousins in Binary Tree,"Tree, Breadth-first Search",52.0%,Easy,1.65341,https://leetcode.com/problems/cousins-in-binary-tree
1010,Pairs of Songs With Total Durations Divisible by 60,Array,47.3%,Easy,1.45002,https://leetcode.com/problems/pairs-of-songs-with-total-durations-divisible-by-60
1041,Robot Bounded In Circle,Math,50.3%,Medium,91.0486,https://leetcode.com/problems/robot-bounded-in-circle
1051,Height Checker,Array,71.5%,Easy,9.34637,https://leetcode.com/problems/height-checker
1086,High Five,"Array, Hash Table, Sort",80.0%,Easy,88.0031,https://leetcode.com/problems/high-five
1163,Last Substring in Lexicographical Order,"String, Suffix Array",34.6%,Hard,35.8753,https://leetcode.com/problems/last-substring-in-lexicographical-order
1209,Remove All Adjacent Duplicates in String II,Stack,57.1%,Medium,0.908975,https://leetcode.com/problems/remove-all-adjacent-duplicates-in-string-ii
1219,Path with Maximum Gold,Backtracking,65.2%,Medium,1.67367,https://leetcode.com/problems/path-with-maximum-gold
1235,Maximum Profit in Job Scheduling,"Binary Search, Dynamic Programming, Sort",44.2%,Hard,1.55993,https://leetcode.com/problems/maximum-profit-in-job-scheduling
1395,Count Number of Teams,Array,82.1%,Medium,4.15563,https://leetcode.com/problems/count-number-of-teams
