Id,Title,Tags,Acceptance,Difficulty,Frequency,Link
116,Populating Next Right Pointers in Each Node,"Tree, Depth-first Search",45.7%,Medium,19.1465,https://leetcode.com/problems/populating-next-right-pointers-in-each-node
133,Clone Graph,"Depth-first Search, Breadth-first Search, Graph",35.4%,Medium,18.9613,https://leetcode.com/problems/clone-graph
1293,Shortest Path in a Grid with Obstacles Elimination,Breadth-first Search,42.6%,Hard,100.0,https://leetcode.com/problems/shortest-path-in-a-grid-with-obstacles-elimination
1374,Generate a String With Characters That Have Odd Counts,String,75.5%,Easy,59.5732,https://leetcode.com/problems/generate-a-string-with-characters-that-have-odd-counts
