Id,Title,Tags,Acceptance,Difficulty,Frequency,Link
1,Two Sum,"Array, Hash Table",45.7%,Easy,37.7451,https://leetcode.com/problems/two-sum
2,Add Two Numbers,"Linked List, Math",34.1%,Medium,100.0,https://leetcode.com/problems/add-two-numbers
3,Longest Substring Without Repeating Characters,"Hash Table, Two Pointers, String, Sliding Window",30.5%,Medium,85.2918,https://leetcode.com/problems/longest-substring-without-repeating-characters
15,3Sum,"Array, Two Pointers",27.0%,Medium,47.5467,https://leetcode.com/problems/3sum
