Id,Title,Tags,Acceptance,Difficulty,Frequency,Link
1,Two Sum,"Array, Hash Table",45.7%,Easy,100.0,https://leetcode.com/problems/two-sum
2,Add Two Numbers,"Linked List, Math",34.1%,Medium,61.4616,https://leetcode.com/problems/add-two-numbers
3,Longest Substring Without Repeating Characters,"Hash Table, Two Pointers, String, Sliding Window",30.5%,Medium,54.0075,https://leetcode.com/problems/longest-substring-without-repeating-characters
15,3Sum,"Array, Two Pointers",27.0%,Medium,15.4691,https://leetcode.com/problems/3sum
1275,Find Winner on a Tic Tac Toe Game,Array,52.9%,Easy,0.0,https://leetcode.com/problems/find-winner-on-a-tic-tac-toe-game
