Id,Title,Tags,Acceptance,Difficulty,Frequency,Link
1,Two Sum,"Array, Hash Table",45.7%,Easy,5.95252,https://leetcode.com/problems/two-sum
2,Add Two Numbers,"Linked List, Math",34.1%,Medium,2.44833,https://leetcode.com/problems/add-two-numbers
3,Longest Substring Without Repeating Characters,"Hash Table, Two Pointers, String, Sliding Window",30.5%,Medium,3.69087,https://leetcode.com/problems/longest-substring-without-repeating-characters
4,Median of Two Sorted Arrays,"Array, Binary Search, Divide and Conquer",29.8%,Hard,1.13363,https://leetcode.com/problems/median-of-two-sorted-arrays
5,Longest Palindromic Substring,"String, Dynamic Programming",29.6%,Medium,1.56154,https://leetcode.com/problems/longest-palindromic-substring
6,ZigZag Conversion,String,36.6%,Medium,0.277286,https://leetcode.com/problems/zigzag-conversion
7,Reverse Integer,Math,25.8%,Easy,0.801294,https://leetcode.com/problems/reverse-integer
8,String to Integer (atoi),"Math, String",15.4%,Medium,9.97296,https://leetcode.com/problems/string-to-integer-atoi
10,Regular Expression Matching,"String, Dynamic Programming, Backtracking",26.9%,Hard,8.31959,https://leetcode.com/problems/regular-expression-matching
11,Container With Most Water,"Array, Two Pointers",51.1%,Medium,1.70107,https://leetcode.com/problems/container-with-most-water
13,Roman to Integer,"Math, String",55.9%,Easy,0.486532,https://leetcode.com/problems/roman-to-integer
14,Longest Common Prefix,String,35.5%,Easy,1.05121,https://leetcode.com/problems/longest-common-prefix
15,3Sum,"Array, Two Pointers",27.0%,Medium,4.8647,https://leetcode.com/problems/3sum
16,3Sum Closest,"Array, Two Pointers",46.0%,Medium,1.69636,https://leetcode.com/problems/3sum-closest
17,Letter Combinations of a Phone Number,"String, Backtracking",47.1%,Medium,0.15395,https://leetcode.com/problems/letter-combinations-of-a-phone-number
19,Remove Nth Node From End of List,"Linked List, Two Pointers",35.3%,Medium,3.48452,https://leetcode.com/problems/remove-nth-node-from-end-of-list
20,Valid Parentheses,"String, Stack",39.1%,Easy,1.8336,https://leetcode.com/problems/valid-parentheses
21,Merge Two Sorted Lists,Linked List,53.9%,Easy,0.678168,https://leetcode.com/problems/merge-two-sorted-lists
22,Generate Parentheses,"String, Backtracking",63.1%,Medium,7.07035,https://leetcode.com/problems/generate-parentheses
23,Merge k Sorted Lists,"Linked List, Divide and Conquer, Heap",40.6%,Hard,44.5328,https://leetcode.com/problems/merge-k-sorted-lists
24,Swap Nodes in Pairs,Linked List,50.8%,Medium,0.909827,https://leetcode.com/problems/swap-nodes-in-pairs
25,Reverse Nodes in k-Group,Linked List,42.5%,Hard,3.22788,https://leetcode.com/problems/reverse-nodes-in-k-group
26,Remove Duplicates from Sorted Array,"Array, Two Pointers",45.4%,Easy,0.597306,https://leetcode.com/problems/remove-duplicates-from-sorted-array
28,Implement strStr(),"Two Pointers, String",34.6%,Easy,0.313891,https://leetcode.com/problems/implement-strstr
29,Divide Two Integers,"Math, Binary Search",16.4%,Medium,25.0989,https://leetcode.com/problems/divide-two-integers
31,Next Permutation,Array,32.7%,Medium,21.0756,https://leetcode.com/problems/next-permutation
33,Search in Rotated Sorted Array,"Array, Binary Search",34.7%,Medium,13.261,https://leetcode.com/problems/search-in-rotated-sorted-array
34,Find First and Last Position of Element in Sorted Array,"Array, Binary Search",36.3%,Medium,29.5068,https://leetcode.com/problems/find-first-and-last-position-of-element-in-sorted-array
36,Valid Sudoku,Hash Table,49.1%,Medium,0.268478,https://leetcode.com/problems/valid-sudoku
38,Count and Say,String,44.9%,Easy,0.292205,https://leetcode.com/problems/count-and-say
39,Combination Sum,"Array, Backtracking",56.5%,Medium,3.26372,https://leetcode.com/problems/combination-sum
40,Combination Sum II,"Array, Backtracking",48.6%,Medium,4.30579,https://leetcode.com/problems/combination-sum-ii
42,Trapping Rain Water,"Array, Two Pointers, Stack",49.2%,Hard,21.3414,https://leetcode.com/problems/trapping-rain-water
43,Multiply Strings,"Math, String",34.1%,Medium,12.6351,https://leetcode.com/problems/multiply-strings
44,Wildcard Matching,"String, Dynamic Programming, Backtracking, Greedy",24.8%,Hard,1.01148,https://leetcode.com/problems/wildcard-matching
46,Permutations,Backtracking,64.0%,Medium,1.32637,https://leetcode.com/problems/permutations
48,Rotate Image,Array,57.3%,Medium,0.378007,https://leetcode.com/problems/rotate-image
49,Group Anagrams,"Hash Table, String",57.3%,Medium,1.65835,https://leetcode.com/problems/group-anagrams
50,"Pow(x, n)","Math, Binary Search",30.5%,Medium,23.712,https://leetcode.com/problems/powx-n
53,Maximum Subarray,"Array, Divide and Conquer, Dynamic Programming",46.7%,Easy,1.79001,https://leetcode.com/problems/maximum-subarray
54,Spiral Matrix,Array,34.3%,Medium,1.84702,https://leetcode.com/problems/spiral-matrix
55,Jump Game,"Array, Greedy",34.7%,Medium,0.739281,https://leetcode.com/problems/jump-game
56,Merge Intervals,"Array, Sort",39.5%,Medium,29.5503,https://leetcode.com/problems/merge-intervals
57,Insert Interval,"Array, Sort",33.7%,Hard,3.85311,https://leetcode.com/problems/insert-interval
62,Unique Paths,"Array, Dynamic Programming",54.4%,Medium,1.07292,https://leetcode.com/problems/unique-paths
64,Minimum Path Sum,"Array, Dynamic Programming",54.8%,Medium,0.22458,https://leetcode.com/problems/minimum-path-sum
65,Valid Number,"Math, String",15.4%,Hard,32.7729,https://leetcode.com/problems/valid-number
66,Plus One,Array,43.0%,Easy,0.288993,https://leetcode.com/problems/plus-one
67,Add Binary,"Math, String",45.5%,Easy,70.8646,https://leetcode.com/problems/add-binary
70,Climbing Stairs,Dynamic Programming,47.9%,Easy,0.661937,https://leetcode.com/problems/climbing-stairs
71,Simplify Path,"String, Stack",32.8%,Medium,18.3145,https://leetcode.com/problems/simplify-path
73,Set Matrix Zeroes,Array,43.3%,Medium,3.91263,https://leetcode.com/problems/set-matrix-zeroes
74,Search a 2D Matrix,"Array, Binary Search",36.6%,Medium,0.679528,https://leetcode.com/problems/search-a-2d-matrix
75,Sort Colors,"Array, Two Pointers, Sort",47.6%,Medium,0.722908,https://leetcode.com/problems/sort-colors
76,Minimum Window Substring,"Hash Table, Two Pointers, String, Sliding Window",34.9%,Hard,16.3557,https://leetcode.com/problems/minimum-window-substring
78,Subsets,"Array, Backtracking, Bit Manipulation",62.5%,Medium,7.99099,https://leetcode.com/problems/subsets
79,Word Search,"Array, Backtracking",35.8%,Medium,0.44145,https://leetcode.com/problems/word-search
81,Search in Rotated Sorted Array II,"Array, Binary Search",33.0%,Medium,1.03912,https://leetcode.com/problems/search-in-rotated-sorted-array-ii
88,Merge Sorted Array,"Array, Two Pointers",39.6%,Easy,38.3886,https://leetcode.com/problems/merge-sorted-array
90,Subsets II,"Array, Backtracking",47.4%,Medium,0.989462,https://leetcode.com/problems/subsets-ii
91,Decode Ways,"String, Dynamic Programming",24.9%,Medium,4.9011,https://leetcode.com/problems/decode-ways
92,Reverse Linked List II,Linked List,39.1%,Medium,9.7655,https://leetcode.com/problems/reverse-linked-list-ii
93,Restore IP Addresses,"String, Backtracking",36.0%,Medium,10.0736,https://leetcode.com/problems/restore-ip-addresses
94,Binary Tree Inorder Traversal,"Hash Table, Stack, Tree",63.8%,Medium,0.107099,https://leetcode.com/problems/binary-tree-inorder-traversal
98,Validate Binary Search Tree,"Tree, Depth-first Search",27.9%,Medium,2.55761,https://leetcode.com/problems/validate-binary-search-tree
101,Symmetric Tree,"Tree, Depth-first Search, Breadth-first Search",47.1%,Easy,0.503693,https://leetcode.com/problems/symmetric-tree
102,Binary Tree Level Order Traversal,"Tree, Breadth-first Search",54.9%,Medium,2.07219,https://leetcode.com/problems/binary-tree-level-order-traversal
103,Binary Tree Zigzag Level Order Traversal,"Stack, Tree, Breadth-first Search",48.6%,Medium,0.475525,https://leetcode.com/problems/binary-tree-zigzag-level-order-traversal
108,Convert Sorted Array to Binary Search Tree,"Tree, Depth-first Search",58.4%,Easy,0.214379,https://leetcode.com/problems/convert-sorted-array-to-binary-search-tree
109,Convert Sorted List to Binary Search Tree,"Linked List, Depth-first Search",48.1%,Medium,16.2894,https://leetcode.com/problems/convert-sorted-list-to-binary-search-tree
111,Minimum Depth of Binary Tree,"Tree, Depth-first Search, Breadth-first Search",37.5%,Easy,0.988855,https://leetcode.com/problems/minimum-depth-of-binary-tree
114,Flatten Binary Tree to Linked List,"Tree, Depth-first Search",49.7%,Medium,4.78253,https://leetcode.com/problems/flatten-binary-tree-to-linked-list
116,Populating Next Right Pointers in Each Node,"Tree, Depth-first Search",45.7%,Medium,3.3487,https://leetcode.com/problems/populating-next-right-pointers-in-each-node
117,Populating Next Right Pointers in Each Node II,"Tree, Depth-first Search",39.5%,Medium,5.09471,https://leetcode.com/problems/populating-next-right-pointers-in-each-node-ii
121,Best Time to Buy and Sell Stock,"Array, Dynamic Programming",50.6%,Easy,4.00752,https://leetcode.com/problems/best-time-to-buy-and-sell-stock
122,Best Time to Buy and Sell Stock II,"Array, Greedy",57.2%,Easy,2.04217,https://leetcode.com/problems/best-time-to-buy-and-sell-stock-ii
124,Binary Tree Maximum Path Sum,"Tree, Depth-first Search",34.5%,Hard,42.0257,https://leetcode.com/problems/binary-tree-maximum-path-sum
125,Valid Palindrome,"Two Pointers, String",36.9%,Easy,42.4862,https://leetcode.com/problems/valid-palindrome
126,Word Ladder II,"Array, String, Backtracking, Breadth-first Search",22.4%,Hard,3.89209,https://leetcode.com/problems/word-ladder-ii
127,Word Ladder,Breadth-first Search,29.9%,Medium,4.04029,https://leetcode.com/problems/word-ladder
128,Longest Consecutive Sequence,"Array, Union Find",45.3%,Hard,0.7143,https://leetcode.com/problems/longest-consecutive-sequence
129,Sum Root to Leaf Numbers,"Tree, Depth-first Search",49.4%,Medium,5.68822,https://leetcode.com/problems/sum-root-to-leaf-numbers
133,Clone Graph,"Depth-first Search, Breadth-first Search, Graph",35.4%,Medium,31.7122,https://leetcode.com/problems/clone-graph
136,Single Number,"Hash Table, Bit Manipulation",65.7%,Easy,1.65269,https://leetcode.com/problems/single-number
137,Single Number II,Bit Manipulation,52.6%,Medium,2.41894,https://leetcode.com/problems/single-number-ii
138,Copy List with Random Pointer,"Hash Table, Linked List",37.0%,Medium,10.7867,https://leetcode.com/problems/copy-list-with-random-pointer
139,Word Break,Dynamic Programming,40.3%,Medium,23.8651,https://leetcode.com/problems/word-break
140,Word Break II,"Dynamic Programming, Backtracking",32.9%,Hard,30.6612,https://leetcode.com/problems/word-break-ii
141,Linked List Cycle,"Linked List, Two Pointers",41.4%,Easy,0.126954,https://leetcode.com/problems/linked-list-cycle
143,Reorder List,Linked List,39.0%,Medium,0.74041,https://leetcode.com/problems/reorder-list
145,Binary Tree Postorder Traversal,"Stack, Tree",55.4%,Medium,0.570168,https://leetcode.com/problems/binary-tree-postorder-traversal
146,LRU Cache,Design,33.5%,Medium,15.1448,https://leetcode.com/problems/lru-cache
148,Sort List,"Linked List, Sort",42.9%,Medium,0.934625,https://leetcode.com/problems/sort-list
150,Evaluate Reverse Polish Notation,Stack,36.6%,Medium,1.21019,https://leetcode.com/problems/evaluate-reverse-polish-notation
151,Reverse Words in a String,String,22.1%,Medium,2.02765,https://leetcode.com/problems/reverse-words-in-a-string
152,Maximum Product Subarray,"Array, Dynamic Programming",31.8%,Medium,0.424264,https://leetcode.com/problems/maximum-product-subarray
154,Find Minimum in Rotated Sorted Array II,"Array, Binary Search",41.6%,Hard,0.640578,https://leetcode.com/problems/find-minimum-in-rotated-sorted-array-ii
155,Min Stack,"Stack, Design",44.8%,Easy,0.164908,https://leetcode.com/problems/min-stack
157,Read N Characters Given Read4,String,35.3%,Easy,4.28487,https://leetcode.com/problems/read-n-characters-given-read4
158,Read N Characters Given Read4 II - Call multiple times,String,34.2%,Hard,62.7739,https://leetcode.com/problems/read-n-characters-given-read4-ii-call-multiple-times
160,Intersection of Two Linked Lists,Linked List,41.1%,Easy,2.04971,https://leetcode.com/problems/intersection-of-two-linked-lists
161,One Edit Distance,String,32.3%,Medium,2.71952,https://leetcode.com/problems/one-edit-distance
162,Find Peak Element,"Array, Binary Search",43.4%,Medium,6.40011,https://leetcode.com/problems/find-peak-element
163,Missing Ranges,Array,24.3%,Medium,8.9083,https://leetcode.com/problems/missing-ranges
166,Fraction to Recurring Decimal,"Hash Table, Math",21.7%,Medium,2.83758,https://leetcode.com/problems/fraction-to-recurring-decimal
168,Excel Sheet Column Title,Math,31.2%,Easy,1.30833,https://leetcode.com/problems/excel-sheet-column-title
172,Factorial Trailing Zeroes,Math,37.8%,Easy,0.460144,https://leetcode.com/problems/factorial-trailing-zeroes
173,Binary Search Tree Iterator,"Stack, Tree, Design",57.1%,Medium,42.317,https://leetcode.com/problems/binary-search-tree-iterator
176,Second Highest Salary,,31.9%,Easy,0.609417,https://leetcode.com/problems/second-highest-salary
178,Rank Scores,,46.5%,Medium,0.639588,https://leetcode.com/problems/rank-scores
179,Largest Number,Sort,29.0%,Medium,0.497603,https://leetcode.com/problems/largest-number
189,Rotate Array,Array,35.0%,Easy,0.897187,https://leetcode.com/problems/rotate-array
191,Number of 1 Bits,Bit Manipulation,50.3%,Easy,1.14367,https://leetcode.com/problems/number-of-1-bits
199,Binary Tree Right Side View,"Tree, Depth-first Search, Breadth-first Search",54.4%,Medium,66.474,https://leetcode.com/problems/binary-tree-right-side-view
200,Number of Islands,"Depth-first Search, Breadth-first Search, Union Find",47.1%,Medium,8.92259,https://leetcode.com/problems/number-of-islands
203,Remove Linked List Elements,Linked List,38.8%,Easy,3.04778,https://leetcode.com/problems/remove-linked-list-elements
206,Reverse Linked List,Linked List,63.0%,Easy,0.6957,https://leetcode.com/problems/reverse-linked-list
207,Course Schedule,"Depth-first Search, Breadth-first Search, Graph, Topological Sort",43.3%,Medium,5.42142,https://leetcode.com/problems/course-schedule
208,Implement Trie (Prefix Tree),"Design, Trie",49.9%,Medium,0.301238,https://leetcode.com/problems/implement-trie-prefix-tree
209,Minimum Size Subarray Sum,"Array, Two Pointers, Binary Search",38.4%,Medium,0.315947,https://leetcode.com/problems/minimum-size-subarray-sum
210,Course Schedule II,"Depth-first Search, Breadth-first Search, Graph, Topological Sort",41.0%,Medium,0.564554,https://leetcode.com/problems/course-schedule-ii
211,Design Add and Search Words Data Structure,"Backtracking, Design, Trie",38.3%,Medium,56.9069,https://leetcode.com/problems/design-add-and-search-words-data-structure
214,Shortest Palindrome,String,29.9%,Hard,1.1609,https://leetcode.com/problems/shortest-palindrome
215,Kth Largest Element in an Array,"Divide and Conquer, Heap",55.8%,Medium,47.7083,https://leetcode.com/problems/kth-largest-element-in-an-array
218,The Skyline Problem,"Divide and Conquer, Heap, Binary Indexed Tree, Segment Tree, Line Sweep",34.7%,Hard,2.13269,https://leetcode.com/problems/the-skyline-problem
221,Maximal Square,Dynamic Programming,37.8%,Medium,0.369592,https://leetcode.com/problems/maximal-square
224,Basic Calculator,"Math, Stack",37.1%,Hard,3.43813,https://leetcode.com/problems/basic-calculator
227,Basic Calculator II,String,37.1%,Medium,31.1608,https://leetcode.com/problems/basic-calculator-ii
230,Kth Smallest Element in a BST,"Binary Search, Tree",60.6%,Medium,1.43013,https://leetcode.com/problems/kth-smallest-element-in-a-bst
234,Palindrome Linked List,"Linked List, Two Pointers",39.5%,Easy,0.354427,https://leetcode.com/problems/palindrome-linked-list
235,Lowest Common Ancestor of a Binary Search Tree,Tree,50.2%,Easy,0.692276,https://leetcode.com/problems/lowest-common-ancestor-of-a-binary-search-tree
236,Lowest Common Ancestor of a Binary Tree,Tree,46.2%,Medium,19.6668,https://leetcode.com/problems/lowest-common-ancestor-of-a-binary-tree
238,Product of Array Except Self,Array,60.3%,Medium,82.2407,https://leetcode.com/problems/product-of-array-except-self
240,Search a 2D Matrix II,"Binary Search, Divide and Conquer",43.3%,Medium,2.31056,https://leetcode.com/problems/search-a-2d-matrix-ii
242,Valid Anagram,"Hash Table, Sort",57.1%,Easy,1.34602,https://leetcode.com/problems/valid-anagram
246,Strobogrammatic Number,"Hash Table, Math",45.1%,Easy,2.76801,https://leetcode.com/problems/strobogrammatic-number
247,Strobogrammatic Number II,"Math, Recursion",47.8%,Medium,4.15859,https://leetcode.com/problems/strobogrammatic-number-ii
249,Group Shifted Strings,"Hash Table, String",55.7%,Medium,39.1606,https://leetcode.com/problems/group-shifted-strings
253,Meeting Rooms II,"Heap, Greedy, Sort",45.8%,Medium,7.28408,https://leetcode.com/problems/meeting-rooms-ii
257,Binary Tree Paths,"Tree, Depth-first Search",51.8%,Easy,3.28553,https://leetcode.com/problems/binary-tree-paths
266,Palindrome Permutation,Hash Table,62.0%,Easy,1.57331,https://leetcode.com/problems/palindrome-permutation
268,Missing Number,"Array, Math, Bit Manipulation",51.9%,Easy,0.17747,https://leetcode.com/problems/missing-number
269,Alien Dictionary,"Graph, Topological Sort",33.3%,Hard,75.2552,https://leetcode.com/problems/alien-dictionary
270,Closest Binary Search Tree Value,"Binary Search, Tree",48.7%,Easy,14.1335,https://leetcode.com/problems/closest-binary-search-tree-value
272,Closest Binary Search Tree Value II,"Stack, Tree",50.7%,Hard,2.99137,https://leetcode.com/problems/closest-binary-search-tree-value-ii
273,Integer to English Words,"Math, String",27.2%,Hard,87.9909,https://leetcode.com/problems/integer-to-english-words
277,Find the Celebrity,Array,42.1%,Medium,5.71009,https://leetcode.com/problems/find-the-celebrity
278,First Bad Version,Binary Search,36.0%,Easy,50.5294,https://leetcode.com/problems/first-bad-version
280,Wiggle Sort,"Array, Sort",63.9%,Medium,1.72938,https://leetcode.com/problems/wiggle-sort
282,Expression Add Operators,Divide and Conquer,35.7%,Hard,39.1295,https://leetcode.com/problems/expression-add-operators
283,Move Zeroes,"Array, Two Pointers",58.0%,Easy,2.45276,https://leetcode.com/problems/move-zeroes
284,Peeking Iterator,Design,46.1%,Medium,4.99174,https://leetcode.com/problems/peeking-iterator
285,Inorder Successor in BST,Tree,40.8%,Medium,1.71229,https://leetcode.com/problems/inorder-successor-in-bst
286,Walls and Gates,Breadth-first Search,54.9%,Medium,7.57733,https://leetcode.com/problems/walls-and-gates
287,Find the Duplicate Number,"Array, Two Pointers, Binary Search",55.9%,Medium,0.187324,https://leetcode.com/problems/find-the-duplicate-number
288,Unique Word Abbreviation,"Hash Table, Design",22.0%,Medium,4.0336,https://leetcode.com/problems/unique-word-abbreviation
295,Find Median from Data Stream,"Heap, Design",44.8%,Hard,2.09283,https://leetcode.com/problems/find-median-from-data-stream
297,Serialize and Deserialize Binary Tree,"Tree, Design",47.8%,Hard,50.3023,https://leetcode.com/problems/serialize-and-deserialize-binary-tree
300,Longest Increasing Subsequence,"Binary Search, Dynamic Programming",42.7%,Medium,1.11872,https://leetcode.com/problems/longest-increasing-subsequence
301,Remove Invalid Parentheses,"Depth-first Search, Breadth-first Search",43.5%,Hard,61.193,https://leetcode.com/problems/remove-invalid-parentheses
303,Range Sum Query - Immutable,Dynamic Programming,45.2%,Easy,0.48995,https://leetcode.com/problems/range-sum-query-immutable
304,Range Sum Query 2D - Immutable,Dynamic Programming,38.9%,Medium,12.9568,https://leetcode.com/problems/range-sum-query-2d-immutable
308,Range Sum Query 2D - Mutable,"Binary Indexed Tree, Segment Tree",36.0%,Hard,3.67536,https://leetcode.com/problems/range-sum-query-2d-mutable
311,Sparse Matrix Multiplication,Hash Table,62.2%,Medium,37.7155,https://leetcode.com/problems/sparse-matrix-multiplication
314,Binary Tree Vertical Order Traversal,"Depth-first Search, Breadth-first Search",45.5%,Medium,33.0808,https://leetcode.com/problems/binary-tree-vertical-order-traversal
317,Shortest Distance from All Buildings,Breadth-first Search,41.7%,Hard,21.8013,https://leetcode.com/problems/shortest-distance-from-all-buildings
322,Coin Change,Dynamic Programming,35.8%,Medium,0.128491,https://leetcode.com/problems/coin-change
323,Number of Connected Components in an Undirected Graph,"Depth-first Search, Breadth-first Search, Union Find, Graph",56.3%,Medium,2.32281,https://leetcode.com/problems/number-of-connected-components-in-an-undirected-graph
328,Odd Even Linked List,Linked List,56.0%,Medium,2.38946,https://leetcode.com/problems/odd-even-linked-list
329,Longest Increasing Path in a Matrix,"Depth-first Search, Topological Sort, Memoization",43.6%,Hard,10.7135,https://leetcode.com/problems/longest-increasing-path-in-a-matrix
332,Reconstruct Itinerary,"Depth-first Search, Graph",36.9%,Medium,9.62716,https://leetcode.com/problems/reconstruct-itinerary
333,Largest BST Subtree,Tree,36.0%,Medium,11.997,https://leetcode.com/problems/largest-bst-subtree
334,Increasing Triplet Subsequence,,40.0%,Medium,2.34114,https://leetcode.com/problems/increasing-triplet-subsequence
338,Counting Bits,"Dynamic Programming, Bit Manipulation",69.7%,Medium,0.411761,https://leetcode.com/problems/counting-bits
339,Nested List Weight Sum,Depth-first Search,74.2%,Easy,35.3218,https://leetcode.com/problems/nested-list-weight-sum
340,Longest Substring with At Most K Distinct Characters,"Hash Table, String, Sliding Window",44.3%,Hard,38.8917,https://leetcode.com/problems/longest-substring-with-at-most-k-distinct-characters
341,Flatten Nested List Iterator,"Stack, Design",53.1%,Medium,4.26959,https://leetcode.com/problems/flatten-nested-list-iterator
345,Reverse Vowels of a String,"Two Pointers, String",44.3%,Easy,5.63287,https://leetcode.com/problems/reverse-vowels-of-a-string
346,Moving Average from Data Stream,"Design, Queue",71.3%,Easy,0.649621,https://leetcode.com/problems/moving-average-from-data-stream
347,Top K Frequent Elements,"Hash Table, Heap",61.4%,Medium,16.4433,https://leetcode.com/problems/top-k-frequent-elements
348,Design Tic-Tac-Toe,Design,54.6%,Medium,9.43511,https://leetcode.com/problems/design-tic-tac-toe
349,Intersection of Two Arrays,"Hash Table, Two Pointers, Binary Search, Sort",62.9%,Easy,9.21799,https://leetcode.com/problems/intersection-of-two-arrays
350,Intersection of Two Arrays II,"Hash Table, Two Pointers, Binary Search, Sort",51.5%,Easy,2.39022,https://leetcode.com/problems/intersection-of-two-arrays-ii
358,Rearrange String k Distance Apart,"Hash Table, Heap, Greedy",35.1%,Hard,3.10351,https://leetcode.com/problems/rearrange-string-k-distance-apart
364,Nested List Weight Sum II,Depth-first Search,62.8%,Medium,7.96935,https://leetcode.com/problems/nested-list-weight-sum-ii
373,Find K Pairs with Smallest Sums,Heap,36.9%,Medium,1.04715,https://leetcode.com/problems/find-k-pairs-with-smallest-sums
378,Kth Smallest Element in a Sorted Matrix,"Binary Search, Heap",54.6%,Medium,17.5809,https://leetcode.com/problems/kth-smallest-element-in-a-sorted-matrix
380,Insert Delete GetRandom O(1),"Array, Hash Table, Design",47.7%,Medium,19.8847,https://leetcode.com/problems/insert-delete-getrandom-o1
381,Insert Delete GetRandom O(1) - Duplicates allowed,"Array, Hash Table, Design",34.2%,Hard,12.5607,https://leetcode.com/problems/insert-delete-getrandom-o1-duplicates-allowed
384,Shuffle an Array,,52.9%,Medium,0.637128,https://leetcode.com/problems/shuffle-an-array
387,First Unique Character in a String,"Hash Table, String",53.4%,Easy,0.961694,https://leetcode.com/problems/first-unique-character-in-a-string
392,Is Subsequence,"Binary Search, Dynamic Programming, Greedy",49.2%,Easy,0.352,https://leetcode.com/problems/is-subsequence
398,Random Pick Index,Reservoir Sampling,56.3%,Medium,40.6719,https://leetcode.com/problems/random-pick-index
399,Evaluate Division,"Union Find, Graph",51.9%,Medium,1.48448,https://leetcode.com/problems/evaluate-division
400,Nth Digit,Math,31.9%,Medium,11.8042,https://leetcode.com/problems/nth-digit
403,Frog Jump,Dynamic Programming,40.0%,Hard,0.929613,https://leetcode.com/problems/frog-jump
405,Convert a Number to Hexadecimal,Bit Manipulation,44.0%,Easy,1.69227,https://leetcode.com/problems/convert-a-number-to-hexadecimal
406,Queue Reconstruction by Height,Greedy,67.0%,Medium,3.00086,https://leetcode.com/problems/queue-reconstruction-by-height
408,Valid Word Abbreviation,String,30.7%,Easy,10.9434,https://leetcode.com/problems/valid-word-abbreviation
414,Third Maximum Number,Array,30.5%,Easy,0.79898,https://leetcode.com/problems/third-maximum-number
415,Add Strings,String,47.7%,Easy,77.8501,https://leetcode.com/problems/add-strings
416,Partition Equal Subset Sum,Dynamic Programming,43.9%,Medium,0.69785,https://leetcode.com/problems/partition-equal-subset-sum
419,Battleships in a Board,,70.2%,Medium,13.0907,https://leetcode.com/problems/battleships-in-a-board
424,Longest Repeating Character Replacement,"Two Pointers, Sliding Window",47.2%,Medium,0.698667,https://leetcode.com/problems/longest-repeating-character-replacement
426,Convert Binary Search Tree to Sorted Doubly Linked List,"Linked List, Divide and Conquer, Tree",59.4%,Medium,24.5584,https://leetcode.com/problems/convert-binary-search-tree-to-sorted-doubly-linked-list
428,Serialize and Deserialize N-ary Tree,Tree,59.6%,Hard,2.05309,https://leetcode.com/problems/serialize-and-deserialize-n-ary-tree
430,Flatten a Multilevel Doubly Linked List,"Linked List, Depth-first Search",55.6%,Medium,1.38055,https://leetcode.com/problems/flatten-a-multilevel-doubly-linked-list
432,All O`one Data Structure,Design,32.5%,Hard,21.0023,https://leetcode.com/problems/all-oone-data-structure
435,Non-overlapping Intervals,Greedy,43.4%,Medium,2.06847,https://leetcode.com/problems/non-overlapping-intervals
438,Find All Anagrams in a String,Hash Table,43.6%,Medium,54.6913,https://leetcode.com/problems/find-all-anagrams-in-a-string
442,Find All Duplicates in an Array,Array,67.9%,Medium,0.479996,https://leetcode.com/problems/find-all-duplicates-in-an-array
443,String Compression,String,41.5%,Easy,3.02592,https://leetcode.com/problems/string-compression
449,Serialize and Deserialize BST,Tree,52.3%,Medium,1.00035,https://leetcode.com/problems/serialize-and-deserialize-bst
452,Minimum Number of Arrows to Burst Balloons,Greedy,49.7%,Medium,6.37589,https://leetcode.com/problems/minimum-number-of-arrows-to-burst-balloons
463,Island Perimeter,Hash Table,65.8%,Easy,18.7663,https://leetcode.com/problems/island-perimeter
472,Concatenated Words,"Dynamic Programming, Depth-first Search, Trie",44.1%,Hard,0.971599,https://leetcode.com/problems/concatenated-words
480,Sliding Window Median,Sliding Window,37.5%,Hard,5.22012,https://leetcode.com/problems/sliding-window-median
490,The Maze,"Depth-first Search, Breadth-first Search",52.1%,Medium,0.837397,https://leetcode.com/problems/the-maze
494,Target Sum,"Dynamic Programming, Depth-first Search",46.1%,Medium,5.98244,https://leetcode.com/problems/target-sum
498,Diagonal Traverse,,48.4%,Medium,12.2748,https://leetcode.com/problems/diagonal-traverse
503,Next Greater Element II,Stack,56.8%,Medium,0.707621,https://leetcode.com/problems/next-greater-element-ii
509,Fibonacci Number,Array,67.2%,Easy,0.257062,https://leetcode.com/problems/fibonacci-number
515,Find Largest Value in Each Tree Row,"Tree, Depth-first Search, Breadth-first Search",61.3%,Medium,5.6154,https://leetcode.com/problems/find-largest-value-in-each-tree-row
523,Continuous Subarray Sum,"Math, Dynamic Programming",24.6%,Medium,46.0314,https://leetcode.com/problems/continuous-subarray-sum
525,Contiguous Array,Hash Table,42.9%,Medium,3.11959,https://leetcode.com/problems/contiguous-array
528,Random Pick with Weight,"Binary Search, Random",44.1%,Medium,36.7455,https://leetcode.com/problems/random-pick-with-weight
529,Minesweeper,"Depth-first Search, Breadth-first Search",59.4%,Medium,5.746,https://leetcode.com/problems/minesweeper
536,Construct Binary Tree from String,"String, Tree",48.5%,Medium,13.2056,https://leetcode.com/problems/construct-binary-tree-from-string
540,Single Element in a Sorted Array,,57.9%,Medium,11.4375,https://leetcode.com/problems/single-element-in-a-sorted-array
543,Diameter of Binary Tree,Tree,48.6%,Easy,33.6091,https://leetcode.com/problems/diameter-of-binary-tree
547,Friend Circles,"Depth-first Search, Union Find",58.9%,Medium,0.812922,https://leetcode.com/problems/friend-circles
548,Split Array with Equal Sum,Array,46.7%,Medium,11.6146,https://leetcode.com/problems/split-array-with-equal-sum
556,Next Greater Element III,String,31.8%,Medium,1.56884,https://leetcode.com/problems/next-greater-element-iii
560,Subarray Sum Equals K,"Array, Hash Table",43.8%,Medium,91.2188,https://leetcode.com/problems/subarray-sum-equals-k
567,Permutation in String,"Two Pointers, Sliding Window",44.4%,Medium,3.13311,https://leetcode.com/problems/permutation-in-string
572,Subtree of Another Tree,Tree,44.2%,Easy,0.365514,https://leetcode.com/problems/subtree-of-another-tree
605,Can Place Flowers,Array,31.5%,Easy,0.905228,https://leetcode.com/problems/can-place-flowers
609,Find Duplicate File in System,"Hash Table, String",59.8%,Medium,5.996,https://leetcode.com/problems/find-duplicate-file-in-system
616,Add Bold Tag in String,String,43.3%,Medium,17.9614,https://leetcode.com/problems/add-bold-tag-in-string
621,Task Scheduler,"Array, Greedy, Queue",50.4%,Medium,31.7163,https://leetcode.com/problems/task-scheduler
622,Design Circular Queue,"Design, Queue",44.1%,Medium,5.60061,https://leetcode.com/problems/design-circular-queue
636,Exclusive Time of Functions,Stack,52.1%,Medium,47.1366,https://leetcode.com/problems/exclusive-time-of-functions
637,Average of Levels in Binary Tree,Tree,63.3%,Easy,2.56606,https://leetcode.com/problems/average-of-levels-in-binary-tree
647,Palindromic Substrings,"String, Dynamic Programming",60.9%,Medium,5.17825,https://leetcode.com/problems/palindromic-substrings
653,Two Sum IV - Input is a BST,Tree,55.6%,Easy,0.521575,https://leetcode.com/problems/two-sum-iv-input-is-a-bst
658,Find K Closest Elements,Binary Search,41.0%,Medium,16.6108,https://leetcode.com/problems/find-k-closest-elements
662,Maximum Width of Binary Tree,Tree,40.7%,Medium,0.714951,https://leetcode.com/problems/maximum-width-of-binary-tree
669,Trim a Binary Search Tree,Tree,63.0%,Easy,1.73461,https://leetcode.com/problems/trim-a-binary-search-tree
670,Maximum Swap,"Array, Math",43.9%,Medium,38.6498,https://leetcode.com/problems/maximum-swap
674,Longest Continuous Increasing Subsequence,Array,45.9%,Easy,0.727192,https://leetcode.com/problems/longest-continuous-increasing-subsequence
678,Valid Parenthesis String,String,31.1%,Medium,8.46655,https://leetcode.com/problems/valid-parenthesis-string
680,Valid Palindrome II,String,36.7%,Easy,84.1077,https://leetcode.com/problems/valid-palindrome-ii
686,Repeated String Match,String,32.4%,Medium,1.2208,https://leetcode.com/problems/repeated-string-match
689,Maximum Sum of 3 Non-Overlapping Subarrays,"Array, Dynamic Programming",46.5%,Hard,34.9977,https://leetcode.com/problems/maximum-sum-of-3-non-overlapping-subarrays
692,Top K Frequent Words,"Hash Table, Heap, Trie",52.1%,Medium,2.47477,https://leetcode.com/problems/top-k-frequent-words
694,Number of Distinct Islands,"Hash Table, Depth-first Search",56.3%,Medium,1.23721,https://leetcode.com/problems/number-of-distinct-islands
695,Max Area of Island,"Array, Depth-first Search",63.0%,Medium,8.34763,https://leetcode.com/problems/max-area-of-island
698,Partition to K Equal Sum Subsets,"Dynamic Programming, Recursion",45.0%,Medium,0.708529,https://leetcode.com/problems/partition-to-k-equal-sum-subsets
703,Kth Largest Element in a Stream,Heap,49.9%,Easy,2.02423,https://leetcode.com/problems/kth-largest-element-in-a-stream
706,Design HashMap,"Hash Table, Design",61.6%,Easy,1.30148,https://leetcode.com/problems/design-hashmap
708,Insert into a Sorted Circular Linked List,Linked List,31.7%,Medium,18.6392,https://leetcode.com/problems/insert-into-a-sorted-circular-linked-list
716,Max Stack,Design,42.7%,Easy,1.59299,https://leetcode.com/problems/max-stack
721,Accounts Merge,"Depth-first Search, Union Find",49.2%,Medium,31.0196,https://leetcode.com/problems/accounts-merge
723,Candy Crush,"Array, Two Pointers",69.9%,Medium,2.31092,https://leetcode.com/problems/candy-crush
724,Find Pivot Index,Array,44.2%,Easy,1.66296,https://leetcode.com/problems/find-pivot-index
742,Closest Leaf in a Binary Tree,Tree,43.7%,Medium,3.62704,https://leetcode.com/problems/closest-leaf-in-a-binary-tree
752,Open the Lock,Breadth-first Search,51.9%,Medium,0.946072,https://leetcode.com/problems/open-the-lock
759,Employee Free Time,"Heap, Greedy",66.5%,Hard,5.22837,https://leetcode.com/problems/employee-free-time
766,Toeplitz Matrix,Array,65.2%,Easy,20.787,https://leetcode.com/problems/toeplitz-matrix
767,Reorganize String,"String, Heap, Greedy, Sort",48.9%,Medium,13.9286,https://leetcode.com/problems/reorganize-string
772,Basic Calculator III,"String, Stack",41.5%,Hard,10.7892,https://leetcode.com/problems/basic-calculator-iii
773,Sliding Puzzle,Breadth-first Search,59.5%,Hard,4.1401,https://leetcode.com/problems/sliding-puzzle
785,Is Graph Bipartite?,"Depth-first Search, Breadth-first Search, Graph",47.6%,Medium,30.0857,https://leetcode.com/problems/is-graph-bipartite
787,Cheapest Flights Within K Stops,"Dynamic Programming, Heap, Breadth-first Search",39.3%,Medium,1.70057,https://leetcode.com/problems/cheapest-flights-within-k-stops
791,Custom Sort String,String,65.6%,Medium,7.62787,https://leetcode.com/problems/custom-sort-string
824,Goat Latin,String,65.9%,Easy,0.558317,https://leetcode.com/problems/goat-latin
825,Friends Of Appropriate Ages,Array,42.8%,Medium,21.999,https://leetcode.com/problems/friends-of-appropriate-ages
827,Making A Large Island,Depth-first Search,46.0%,Hard,15.2397,https://leetcode.com/problems/making-a-large-island
839,Similar String Groups,"Depth-first Search, Union Find, Graph",38.7%,Hard,18.5991,https://leetcode.com/problems/similar-string-groups
844,Backspace String Compare,"Two Pointers, Stack",46.6%,Easy,6.92857,https://leetcode.com/problems/backspace-string-compare
855,Exam Room,Ordered Map,43.2%,Medium,6.23399,https://leetcode.com/problems/exam-room
858,Mirror Reflection,Math,54.2%,Medium,6.12368,https://leetcode.com/problems/mirror-reflection
859,Buddy Strings,String,27.4%,Easy,1.11032,https://leetcode.com/problems/buddy-strings
863,All Nodes Distance K in Binary Tree,"Tree, Depth-first Search, Breadth-first Search",55.8%,Medium,9.80239,https://leetcode.com/problems/all-nodes-distance-k-in-binary-tree
865,Smallest Subtree with all the Deepest Nodes,Tree,60.8%,Medium,5.21601,https://leetcode.com/problems/smallest-subtree-with-all-the-deepest-nodes
875,Koko Eating Bananas,Binary Search,52.5%,Medium,2.42563,https://leetcode.com/problems/koko-eating-bananas
884,Uncommon Words from Two Sentences,Hash Table,63.4%,Easy,1.41595,https://leetcode.com/problems/uncommon-words-from-two-sentences
886,Possible Bipartition,"Depth-first Search, Graph",44.3%,Medium,1.16581,https://leetcode.com/problems/possible-bipartition
887,Super Egg Drop,"Math, Binary Search, Dynamic Programming",27.1%,Hard,1.27042,https://leetcode.com/problems/super-egg-drop
896,Monotonic Array,Array,58.1%,Easy,28.3392,https://leetcode.com/problems/monotonic-array
918,Maximum Sum Circular Subarray,Array,33.7%,Medium,1.72218,https://leetcode.com/problems/maximum-sum-circular-subarray
921,Minimum Add to Make Parentheses Valid,"Stack, Greedy",74.1%,Medium,9.07033,https://leetcode.com/problems/minimum-add-to-make-parentheses-valid
934,Shortest Bridge,"Depth-first Search, Breadth-first Search",48.6%,Medium,18.9928,https://leetcode.com/problems/shortest-bridge
935,Knight Dialer,Dynamic Programming,45.3%,Medium,1.50882,https://leetcode.com/problems/knight-dialer
936,Stamping The Sequence,"String, Greedy",43.3%,Hard,13.0483,https://leetcode.com/problems/stamping-the-sequence
938,Range Sum of BST,"Tree, Recursion",81.6%,Easy,49.8179,https://leetcode.com/problems/range-sum-of-bst
939,Minimum Area Rectangle,Hash Table,51.6%,Medium,8.7769,https://leetcode.com/problems/minimum-area-rectangle
953,Verifying an Alien Dictionary,Hash Table,53.9%,Easy,100.0,https://leetcode.com/problems/verifying-an-alien-dictionary
958,Check Completeness of a Binary Tree,Tree,52.1%,Medium,24.6002,https://leetcode.com/problems/check-completeness-of-a-binary-tree
969,Pancake Sorting,"Array, Sort",68.2%,Medium,0.140227,https://leetcode.com/problems/pancake-sorting
973,K Closest Points to Origin,"Divide and Conquer, Heap, Sort",64.0%,Medium,83.0283,https://leetcode.com/problems/k-closest-points-to-origin
974,Subarray Sums Divisible by K,"Array, Hash Table",49.1%,Medium,1.09202,https://leetcode.com/problems/subarray-sums-divisible-by-k
977,Squares of a Sorted Array,"Array, Two Pointers",72.2%,Easy,5.24399,https://leetcode.com/problems/squares-of-a-sorted-array
983,Minimum Cost For Tickets,Dynamic Programming,62.5%,Medium,0.416288,https://leetcode.com/problems/minimum-cost-for-tickets
986,Interval List Intersections,Two Pointers,67.5%,Medium,34.5248,https://leetcode.com/problems/interval-list-intersections
987,Vertical Order Traversal of a Binary Tree,"Hash Table, Tree",36.5%,Medium,7.92023,https://leetcode.com/problems/vertical-order-traversal-of-a-binary-tree
995,Minimum Number of K Consecutive Bit Flips,"Greedy, Sliding Window",47.1%,Hard,3.65911,https://leetcode.com/problems/minimum-number-of-k-consecutive-bit-flips
1004,Max Consecutive Ones III,"Two Pointers, Sliding Window",59.4%,Medium,2.67594,https://leetcode.com/problems/max-consecutive-ones-iii
1008,Construct Binary Search Tree from Preorder Traversal,Tree,78.5%,Medium,0.870043,https://leetcode.com/problems/construct-binary-search-tree-from-preorder-traversal
1019,Next Greater Node In Linked List,"Linked List, Stack",58.1%,Medium,0.818456,https://leetcode.com/problems/next-greater-node-in-linked-list
1026,Maximum Difference Between Node and Ancestor,"Tree, Depth-first Search",66.2%,Medium,33.6841,https://leetcode.com/problems/maximum-difference-between-node-and-ancestor
1032,Stream of Characters,Trie,48.3%,Hard,0.12093,https://leetcode.com/problems/stream-of-characters
1047,Remove All Adjacent Duplicates In String,Stack,69.1%,Easy,3.39792,https://leetcode.com/problems/remove-all-adjacent-duplicates-in-string
1055,Shortest Way to Form String,"Dynamic Programming, Greedy",57.0%,Medium,2.39792,https://leetcode.com/problems/shortest-way-to-form-string
1060,Missing Element in Sorted Array,Binary Search,54.5%,Medium,27.387,https://leetcode.com/problems/missing-element-in-sorted-array
1062,Longest Repeating Substring,String,57.4%,Medium,3.42447,https://leetcode.com/problems/longest-repeating-substring
1091,Shortest Path in Binary Matrix,Breadth-first Search,38.3%,Medium,2.18266,https://leetcode.com/problems/shortest-path-in-binary-matrix
1094,Car Pooling,Greedy,56.7%,Medium,6.2807,https://leetcode.com/problems/car-pooling
1123,Lowest Common Ancestor of Deepest Leaves,"Tree, Depth-first Search",66.9%,Medium,20.143,https://leetcode.com/problems/lowest-common-ancestor-of-deepest-leaves
1132,Reported Posts II,,34.6%,Medium,2.85717,https://leetcode.com/problems/reported-posts-ii
1137,N-th Tribonacci Number,Recursion,55.8%,Easy,0.795272,https://leetcode.com/problems/n-th-tribonacci-number
1143,Longest Common Subsequence,Dynamic Programming,58.4%,Medium,0.308475,https://leetcode.com/problems/longest-common-subsequence
1197,Minimum Knight Moves,Breadth-first Search,36.1%,Medium,14.3743,https://leetcode.com/problems/minimum-knight-moves
1209,Remove All Adjacent Duplicates in String II,Stack,57.1%,Medium,7.01603,https://leetcode.com/problems/remove-all-adjacent-duplicates-in-string-ii
1213,Intersection of Three Sorted Arrays,"Hash Table, Two Pointers",78.8%,Easy,6.08425,https://leetcode.com/problems/intersection-of-three-sorted-arrays
1216,Valid Palindrome III,"String, Dynamic Programming",47.8%,Hard,14.7819,https://leetcode.com/problems/valid-palindrome-iii
1233,Remove Sub-Folders from the Filesystem,"Array, String",59.9%,Medium,13.4943,https://leetcode.com/problems/remove-sub-folders-from-the-filesystem
1242,Web Crawler Multithreaded,"Depth-first Search, Breadth-first Search",45.5%,Medium,10.7295,https://leetcode.com/problems/web-crawler-multithreaded
1245,Tree Diameter,"Tree, Depth-first Search, Breadth-first Search",60.2%,Medium,3.61912,https://leetcode.com/problems/tree-diameter
1249,Minimum Remove to Make Valid Parentheses,"String, Stack",63.0%,Medium,95.6094,https://leetcode.com/problems/minimum-remove-to-make-valid-parentheses
1254,Number of Closed Islands,Depth-first Search,60.8%,Medium,2.94526,https://leetcode.com/problems/number-of-closed-islands
1265,Print Immutable Linked List in Reverse,,94.5%,Medium,1.80672,https://leetcode.com/problems/print-immutable-linked-list-in-reverse
1266,Minimum Time Visiting All Points,"Array, Geometry",79.5%,Easy,0.437769,https://leetcode.com/problems/minimum-time-visiting-all-points
1269,Number of Ways to Stay in the Same Place After Some Steps,Dynamic Programming,43.1%,Hard,6.25496,https://leetcode.com/problems/number-of-ways-to-stay-in-the-same-place-after-some-steps
1275,Find Winner on a Tic Tac Toe Game,Array,52.9%,Easy,1.53255,https://leetcode.com/problems/find-winner-on-a-tic-tac-toe-game
1287,Element Appearing More Than 25% In Sorted Array,Array,60.3%,Easy,1.36126,https://leetcode.com/problems/element-appearing-more-than-25-in-sorted-array
1305,All Elements in Two Binary Search Trees,"Sort, Tree",77.9%,Medium,0.255792,https://leetcode.com/problems/all-elements-in-two-binary-search-trees
1344,Angle Between Hands of a Clock,Math,61.3%,Medium,1.26848,https://leetcode.com/problems/angle-between-hands-of-a-clock
1361,Validate Binary Tree Nodes,Graph,47.6%,Medium,2.5611,https://leetcode.com/problems/validate-binary-tree-nodes
1379,Find a Corresponding Node of a Binary Tree in a Clone of That Tree,Tree,83.8%,Medium,1.12848,https://leetcode.com/problems/find-a-corresponding-node-of-a-binary-tree-in-a-clone-of-that-tree
1411,Number of Ways to Paint N × 3 Grid,Dynamic Programming,61.1%,Hard,6.48392,https://leetcode.com/problems/number-of-ways-to-paint-n-3-grid
1424,Diagonal Traverse II,"Array, Sort",42.9%,Medium,15.868,https://leetcode.com/problems/diagonal-traverse-ii
1428,Leftmost Column with at Least a One,Array,47.2%,Medium,83.765,https://leetcode.com/problems/leftmost-column-with-at-least-a-one
1439,Find the Kth Smallest Sum of a Matrix With Sorted Rows,Heap,59.6%,Hard,9.62439,https://leetcode.com/problems/find-the-kth-smallest-sum-of-a-matrix-with-sorted-rows
1460,Make Two Arrays Equal by Reversing Sub-arrays,Array,73.4%,Easy,0.846046,https://leetcode.com/problems/make-two-arrays-equal-by-reversing-sub-arrays
1498,Number of Subsequences That Satisfy the Given Sum Condition,"Sort, Sliding Window",37.0%,Medium,5.08421,https://leetcode.com/problems/number-of-subsequences-that-satisfy-the-given-sum-condition
1528,Shuffle String,Sort,85.7%,Easy,0.415977,https://leetcode.com/problems/shuffle-string
1539,Kth Missing Positive Number,"Array, Hash Table",53.2%,Easy,0.362528,https://leetcode.com/problems/kth-missing-positive-number
1570,Dot Product of Two Sparse Vectors,"Array, Hash Table, Two Pointers",94.2%,Medium,13.9046,https://leetcode.com/problems/dot-product-of-two-sparse-vectors
