Id,Title,Tags,Acceptance,Difficulty,Frequency,Link
7,Reverse Integer,Math,25.8%,Easy,2.05823,https://leetcode.com/problems/reverse-integer
20,Valid Parentheses,"String, Stack",39.1%,Easy,64.1373,https://leetcode.com/problems/valid-parentheses
91,Decode Ways,"String, Dynamic Programming",24.9%,Medium,33.0978,https://leetcode.com/problems/decode-ways
115,Distinct Subsequences,"String, Dynamic Programming",38.5%,Hard,100.0,https://leetcode.com/problems/distinct-subsequences
273,Integer to English Words,"Math, String",27.2%,Hard,88.3224,https://leetcode.com/problems/integer-to-english-words
509,Fibonacci Number,Array,67.2%,Easy,90.1963,https://leetcode.com/problems/fibonacci-number
