Id,Title,Tags,Acceptance,Difficulty,Frequency,Link
1,Two Sum,"Array, Hash Table",45.7%,Easy,83.8651,https://leetcode.com/problems/two-sum
2,Add Two Numbers,"Linked List, Math",34.1%,Medium,27.4439,https://leetcode.com/problems/add-two-numbers
3,Longest Substring Without Repeating Characters,"Hash Table, Two Pointers, String, Sliding Window",30.5%,Medium,16.1448,https://leetcode.com/problems/longest-substring-without-repeating-characters
4,Median of Two Sorted Arrays,"Array, Binary Search, Divide and Conquer",29.8%,Hard,20.5625,https://leetcode.com/problems/median-of-two-sorted-arrays
5,Longest Palindromic Substring,"String, Dynamic Programming",29.6%,Medium,8.89773,https://leetcode.com/problems/longest-palindromic-substring
6,ZigZag Conversion,String,36.6%,Medium,0.702775,https://leetcode.com/problems/zigzag-conversion
7,Reverse Integer,Math,25.8%,Easy,2.27689,https://leetcode.com/problems/reverse-integer
8,String to Integer (atoi),"Math, String",15.4%,Medium,1.74531,https://leetcode.com/problems/string-to-integer-atoi
9,Palindrome Number,Math,48.6%,Easy,2.03495,https://leetcode.com/problems/palindrome-number
10,Regular Expression Matching,"String, Dynamic Programming, Backtracking",26.9%,Hard,8.83277,https://leetcode.com/problems/regular-expression-matching
11,Container With Most Water,"Array, Two Pointers",51.1%,Medium,1.68183,https://leetcode.com/problems/container-with-most-water
12,Integer to Roman,"Math, String",55.3%,Medium,1.213,https://leetcode.com/problems/integer-to-roman
13,Roman to Integer,"Math, String",55.9%,Easy,0.311355,https://leetcode.com/problems/roman-to-integer
14,Longest Common Prefix,String,35.5%,Easy,4.44965,https://leetcode.com/problems/longest-common-prefix
15,3Sum,"Array, Two Pointers",27.0%,Medium,8.56904,https://leetcode.com/problems/3sum
16,3Sum Closest,"Array, Two Pointers",46.0%,Medium,4.09857,https://leetcode.com/problems/3sum-closest
17,Letter Combinations of a Phone Number,"String, Backtracking",47.1%,Medium,11.3795,https://leetcode.com/problems/letter-combinations-of-a-phone-number
18,4Sum,"Array, Hash Table, Two Pointers",33.8%,Medium,2.78506,https://leetcode.com/problems/4sum
19,Remove Nth Node From End of List,"Linked List, Two Pointers",35.3%,Medium,0.683271,https://leetcode.com/problems/remove-nth-node-from-end-of-list
20,Valid Parentheses,"String, Stack",39.1%,Easy,6.60318,https://leetcode.com/problems/valid-parentheses
21,Merge Two Sorted Lists,Linked List,53.9%,Easy,5.31284,https://leetcode.com/problems/merge-two-sorted-lists
22,Generate Parentheses,"String, Backtracking",63.1%,Medium,4.52466,https://leetcode.com/problems/generate-parentheses
23,Merge k Sorted Lists,"Linked List, Divide and Conquer, Heap",40.6%,Hard,12.7344,https://leetcode.com/problems/merge-k-sorted-lists
24,Swap Nodes in Pairs,Linked List,50.8%,Medium,1.2925,https://leetcode.com/problems/swap-nodes-in-pairs
25,Reverse Nodes in k-Group,Linked List,42.5%,Hard,0.237633,https://leetcode.com/problems/reverse-nodes-in-k-group
26,Remove Duplicates from Sorted Array,"Array, Two Pointers",45.4%,Easy,1.26348,https://leetcode.com/problems/remove-duplicates-from-sorted-array
27,Remove Element,"Array, Two Pointers",48.4%,Easy,0.0780615,https://leetcode.com/problems/remove-element
28,Implement strStr(),"Two Pointers, String",34.6%,Easy,1.07567,https://leetcode.com/problems/implement-strstr
29,Divide Two Integers,"Math, Binary Search",16.4%,Medium,0.606389,https://leetcode.com/problems/divide-two-integers
30,Substring with Concatenation of All Words,"Hash Table, Two Pointers, String",25.5%,Hard,4.65231,https://leetcode.com/problems/substring-with-concatenation-of-all-words
31,Next Permutation,Array,32.7%,Medium,13.4873,https://leetcode.com/problems/next-permutation
32,Longest Valid Parentheses,"String, Dynamic Programming",28.5%,Hard,1.25245,https://leetcode.com/problems/longest-valid-parentheses
33,Search in Rotated Sorted Array,"Array, Binary Search",34.7%,Medium,6.07358,https://leetcode.com/problems/search-in-rotated-sorted-array
34,Find First and Last Position of Element in Sorted Array,"Array, Binary Search",36.3%,Medium,18.0883,https://leetcode.com/problems/find-first-and-last-position-of-element-in-sorted-array
35,Search Insert Position,"Array, Binary Search",42.7%,Easy,1.69874,https://leetcode.com/problems/search-insert-position
36,Valid Sudoku,Hash Table,49.1%,Medium,4.75994,https://leetcode.com/problems/valid-sudoku
37,Sudoku Solver,"Hash Table, Backtracking",44.0%,Hard,6.20944,https://leetcode.com/problems/sudoku-solver
38,Count and Say,String,44.9%,Easy,6.01766,https://leetcode.com/problems/count-and-say
39,Combination Sum,"Array, Backtracking",56.5%,Medium,1.61365,https://leetcode.com/problems/combination-sum
40,Combination Sum II,"Array, Backtracking",48.6%,Medium,0.52806,https://leetcode.com/problems/combination-sum-ii
41,First Missing Positive,Array,32.2%,Hard,10.4513,https://leetcode.com/problems/first-missing-positive
42,Trapping Rain Water,"Array, Two Pointers, Stack",49.2%,Hard,20.3799,https://leetcode.com/problems/trapping-rain-water
43,Multiply Strings,"Math, String",34.1%,Medium,12.6226,https://leetcode.com/problems/multiply-strings
44,Wildcard Matching,"String, Dynamic Programming, Backtracking, Greedy",24.8%,Hard,5.32476,https://leetcode.com/problems/wildcard-matching
45,Jump Game II,"Array, Greedy",30.7%,Hard,8.00716,https://leetcode.com/problems/jump-game-ii
46,Permutations,Backtracking,64.0%,Medium,3.76815,https://leetcode.com/problems/permutations
48,Rotate Image,Array,57.3%,Medium,1.2911,https://leetcode.com/problems/rotate-image
49,Group Anagrams,"Hash Table, String",57.3%,Medium,3.49377,https://leetcode.com/problems/group-anagrams
50,"Pow(x, n)","Math, Binary Search",30.5%,Medium,4.68146,https://leetcode.com/problems/powx-n
51,N-Queens,Backtracking,47.1%,Hard,0.891735,https://leetcode.com/problems/n-queens
53,Maximum Subarray,"Array, Divide and Conquer, Dynamic Programming",46.7%,Easy,17.4896,https://leetcode.com/problems/maximum-subarray
54,Spiral Matrix,Array,34.3%,Medium,5.8781,https://leetcode.com/problems/spiral-matrix
55,Jump Game,"Array, Greedy",34.7%,Medium,7.46476,https://leetcode.com/problems/jump-game
56,Merge Intervals,"Array, Sort",39.5%,Medium,30.0072,https://leetcode.com/problems/merge-intervals
57,Insert Interval,"Array, Sort",33.7%,Hard,32.7246,https://leetcode.com/problems/insert-interval
59,Spiral Matrix II,Array,54.3%,Medium,1.35589,https://leetcode.com/problems/spiral-matrix-ii
60,Permutation Sequence,"Math, Backtracking",38.6%,Hard,1.47818,https://leetcode.com/problems/permutation-sequence
62,Unique Paths,"Array, Dynamic Programming",54.4%,Medium,2.16298,https://leetcode.com/problems/unique-paths
63,Unique Paths II,"Array, Dynamic Programming",34.7%,Medium,6.63701,https://leetcode.com/problems/unique-paths-ii
64,Minimum Path Sum,"Array, Dynamic Programming",54.8%,Medium,8.78195,https://leetcode.com/problems/minimum-path-sum
65,Valid Number,"Math, String",15.4%,Hard,3.33377,https://leetcode.com/problems/valid-number
66,Plus One,Array,43.0%,Easy,11.9075,https://leetcode.com/problems/plus-one
67,Add Binary,"Math, String",45.5%,Easy,1.69653,https://leetcode.com/problems/add-binary
68,Text Justification,String,28.0%,Hard,36.6719,https://leetcode.com/problems/text-justification
69,Sqrt(x),"Math, Binary Search",34.1%,Easy,3.37224,https://leetcode.com/problems/sqrtx
70,Climbing Stairs,Dynamic Programming,47.9%,Easy,1.65525,https://leetcode.com/problems/climbing-stairs
72,Edit Distance,"String, Dynamic Programming",45.1%,Hard,14.1161,https://leetcode.com/problems/edit-distance
74,Search a 2D Matrix,"Array, Binary Search",36.6%,Medium,0.434862,https://leetcode.com/problems/search-a-2d-matrix
75,Sort Colors,"Array, Two Pointers, Sort",47.6%,Medium,0.462623,https://leetcode.com/problems/sort-colors
76,Minimum Window Substring,"Hash Table, Two Pointers, String, Sliding Window",34.9%,Hard,24.817,https://leetcode.com/problems/minimum-window-substring
77,Combinations,Backtracking,55.1%,Medium,3.51199,https://leetcode.com/problems/combinations
78,Subsets,"Array, Backtracking, Bit Manipulation",62.5%,Medium,3.85031,https://leetcode.com/problems/subsets
79,Word Search,"Array, Backtracking",35.8%,Medium,7.83783,https://leetcode.com/problems/word-search
80,Remove Duplicates from Sorted Array II,"Array, Two Pointers",44.2%,Medium,0.362548,https://leetcode.com/problems/remove-duplicates-from-sorted-array-ii
81,Search in Rotated Sorted Array II,"Array, Binary Search",33.0%,Medium,1.80748,https://leetcode.com/problems/search-in-rotated-sorted-array-ii
82,Remove Duplicates from Sorted List II,Linked List,37.1%,Medium,0.304273,https://leetcode.com/problems/remove-duplicates-from-sorted-list-ii
84,Largest Rectangle in Histogram,"Array, Stack",35.5%,Hard,3.78593,https://leetcode.com/problems/largest-rectangle-in-histogram
85,Maximal Rectangle,"Array, Hash Table, Dynamic Programming, Stack",38.0%,Hard,27.0449,https://leetcode.com/problems/maximal-rectangle
87,Scramble String,"String, Dynamic Programming",33.9%,Hard,2.10257,https://leetcode.com/problems/scramble-string
88,Merge Sorted Array,"Array, Two Pointers",39.6%,Easy,0.599879,https://leetcode.com/problems/merge-sorted-array
91,Decode Ways,"String, Dynamic Programming",24.9%,Medium,6.95462,https://leetcode.com/problems/decode-ways
92,Reverse Linked List II,Linked List,39.1%,Medium,0.519095,https://leetcode.com/problems/reverse-linked-list-ii
94,Binary Tree Inorder Traversal,"Hash Table, Stack, Tree",63.8%,Medium,1.99866,https://leetcode.com/problems/binary-tree-inorder-traversal
96,Unique Binary Search Trees,"Dynamic Programming, Tree",53.2%,Medium,5.49519,https://leetcode.com/problems/unique-binary-search-trees
97,Interleaving String,"String, Dynamic Programming",31.7%,Hard,10.4828,https://leetcode.com/problems/interleaving-string
98,Validate Binary Search Tree,"Tree, Depth-first Search",27.9%,Medium,2.32607,https://leetcode.com/problems/validate-binary-search-tree
99,Recover Binary Search Tree,"Tree, Depth-first Search",40.0%,Hard,5.67501,https://leetcode.com/problems/recover-binary-search-tree
100,Same Tree,"Tree, Depth-first Search",53.5%,Easy,1.10504,https://leetcode.com/problems/same-tree
101,Symmetric Tree,"Tree, Depth-first Search, Breadth-first Search",47.1%,Easy,3.2215,https://leetcode.com/problems/symmetric-tree
102,Binary Tree Level Order Traversal,"Tree, Breadth-first Search",54.9%,Medium,0.19054,https://leetcode.com/problems/binary-tree-level-order-traversal
103,Binary Tree Zigzag Level Order Traversal,"Stack, Tree, Breadth-first Search",48.6%,Medium,1.19683,https://leetcode.com/problems/binary-tree-zigzag-level-order-traversal
104,Maximum Depth of Binary Tree,"Tree, Depth-first Search",66.3%,Easy,1.87991,https://leetcode.com/problems/maximum-depth-of-binary-tree
105,Construct Binary Tree from Preorder and Inorder Traversal,"Array, Tree, Depth-first Search",49.3%,Medium,5.63651,https://leetcode.com/problems/construct-binary-tree-from-preorder-and-inorder-traversal
108,Convert Sorted Array to Binary Search Tree,"Tree, Depth-first Search",58.4%,Easy,0.84602,https://leetcode.com/problems/convert-sorted-array-to-binary-search-tree
109,Convert Sorted List to Binary Search Tree,"Linked List, Depth-first Search",48.1%,Medium,5.14341,https://leetcode.com/problems/convert-sorted-list-to-binary-search-tree
110,Balanced Binary Tree,"Tree, Depth-first Search",43.7%,Easy,4.119,https://leetcode.com/problems/balanced-binary-tree
113,Path Sum II,"Tree, Depth-first Search",47.1%,Medium,1.73466,https://leetcode.com/problems/path-sum-ii
114,Flatten Binary Tree to Linked List,"Tree, Depth-first Search",49.7%,Medium,0.798911,https://leetcode.com/problems/flatten-binary-tree-to-linked-list
115,Distinct Subsequences,"String, Dynamic Programming",38.5%,Hard,2.14925,https://leetcode.com/problems/distinct-subsequences
116,Populating Next Right Pointers in Each Node,"Tree, Depth-first Search",45.7%,Medium,3.45442,https://leetcode.com/problems/populating-next-right-pointers-in-each-node
117,Populating Next Right Pointers in Each Node II,"Tree, Depth-first Search",39.5%,Medium,6.27517,https://leetcode.com/problems/populating-next-right-pointers-in-each-node-ii
118,Pascal's Triangle,Array,52.9%,Easy,1.37584,https://leetcode.com/problems/pascals-triangle
119,Pascal's Triangle II,Array,50.9%,Easy,0.271677,https://leetcode.com/problems/pascals-triangle-ii
120,Triangle,"Array, Dynamic Programming",44.4%,Medium,0.709702,https://leetcode.com/problems/triangle
121,Best Time to Buy and Sell Stock,"Array, Dynamic Programming",50.6%,Easy,5.23882,https://leetcode.com/problems/best-time-to-buy-and-sell-stock
122,Best Time to Buy and Sell Stock II,"Array, Greedy",57.2%,Easy,1.30688,https://leetcode.com/problems/best-time-to-buy-and-sell-stock-ii
123,Best Time to Buy and Sell Stock III,"Array, Dynamic Programming",38.6%,Hard,0.240163,https://leetcode.com/problems/best-time-to-buy-and-sell-stock-iii
124,Binary Tree Maximum Path Sum,"Tree, Depth-first Search",34.5%,Hard,15.9195,https://leetcode.com/problems/binary-tree-maximum-path-sum
125,Valid Palindrome,"Two Pointers, String",36.9%,Easy,0.91369,https://leetcode.com/problems/valid-palindrome
126,Word Ladder II,"Array, String, Backtracking, Breadth-first Search",22.4%,Hard,5.96173,https://leetcode.com/problems/word-ladder-ii
127,Word Ladder,Breadth-first Search,29.9%,Medium,19.2047,https://leetcode.com/problems/word-ladder
128,Longest Consecutive Sequence,"Array, Union Find",45.3%,Hard,16.3394,https://leetcode.com/problems/longest-consecutive-sequence
129,Sum Root to Leaf Numbers,"Tree, Depth-first Search",49.4%,Medium,1.24445,https://leetcode.com/problems/sum-root-to-leaf-numbers
130,Surrounded Regions,"Depth-first Search, Breadth-first Search, Union Find",28.3%,Medium,6.75762,https://leetcode.com/problems/surrounded-regions
131,Palindrome Partitioning,Backtracking,48.0%,Medium,1.84679,https://leetcode.com/problems/palindrome-partitioning
132,Palindrome Partitioning II,Dynamic Programming,30.4%,Hard,4.77368,https://leetcode.com/problems/palindrome-partitioning-ii
133,Clone Graph,"Depth-first Search, Breadth-first Search, Graph",35.4%,Medium,8.59295,https://leetcode.com/problems/clone-graph
134,Gas Station,Greedy,38.8%,Medium,3.83394,https://leetcode.com/problems/gas-station
135,Candy,Greedy,31.8%,Hard,20.3401,https://leetcode.com/problems/candy
136,Single Number,"Hash Table, Bit Manipulation",65.7%,Easy,0.813513,https://leetcode.com/problems/single-number
137,Single Number II,Bit Manipulation,52.6%,Medium,7.04495,https://leetcode.com/problems/single-number-ii
138,Copy List with Random Pointer,"Hash Table, Linked List",37.0%,Medium,4.61957,https://leetcode.com/problems/copy-list-with-random-pointer
139,Word Break,Dynamic Programming,40.3%,Medium,14.4453,https://leetcode.com/problems/word-break
140,Word Break II,"Dynamic Programming, Backtracking",32.9%,Hard,8.11225,https://leetcode.com/problems/word-break-ii
141,Linked List Cycle,"Linked List, Two Pointers",41.4%,Easy,0.503738,https://leetcode.com/problems/linked-list-cycle
142,Linked List Cycle II,"Linked List, Two Pointers",37.6%,Medium,0.158126,https://leetcode.com/problems/linked-list-cycle-ii
143,Reorder List,Linked List,39.0%,Medium,0.119253,https://leetcode.com/problems/reorder-list
144,Binary Tree Preorder Traversal,"Stack, Tree",56.0%,Medium,0.825567,https://leetcode.com/problems/binary-tree-preorder-traversal
145,Binary Tree Postorder Traversal,"Stack, Tree",55.4%,Medium,0.364878,https://leetcode.com/problems/binary-tree-postorder-traversal
146,LRU Cache,Design,33.5%,Medium,17.8634,https://leetcode.com/problems/lru-cache
148,Sort List,"Linked List, Sort",42.9%,Medium,1.05415,https://leetcode.com/problems/sort-list
149,Max Points on a Line,"Hash Table, Math",17.0%,Hard,13.6447,https://leetcode.com/problems/max-points-on-a-line
150,Evaluate Reverse Polish Notation,Stack,36.6%,Medium,14.6995,https://leetcode.com/problems/evaluate-reverse-polish-notation
151,Reverse Words in a String,String,22.1%,Medium,0.211931,https://leetcode.com/problems/reverse-words-in-a-string
152,Maximum Product Subarray,"Array, Dynamic Programming",31.8%,Medium,9.16291,https://leetcode.com/problems/maximum-product-subarray
153,Find Minimum in Rotated Sorted Array,"Array, Binary Search",45.2%,Medium,1.24575,https://leetcode.com/problems/find-minimum-in-rotated-sorted-array
154,Find Minimum in Rotated Sorted Array II,"Array, Binary Search",41.6%,Hard,0.913597,https://leetcode.com/problems/find-minimum-in-rotated-sorted-array-ii
155,Min Stack,"Stack, Design",44.8%,Easy,6.02715,https://leetcode.com/problems/min-stack
156,Binary Tree Upside Down,Tree,55.2%,Medium,3.61127,https://leetcode.com/problems/binary-tree-upside-down
157,Read N Characters Given Read4,String,35.3%,Easy,6.7044,https://leetcode.com/problems/read-n-characters-given-read4
158,Read N Characters Given Read4 II - Call multiple times,String,34.2%,Hard,47.9948,https://leetcode.com/problems/read-n-characters-given-read4-ii-call-multiple-times
159,Longest Substring with At Most Two Distinct Characters,"Hash Table, Two Pointers, String, Sliding Window",49.5%,Medium,70.209,https://leetcode.com/problems/longest-substring-with-at-most-two-distinct-characters
160,Intersection of Two Linked Lists,Linked List,41.1%,Easy,0.435493,https://leetcode.com/problems/intersection-of-two-linked-lists
161,One Edit Distance,String,32.3%,Medium,1.74035,https://leetcode.com/problems/one-edit-distance
162,Find Peak Element,"Array, Binary Search",43.4%,Medium,7.17186,https://leetcode.com/problems/find-peak-element
163,Missing Ranges,Array,24.3%,Medium,26.3884,https://leetcode.com/problems/missing-ranges
165,Compare Version Numbers,String,27.6%,Medium,11.1197,https://leetcode.com/problems/compare-version-numbers
166,Fraction to Recurring Decimal,"Hash Table, Math",21.7%,Medium,11.3801,https://leetcode.com/problems/fraction-to-recurring-decimal
167,Two Sum II - Input array is sorted,"Array, Two Pointers, Binary Search",54.3%,Easy,1.47874,https://leetcode.com/problems/two-sum-ii-input-array-is-sorted
168,Excel Sheet Column Title,Math,31.2%,Easy,5.44843,https://leetcode.com/problems/excel-sheet-column-title
169,Majority Element,"Array, Divide and Conquer, Bit Manipulation",58.9%,Easy,2.59495,https://leetcode.com/problems/majority-element
171,Excel Sheet Column Number,Math,56.2%,Easy,0.657801,https://leetcode.com/problems/excel-sheet-column-number
173,Binary Search Tree Iterator,"Stack, Tree, Design",57.1%,Medium,8.67516,https://leetcode.com/problems/binary-search-tree-iterator
174,Dungeon Game,"Binary Search, Dynamic Programming",32.5%,Hard,5.75261,https://leetcode.com/problems/dungeon-game
175,Combine Two Tables,,61.3%,Easy,1.13935,https://leetcode.com/problems/combine-two-tables
176,Second Highest Salary,,31.9%,Easy,0.389995,https://leetcode.com/problems/second-highest-salary
177,Nth Highest Salary,,31.6%,Medium,1.33497,https://leetcode.com/problems/nth-highest-salary
179,Largest Number,Sort,29.0%,Medium,0.31844,https://leetcode.com/problems/largest-number
180,Consecutive Numbers,,40.1%,Medium,0.483845,https://leetcode.com/problems/consecutive-numbers
181,Employees Earning More Than Their Managers,,57.4%,Easy,0.693805,https://leetcode.com/problems/employees-earning-more-than-their-managers
185,Department Top Three Salaries,,35.2%,Hard,1.16539,https://leetcode.com/problems/department-top-three-salaries
187,Repeated DNA Sequences,"Hash Table, Bit Manipulation",39.0%,Medium,10.2208,https://leetcode.com/problems/repeated-dna-sequences
188,Best Time to Buy and Sell Stock IV,Dynamic Programming,28.1%,Hard,4.18826,https://leetcode.com/problems/best-time-to-buy-and-sell-stock-iv
190,Reverse Bits,Bit Manipulation,40.2%,Easy,1.12971,https://leetcode.com/problems/reverse-bits
191,Number of 1 Bits,Bit Manipulation,50.3%,Easy,0.414172,https://leetcode.com/problems/number-of-1-bits
192,Word Frequency,,25.8%,Medium,2.68603,https://leetcode.com/problems/word-frequency
195,Tenth Line,,33.0%,Easy,3.48192,https://leetcode.com/problems/tenth-line
198,House Robber,Dynamic Programming,42.1%,Easy,9.93923,https://leetcode.com/problems/house-robber
199,Binary Tree Right Side View,"Tree, Depth-first Search, Breadth-first Search",54.4%,Medium,0.134153,https://leetcode.com/problems/binary-tree-right-side-view
200,Number of Islands,"Depth-first Search, Breadth-first Search, Union Find",47.1%,Medium,28.079,https://leetcode.com/problems/number-of-islands
202,Happy Number,"Hash Table, Math",50.6%,Easy,3.41639,https://leetcode.com/problems/happy-number
203,Remove Linked List Elements,Linked List,38.8%,Easy,0.36917,https://leetcode.com/problems/remove-linked-list-elements
204,Count Primes,"Hash Table, Math",31.6%,Easy,1.0149,https://leetcode.com/problems/count-primes
205,Isomorphic Strings,Hash Table,39.9%,Easy,36.7721,https://leetcode.com/problems/isomorphic-strings
206,Reverse Linked List,Linked List,63.0%,Easy,3.37934,https://leetcode.com/problems/reverse-linked-list
207,Course Schedule,"Depth-first Search, Breadth-first Search, Graph, Topological Sort",43.3%,Medium,2.89895,https://leetcode.com/problems/course-schedule
208,Implement Trie (Prefix Tree),"Design, Trie",49.9%,Medium,15.6494,https://leetcode.com/problems/implement-trie-prefix-tree
209,Minimum Size Subarray Sum,"Array, Two Pointers, Binary Search",38.4%,Medium,10.5708,https://leetcode.com/problems/minimum-size-subarray-sum
210,Course Schedule II,"Depth-first Search, Breadth-first Search, Graph, Topological Sort",41.0%,Medium,12.6217,https://leetcode.com/problems/course-schedule-ii
211,Design Add and Search Words Data Structure,"Backtracking, Design, Trie",38.3%,Medium,3.42574,https://leetcode.com/problems/design-add-and-search-words-data-structure
212,Word Search II,"Backtracking, Trie",35.1%,Hard,9.90171,https://leetcode.com/problems/word-search-ii
213,House Robber II,Dynamic Programming,36.5%,Medium,3.36438,https://leetcode.com/problems/house-robber-ii
214,Shortest Palindrome,String,29.9%,Hard,0.742918,https://leetcode.com/problems/shortest-palindrome
215,Kth Largest Element in an Array,"Divide and Conquer, Heap",55.8%,Medium,8.455,https://leetcode.com/problems/kth-largest-element-in-an-array
216,Combination Sum III,"Array, Backtracking",56.9%,Medium,0.485618,https://leetcode.com/problems/combination-sum-iii
218,The Skyline Problem,"Divide and Conquer, Heap, Binary Indexed Tree, Segment Tree, Line Sweep",34.7%,Hard,14.226,https://leetcode.com/problems/the-skyline-problem
219,Contains Duplicate II,"Array, Hash Table",37.9%,Easy,1.87887,https://leetcode.com/problems/contains-duplicate-ii
220,Contains Duplicate III,"Sort, Ordered Map",21.4%,Medium,0.0476053,https://leetcode.com/problems/contains-duplicate-iii
221,Maximal Square,Dynamic Programming,37.8%,Medium,28.0776,https://leetcode.com/problems/maximal-square
222,Count Complete Tree Nodes,"Binary Search, Tree",47.2%,Medium,81.2698,https://leetcode.com/problems/count-complete-tree-nodes
224,Basic Calculator,"Math, Stack",37.1%,Hard,13.728,https://leetcode.com/problems/basic-calculator
226,Invert Binary Tree,Tree,65.3%,Easy,5.05985,https://leetcode.com/problems/invert-binary-tree
227,Basic Calculator II,String,37.1%,Medium,1.49329,https://leetcode.com/problems/basic-calculator-ii
228,Summary Ranges,Array,39.7%,Medium,8.16498,https://leetcode.com/problems/summary-ranges
229,Majority Element II,Array,35.8%,Medium,2.45837,https://leetcode.com/problems/majority-element-ii
230,Kth Smallest Element in a BST,"Binary Search, Tree",60.6%,Medium,0.91521,https://leetcode.com/problems/kth-smallest-element-in-a-bst
231,Power of Two,"Math, Bit Manipulation",43.7%,Easy,1.03133,https://leetcode.com/problems/power-of-two
232,Implement Queue using Stacks,"Stack, Design",50.1%,Easy,1.83902,https://leetcode.com/problems/implement-queue-using-stacks
234,Palindrome Linked List,"Linked List, Two Pointers",39.5%,Easy,0.895838,https://leetcode.com/problems/palindrome-linked-list
235,Lowest Common Ancestor of a Binary Search Tree,Tree,50.2%,Easy,0.197813,https://leetcode.com/problems/lowest-common-ancestor-of-a-binary-search-tree
236,Lowest Common Ancestor of a Binary Tree,Tree,46.2%,Medium,4.98245,https://leetcode.com/problems/lowest-common-ancestor-of-a-binary-tree
237,Delete Node in a Linked List,Linked List,64.4%,Easy,0.718018,https://leetcode.com/problems/delete-node-in-a-linked-list
238,Product of Array Except Self,Array,60.3%,Medium,3.43579,https://leetcode.com/problems/product-of-array-except-self
239,Sliding Window Maximum,"Heap, Sliding Window",43.4%,Hard,11.5897,https://leetcode.com/problems/sliding-window-maximum
240,Search a 2D Matrix II,"Binary Search, Divide and Conquer",43.3%,Medium,1.99295,https://leetcode.com/problems/search-a-2d-matrix-ii
241,Different Ways to Add Parentheses,Divide and Conquer,55.5%,Medium,7.318,https://leetcode.com/problems/different-ways-to-add-parentheses
242,Valid Anagram,"Hash Table, Sort",57.1%,Easy,3.82096,https://leetcode.com/problems/valid-anagram
243,Shortest Word Distance,Array,61.1%,Easy,5.935,https://leetcode.com/problems/shortest-word-distance
246,Strobogrammatic Number,"Hash Table, Math",45.1%,Easy,24.3403,https://leetcode.com/problems/strobogrammatic-number
247,Strobogrammatic Number II,"Math, Recursion",47.8%,Medium,36.7705,https://leetcode.com/problems/strobogrammatic-number-ii
248,Strobogrammatic Number III,"Math, Recursion",39.7%,Hard,67.4324,https://leetcode.com/problems/strobogrammatic-number-iii
249,Group Shifted Strings,"Hash Table, String",55.7%,Medium,6.98071,https://leetcode.com/problems/group-shifted-strings
250,Count Univalue Subtrees,Tree,52.2%,Medium,8.61852,https://leetcode.com/problems/count-univalue-subtrees
252,Meeting Rooms,Sort,54.7%,Easy,2.71105,https://leetcode.com/problems/meeting-rooms
253,Meeting Rooms II,"Heap, Greedy, Sort",45.8%,Medium,46.6216,https://leetcode.com/problems/meeting-rooms-ii
254,Factor Combinations,Backtracking,46.8%,Medium,2.64577,https://leetcode.com/problems/factor-combinations
257,Binary Tree Paths,"Tree, Depth-first Search",51.8%,Easy,0.541487,https://leetcode.com/problems/binary-tree-paths
259,3Sum Smaller,"Array, Two Pointers",47.8%,Medium,5.81983,https://leetcode.com/problems/3sum-smaller
261,Graph Valid Tree,"Depth-first Search, Breadth-first Search, Union Find, Graph",42.3%,Medium,6.04543,https://leetcode.com/problems/graph-valid-tree
265,Paint House II,Dynamic Programming,44.8%,Hard,2.70662,https://leetcode.com/problems/paint-house-ii
266,Palindrome Permutation,Hash Table,62.0%,Easy,5.74385,https://leetcode.com/problems/palindrome-permutation
267,Palindrome Permutation II,Backtracking,36.5%,Medium,5.35408,https://leetcode.com/problems/palindrome-permutation-ii
268,Missing Number,"Array, Math, Bit Manipulation",51.9%,Easy,1.00504,https://leetcode.com/problems/missing-number
269,Alien Dictionary,"Graph, Topological Sort",33.3%,Hard,16.144,https://leetcode.com/problems/alien-dictionary
270,Closest Binary Search Tree Value,"Binary Search, Tree",48.7%,Easy,0.148783,https://leetcode.com/problems/closest-binary-search-tree-value
271,Encode and Decode Strings,String,31.7%,Medium,42.2986,https://leetcode.com/problems/encode-and-decode-strings
273,Integer to English Words,"Math, String",27.2%,Hard,4.63842,https://leetcode.com/problems/integer-to-english-words
274,H-Index,"Hash Table, Sort",36.3%,Medium,1.02883,https://leetcode.com/problems/h-index
276,Paint Fence,Dynamic Programming,38.4%,Easy,5.98921,https://leetcode.com/problems/paint-fence
277,Find the Celebrity,Array,42.1%,Medium,3.65416,https://leetcode.com/problems/find-the-celebrity
278,First Bad Version,Binary Search,36.0%,Easy,2.41744,https://leetcode.com/problems/first-bad-version
279,Perfect Squares,"Math, Dynamic Programming, Breadth-first Search",47.6%,Medium,7.31332,https://leetcode.com/problems/perfect-squares
280,Wiggle Sort,"Array, Sort",63.9%,Medium,13.7853,https://leetcode.com/problems/wiggle-sort
281,Zigzag Iterator,Design,58.6%,Medium,10.0251,https://leetcode.com/problems/zigzag-iterator
282,Expression Add Operators,Divide and Conquer,35.7%,Hard,6.97317,https://leetcode.com/problems/expression-add-operators
283,Move Zeroes,"Array, Two Pointers",58.0%,Easy,3.40935,https://leetcode.com/problems/move-zeroes
284,Peeking Iterator,Design,46.1%,Medium,15.5869,https://leetcode.com/problems/peeking-iterator
285,Inorder Successor in BST,Tree,40.8%,Medium,6.95696,https://leetcode.com/problems/inorder-successor-in-bst
286,Walls and Gates,Breadth-first Search,54.9%,Medium,6.40285,https://leetcode.com/problems/walls-and-gates
287,Find the Duplicate Number,"Array, Two Pointers, Binary Search",55.9%,Medium,5.31651,https://leetcode.com/problems/find-the-duplicate-number
288,Unique Word Abbreviation,"Hash Table, Design",22.0%,Medium,21.5288,https://leetcode.com/problems/unique-word-abbreviation
289,Game of Life,Array,54.9%,Medium,2.35016,https://leetcode.com/problems/game-of-life
290,Word Pattern,Hash Table,37.1%,Easy,0.871213,https://leetcode.com/problems/word-pattern
292,Nim Game,"Brainteaser, Minimax",54.9%,Easy,0.53568,https://leetcode.com/problems/nim-game
295,Find Median from Data Stream,"Heap, Design",44.8%,Hard,23.2194,https://leetcode.com/problems/find-median-from-data-stream
296,Best Meeting Point,"Math, Sort",57.6%,Hard,17.3629,https://leetcode.com/problems/best-meeting-point
297,Serialize and Deserialize Binary Tree,"Tree, Design",47.8%,Hard,7.9625,https://leetcode.com/problems/serialize-and-deserialize-binary-tree
298,Binary Tree Longest Consecutive Sequence,Tree,47.3%,Medium,22.1964,https://leetcode.com/problems/binary-tree-longest-consecutive-sequence
299,Bulls and Cows,Hash Table,42.5%,Easy,61.8879,https://leetcode.com/problems/bulls-and-cows
300,Longest Increasing Subsequence,"Binary Search, Dynamic Programming",42.7%,Medium,3.88131,https://leetcode.com/problems/longest-increasing-subsequence
301,Remove Invalid Parentheses,"Depth-first Search, Breadth-first Search",43.5%,Hard,3.16186,https://leetcode.com/problems/remove-invalid-parentheses
302,Smallest Rectangle Enclosing Black Pixels,Binary Search,51.7%,Hard,13.7777,https://leetcode.com/problems/smallest-rectangle-enclosing-black-pixels
303,Range Sum Query - Immutable,Dynamic Programming,45.2%,Easy,0.700325,https://leetcode.com/problems/range-sum-query-immutable
304,Range Sum Query 2D - Immutable,Dynamic Programming,38.9%,Medium,20.4215,https://leetcode.com/problems/range-sum-query-2d-immutable
305,Number of Islands II,Union Find,40.0%,Hard,7.05996,https://leetcode.com/problems/number-of-islands-ii
307,Range Sum Query - Mutable,"Binary Indexed Tree, Segment Tree",35.0%,Medium,7.75755,https://leetcode.com/problems/range-sum-query-mutable
308,Range Sum Query 2D - Mutable,"Binary Indexed Tree, Segment Tree",36.0%,Hard,48.4411,https://leetcode.com/problems/range-sum-query-2d-mutable
309,Best Time to Buy and Sell Stock with Cooldown,Dynamic Programming,47.5%,Medium,0.827388,https://leetcode.com/problems/best-time-to-buy-and-sell-stock-with-cooldown
310,Minimum Height Trees,"Breadth-first Search, Graph",32.4%,Medium,10.3568,https://leetcode.com/problems/minimum-height-trees
311,Sparse Matrix Multiplication,Hash Table,62.2%,Medium,2.6624,https://leetcode.com/problems/sparse-matrix-multiplication
312,Burst Balloons,"Divide and Conquer, Dynamic Programming",52.1%,Hard,4.75459,https://leetcode.com/problems/burst-balloons
314,Binary Tree Vertical Order Traversal,"Depth-first Search, Breadth-first Search",45.5%,Medium,1.39884,https://leetcode.com/problems/binary-tree-vertical-order-traversal
315,Count of Smaller Numbers After Self,"Binary Search, Divide and Conquer, Sort, Binary Indexed Tree, Segment Tree",41.7%,Hard,44.9748,https://leetcode.com/problems/count-of-smaller-numbers-after-self
316,Remove Duplicate Letters,"Stack, Greedy",36.1%,Hard,6.02243,https://leetcode.com/problems/remove-duplicate-letters
317,Shortest Distance from All Buildings,Breadth-first Search,41.7%,Hard,26.0928,https://leetcode.com/problems/shortest-distance-from-all-buildings
318,Maximum Product of Word Lengths,Bit Manipulation,51.4%,Medium,5.88078,https://leetcode.com/problems/maximum-product-of-word-lengths
320,Generalized Abbreviation,"Backtracking, Bit Manipulation",52.3%,Medium,10.8572,https://leetcode.com/problems/generalized-abbreviation
322,Coin Change,Dynamic Programming,35.8%,Medium,3.75618,https://leetcode.com/problems/coin-change
323,Number of Connected Components in an Undirected Graph,"Depth-first Search, Breadth-first Search, Union Find, Graph",56.3%,Medium,0.670969,https://leetcode.com/problems/number-of-connected-components-in-an-undirected-graph
324,Wiggle Sort II,Sort,30.0%,Medium,0.759962,https://leetcode.com/problems/wiggle-sort-ii
325,Maximum Size Subarray Sum Equals k,Hash Table,46.8%,Medium,8.365,https://leetcode.com/problems/maximum-size-subarray-sum-equals-k
326,Power of Three,Math,42.1%,Easy,0.586925,https://leetcode.com/problems/power-of-three
328,Odd Even Linked List,Linked List,56.0%,Medium,3.32426,https://leetcode.com/problems/odd-even-linked-list
329,Longest Increasing Path in a Matrix,"Depth-first Search, Topological Sort, Memoization",43.6%,Hard,38.1284,https://leetcode.com/problems/longest-increasing-path-in-a-matrix
332,Reconstruct Itinerary,"Depth-first Search, Graph",36.9%,Medium,14.4799,https://leetcode.com/problems/reconstruct-itinerary
333,Largest BST Subtree,Tree,36.0%,Medium,3.02631,https://leetcode.com/problems/largest-bst-subtree
334,Increasing Triplet Subsequence,,40.0%,Medium,11.1566,https://leetcode.com/problems/increasing-triplet-subsequence
335,Self Crossing,Math,28.1%,Hard,3.93341,https://leetcode.com/problems/self-crossing
336,Palindrome Pairs,"Hash Table, String, Trie",33.8%,Hard,10.0153,https://leetcode.com/problems/palindrome-pairs
337,House Robber III,"Tree, Depth-first Search",50.7%,Medium,13.6873,https://leetcode.com/problems/house-robber-iii
340,Longest Substring with At Most K Distinct Characters,"Hash Table, String, Sliding Window",44.3%,Hard,23.3439,https://leetcode.com/problems/longest-substring-with-at-most-k-distinct-characters
341,Flatten Nested List Iterator,"Stack, Design",53.1%,Medium,3.8507,https://leetcode.com/problems/flatten-nested-list-iterator
343,Integer Break,"Math, Dynamic Programming",50.5%,Medium,2.68093,https://leetcode.com/problems/integer-break
344,Reverse String,"Two Pointers, String",68.8%,Easy,1.48534,https://leetcode.com/problems/reverse-string
345,Reverse Vowels of a String,"Two Pointers, String",44.3%,Easy,0.313357,https://leetcode.com/problems/reverse-vowels-of-a-string
346,Moving Average from Data Stream,"Design, Queue",71.3%,Easy,28.3357,https://leetcode.com/problems/moving-average-from-data-stream
347,Top K Frequent Elements,"Hash Table, Heap",61.4%,Medium,16.8477,https://leetcode.com/problems/top-k-frequent-elements
348,Design Tic-Tac-Toe,Design,54.6%,Medium,2.1266,https://leetcode.com/problems/design-tic-tac-toe
349,Intersection of Two Arrays,"Hash Table, Two Pointers, Binary Search, Sort",62.9%,Easy,0.724139,https://leetcode.com/problems/intersection-of-two-arrays
350,Intersection of Two Arrays II,"Hash Table, Two Pointers, Binary Search, Sort",51.5%,Easy,1.13233,https://leetcode.com/problems/intersection-of-two-arrays-ii
351,Android Unlock Patterns,"Dynamic Programming, Backtracking",48.6%,Medium,17.896,https://leetcode.com/problems/android-unlock-patterns
352,Data Stream as Disjoint Intervals,"Binary Search, Ordered Map",47.6%,Hard,2.00488,https://leetcode.com/problems/data-stream-as-disjoint-intervals
353,Design Snake Game,"Design, Queue",34.4%,Medium,24.3953,https://leetcode.com/problems/design-snake-game
354,Russian Doll Envelopes,"Binary Search, Dynamic Programming",35.6%,Hard,22.0391,https://leetcode.com/problems/russian-doll-envelopes
356,Line Reflection,"Hash Table, Math",31.9%,Medium,4.94487,https://leetcode.com/problems/line-reflection
358,Rearrange String k Distance Apart,"Hash Table, Heap, Greedy",35.1%,Hard,10.5039,https://leetcode.com/problems/rearrange-string-k-distance-apart
359,Logger Rate Limiter,"Hash Table, Design",70.9%,Easy,56.9766,https://leetcode.com/problems/logger-rate-limiter
360,Sort Transformed Array,"Math, Two Pointers, Sort",49.0%,Medium,16.561,https://leetcode.com/problems/sort-transformed-array
361,Bomb Enemy,Dynamic Programming,46.1%,Medium,16.8241,https://leetcode.com/problems/bomb-enemy
362,Design Hit Counter,Design,63.9%,Medium,20.4288,https://leetcode.com/problems/design-hit-counter
363,Max Sum of Rectangle No Larger Than K,"Binary Search, Dynamic Programming, Queue",37.5%,Hard,39.8537,https://leetcode.com/problems/max-sum-of-rectangle-no-larger-than-k
365,Water and Jug Problem,Math,30.6%,Medium,3.65843,https://leetcode.com/problems/water-and-jug-problem
366,Find Leaves of Binary Tree,"Tree, Depth-first Search",70.8%,Medium,6.46435,https://leetcode.com/problems/find-leaves-of-binary-tree
367,Valid Perfect Square,"Math, Binary Search",41.7%,Easy,0.407886,https://leetcode.com/problems/valid-perfect-square
369,Plus One Linked List,Linked List,58.3%,Medium,9.72279,https://leetcode.com/problems/plus-one-linked-list
370,Range Addition,Array,62.9%,Medium,16.0637,https://leetcode.com/problems/range-addition
371,Sum of Two Integers,Bit Manipulation,50.7%,Medium,0.429189,https://leetcode.com/problems/sum-of-two-integers
373,Find K Pairs with Smallest Sums,Heap,36.9%,Medium,3.93458,https://leetcode.com/problems/find-k-pairs-with-smallest-sums
374,Guess Number Higher or Lower,Binary Search,43.3%,Easy,1.3708,https://leetcode.com/problems/guess-number-higher-or-lower
375,Guess Number Higher or Lower II,"Dynamic Programming, Minimax",40.3%,Medium,17.1273,https://leetcode.com/problems/guess-number-higher-or-lower-ii
377,Combination Sum IV,Dynamic Programming,45.4%,Medium,0.488077,https://leetcode.com/problems/combination-sum-iv
378,Kth Smallest Element in a Sorted Matrix,"Binary Search, Heap",54.6%,Medium,11.2508,https://leetcode.com/problems/kth-smallest-element-in-a-sorted-matrix
379,Design Phone Directory,"Linked List, Design",46.9%,Medium,11.1111,https://leetcode.com/problems/design-phone-directory
380,Insert Delete GetRandom O(1),"Array, Hash Table, Design",47.7%,Medium,21.2356,https://leetcode.com/problems/insert-delete-getrandom-o1
381,Insert Delete GetRandom O(1) - Duplicates allowed,"Array, Hash Table, Design",34.2%,Hard,5.83012,https://leetcode.com/problems/insert-delete-getrandom-o1-duplicates-allowed
382,Linked List Random Node,Reservoir Sampling,52.2%,Medium,4.85962,https://leetcode.com/problems/linked-list-random-node
384,Shuffle an Array,,52.9%,Medium,2.45109,https://leetcode.com/problems/shuffle-an-array
385,Mini Parser,"String, Stack",33.9%,Medium,8.03821,https://leetcode.com/problems/mini-parser
386,Lexicographical Numbers,,52.0%,Medium,4.00285,https://leetcode.com/problems/lexicographical-numbers
387,First Unique Character in a String,"Hash Table, String",53.4%,Easy,1.1931,https://leetcode.com/problems/first-unique-character-in-a-string
388,Longest Absolute File Path,,41.8%,Medium,4.5906,https://leetcode.com/problems/longest-absolute-file-path
389,Find the Difference,"Hash Table, Bit Manipulation",55.5%,Easy,2.67599,https://leetcode.com/problems/find-the-difference
392,Is Subsequence,"Binary Search, Dynamic Programming, Greedy",49.2%,Easy,7.10151,https://leetcode.com/problems/is-subsequence
393,UTF-8 Validation,Bit Manipulation,37.6%,Medium,8.35023,https://leetcode.com/problems/utf-8-validation
394,Decode String,"Stack, Depth-first Search",50.4%,Medium,33.5078,https://leetcode.com/problems/decode-string
395,Longest Substring with At Least K Repeating Characters,,41.5%,Medium,2.54104,https://leetcode.com/problems/longest-substring-with-at-least-k-repeating-characters
397,Integer Replacement,"Math, Bit Manipulation",33.0%,Medium,1.5663,https://leetcode.com/problems/integer-replacement
398,Random Pick Index,Reservoir Sampling,56.3%,Medium,4.51118,https://leetcode.com/problems/random-pick-index
399,Evaluate Division,"Union Find, Graph",51.9%,Medium,78.548,https://leetcode.com/problems/evaluate-division
400,Nth Digit,Math,31.9%,Medium,1.36286,https://leetcode.com/problems/nth-digit
403,Frog Jump,Dynamic Programming,40.0%,Hard,10.0239,https://leetcode.com/problems/frog-jump
404,Sum of Left Leaves,Tree,52.0%,Easy,0.114699,https://leetcode.com/problems/sum-of-left-leaves
406,Queue Reconstruction by Height,Greedy,67.0%,Medium,8.54465,https://leetcode.com/problems/queue-reconstruction-by-height
407,Trapping Rain Water II,"Heap, Breadth-first Search",42.6%,Hard,5.05726,https://leetcode.com/problems/trapping-rain-water-ii
409,Longest Palindrome,Hash Table,51.8%,Easy,0.428842,https://leetcode.com/problems/longest-palindrome
410,Split Array Largest Sum,"Binary Search, Dynamic Programming",44.8%,Hard,81.6649,https://leetcode.com/problems/split-array-largest-sum
412,Fizz Buzz,,63.2%,Easy,0.279983,https://leetcode.com/problems/fizz-buzz
414,Third Maximum Number,Array,30.5%,Easy,0.511306,https://leetcode.com/problems/third-maximum-number
415,Add Strings,String,47.7%,Easy,0.710905,https://leetcode.com/problems/add-strings
416,Partition Equal Subset Sum,Dynamic Programming,43.9%,Medium,3.02343,https://leetcode.com/problems/partition-equal-subset-sum
417,Pacific Atlantic Water Flow,"Depth-first Search, Breadth-first Search",41.4%,Medium,8.9887,https://leetcode.com/problems/pacific-atlantic-water-flow
418,Sentence Screen Fitting,Dynamic Programming,32.7%,Medium,18.3284,https://leetcode.com/problems/sentence-screen-fitting
419,Battleships in a Board,,70.2%,Medium,3.03643,https://leetcode.com/problems/battleships-in-a-board
420,Strong Password Checker,,13.7%,Hard,4.34986,https://leetcode.com/problems/strong-password-checker
421,Maximum XOR of Two Numbers in an Array,"Bit Manipulation, Trie",53.7%,Medium,1.20347,https://leetcode.com/problems/maximum-xor-of-two-numbers-in-an-array
424,Longest Repeating Character Replacement,"Two Pointers, Sliding Window",47.2%,Medium,9.39273,https://leetcode.com/problems/longest-repeating-character-replacement
425,Word Squares,"Backtracking, Trie",47.8%,Hard,1.99732,https://leetcode.com/problems/word-squares
426,Convert Binary Search Tree to Sorted Doubly Linked List,"Linked List, Divide and Conquer, Tree",59.4%,Medium,2.28237,https://leetcode.com/problems/convert-binary-search-tree-to-sorted-doubly-linked-list
427,Construct Quad Tree,,61.5%,Medium,3.80608,https://leetcode.com/problems/construct-quad-tree
428,Serialize and Deserialize N-ary Tree,Tree,59.6%,Hard,24.6778,https://leetcode.com/problems/serialize-and-deserialize-n-ary-tree
430,Flatten a Multilevel Doubly Linked List,"Linked List, Depth-first Search",55.6%,Medium,14.652,https://leetcode.com/problems/flatten-a-multilevel-doubly-linked-list
432,All O`one Data Structure,Design,32.5%,Hard,4.05052,https://leetcode.com/problems/all-oone-data-structure
433,Minimum Genetic Mutation,,42.1%,Medium,7.73617,https://leetcode.com/problems/minimum-genetic-mutation
435,Non-overlapping Intervals,Greedy,43.4%,Medium,0.752707,https://leetcode.com/problems/non-overlapping-intervals
438,Find All Anagrams in a String,Hash Table,43.6%,Medium,5.8527,https://leetcode.com/problems/find-all-anagrams-in-a-string
440,K-th Smallest in Lexicographical Order,,29.2%,Hard,4.72391,https://leetcode.com/problems/k-th-smallest-in-lexicographical-order
442,Find All Duplicates in an Array,Array,67.9%,Medium,0.543647,https://leetcode.com/problems/find-all-duplicates-in-an-array
443,String Compression,String,41.5%,Easy,1.2555,https://leetcode.com/problems/string-compression
444,Sequence Reconstruction,"Graph, Topological Sort",22.6%,Medium,30.2038,https://leetcode.com/problems/sequence-reconstruction
447,Number of Boomerangs,Hash Table,51.9%,Easy,2.50796,https://leetcode.com/problems/number-of-boomerangs
448,Find All Numbers Disappeared in an Array,Array,56.0%,Easy,0.584167,https://leetcode.com/problems/find-all-numbers-disappeared-in-an-array
449,Serialize and Deserialize BST,Tree,52.3%,Medium,1.41924,https://leetcode.com/problems/serialize-and-deserialize-bst
450,Delete Node in a BST,Tree,44.3%,Medium,0.308815,https://leetcode.com/problems/delete-node-in-a-bst
451,Sort Characters By Frequency,"Hash Table, Heap",63.2%,Medium,2.06505,https://leetcode.com/problems/sort-characters-by-frequency
452,Minimum Number of Arrows to Burst Balloons,Greedy,49.7%,Medium,0.696541,https://leetcode.com/problems/minimum-number-of-arrows-to-burst-balloons
456,132 Pattern,Stack,28.9%,Medium,0.701612,https://leetcode.com/problems/132-pattern
457,Circular Array Loop,"Array, Two Pointers",29.4%,Medium,17.9256,https://leetcode.com/problems/circular-array-loop
459,Repeated Substring Pattern,String,43.1%,Easy,1.69466,https://leetcode.com/problems/repeated-substring-pattern
460,LFU Cache,Design,34.5%,Hard,12.1684,https://leetcode.com/problems/lfu-cache
463,Island Perimeter,Hash Table,65.8%,Easy,5.20677,https://leetcode.com/problems/island-perimeter
464,Can I Win,"Dynamic Programming, Minimax",28.9%,Medium,5.06939,https://leetcode.com/problems/can-i-win
465,Optimal Account Balancing,,46.9%,Hard,51.649,https://leetcode.com/problems/optimal-account-balancing
467,Unique Substrings in Wraparound String,Dynamic Programming,35.7%,Medium,2.77034,https://leetcode.com/problems/unique-substrings-in-wraparound-string
468,Validate IP Address,String,24.2%,Medium,0.742918,https://leetcode.com/problems/validate-ip-address
471,Encode String with Shortest Length,Dynamic Programming,47.2%,Hard,24.8435,https://leetcode.com/problems/encode-string-with-shortest-length
472,Concatenated Words,"Dynamic Programming, Depth-first Search, Trie",44.1%,Hard,0.621773,https://leetcode.com/problems/concatenated-words
475,Heaters,Binary Search,33.2%,Easy,28.8962,https://leetcode.com/problems/heaters
477,Total Hamming Distance,Bit Manipulation,50.5%,Medium,1.55253,https://leetcode.com/problems/total-hamming-distance
480,Sliding Window Median,Sliding Window,37.5%,Hard,13.7506,https://leetcode.com/problems/sliding-window-median
482,License Key Formatting,,43.0%,Easy,89.2161,https://leetcode.com/problems/license-key-formatting
484,Find Permutation,Greedy,63.6%,Medium,4.29152,https://leetcode.com/problems/find-permutation
485,Max Consecutive Ones,Array,54.3%,Easy,0.104236,https://leetcode.com/problems/max-consecutive-ones
486,Predict the Winner,"Dynamic Programming, Minimax",48.0%,Medium,3.48351,https://leetcode.com/problems/predict-the-winner
489,Robot Room Cleaner,Depth-first Search,70.8%,Hard,41.0958,https://leetcode.com/problems/robot-room-cleaner
490,The Maze,"Depth-first Search, Breadth-first Search",52.1%,Medium,1.46262,https://leetcode.com/problems/the-maze
493,Reverse Pairs,"Binary Search, Divide and Conquer, Sort, Binary Indexed Tree, Segment Tree",25.3%,Hard,7.35205,https://leetcode.com/problems/reverse-pairs
494,Target Sum,"Dynamic Programming, Depth-first Search",46.1%,Medium,0.256182,https://leetcode.com/problems/target-sum
496,Next Greater Element I,Stack,64.2%,Easy,1.50654,https://leetcode.com/problems/next-greater-element-i
497,Random Point in Non-overlapping Rectangles,"Binary Search, Random",38.9%,Medium,0.347115,https://leetcode.com/problems/random-point-in-non-overlapping-rectangles
498,Diagonal Traverse,,48.4%,Medium,9.60213,https://leetcode.com/problems/diagonal-traverse
499,The Maze III,"Depth-first Search, Breadth-first Search",41.3%,Hard,5.08769,https://leetcode.com/problems/the-maze-iii
501,Find Mode in Binary Search Tree,Tree,42.5%,Easy,0.787047,https://leetcode.com/problems/find-mode-in-binary-search-tree
503,Next Greater Element II,Stack,56.8%,Medium,0.452841,https://leetcode.com/problems/next-greater-element-ii
504,Base 7,,46.3%,Easy,1.8837,https://leetcode.com/problems/base-7
505,The Maze II,"Depth-first Search, Breadth-first Search",47.8%,Medium,8.40363,https://leetcode.com/problems/the-maze-ii
510,Inorder Successor in BST II,Tree,58.3%,Medium,4.75459,https://leetcode.com/problems/inorder-successor-in-bst-ii
518,Coin Change 2,,50.4%,Medium,5.74836,https://leetcode.com/problems/coin-change-2
523,Continuous Subarray Sum,"Math, Dynamic Programming",24.6%,Medium,0.613181,https://leetcode.com/problems/continuous-subarray-sum
524,Longest Word in Dictionary through Deleting,"Two Pointers, Sort",48.6%,Medium,29.3517,https://leetcode.com/problems/longest-word-in-dictionary-through-deleting
525,Contiguous Array,Hash Table,42.9%,Medium,1.1414,https://leetcode.com/problems/contiguous-array
527,Word Abbreviation,"String, Sort",54.6%,Hard,45.9993,https://leetcode.com/problems/word-abbreviation
528,Random Pick with Weight,"Binary Search, Random",44.1%,Medium,36.763,https://leetcode.com/problems/random-pick-with-weight
529,Minesweeper,"Depth-first Search, Breadth-first Search",59.4%,Medium,3.67714,https://leetcode.com/problems/minesweeper
531,Lonely Pixel I,"Array, Depth-first Search",59.1%,Medium,6.26474,https://leetcode.com/problems/lonely-pixel-i
535,Encode and Decode TinyURL,"Hash Table, Math",80.0%,Medium,4.15752,https://leetcode.com/problems/encode-and-decode-tinyurl
540,Single Element in a Sorted Array,,57.9%,Medium,4.36232,https://leetcode.com/problems/single-element-in-a-sorted-array
542,01 Matrix,"Depth-first Search, Breadth-first Search",40.0%,Medium,0.410254,https://leetcode.com/problems/01-matrix
543,Diameter of Binary Tree,Tree,48.6%,Easy,6.83433,https://leetcode.com/problems/diameter-of-binary-tree
544,Output Contest Matches,"String, Recursion",75.3%,Medium,13.7777,https://leetcode.com/problems/output-contest-matches
547,Friend Circles,"Depth-first Search, Union Find",58.9%,Medium,0.520228,https://leetcode.com/problems/friend-circles
549,Binary Tree Longest Consecutive Sequence II,Tree,47.0%,Medium,21.2387,https://leetcode.com/problems/binary-tree-longest-consecutive-sequence-ii
551,Student Attendance Record I,String,46.0%,Easy,13.261,https://leetcode.com/problems/student-attendance-record-i
552,Student Attendance Record II,Dynamic Programming,36.8%,Hard,47.8835,https://leetcode.com/problems/student-attendance-record-ii
554,Brick Wall,Hash Table,50.1%,Medium,1.42135,https://leetcode.com/problems/brick-wall
558,Logical OR of Two Binary Grids Represented as Quad-Trees,,44.7%,Medium,11.5794,https://leetcode.com/problems/logical-or-of-two-binary-grids-represented-as-quad-trees
559,Maximum Depth of N-ary Tree,"Tree, Depth-first Search, Breadth-first Search",68.8%,Easy,2.20022,https://leetcode.com/problems/maximum-depth-of-n-ary-tree
560,Subarray Sum Equals K,"Array, Hash Table",43.8%,Medium,13.6533,https://leetcode.com/problems/subarray-sum-equals-k
562,Longest Line of Consecutive One in Matrix,Array,45.9%,Medium,49.5319,https://leetcode.com/problems/longest-line-of-consecutive-one-in-matrix
564,Find the Closest Palindrome,String,19.8%,Hard,1.87702,https://leetcode.com/problems/find-the-closest-palindrome
567,Permutation in String,"Two Pointers, Sliding Window",44.4%,Medium,2.00503,https://leetcode.com/problems/permutation-in-string
568,Maximum Vacation Days,Dynamic Programming,41.0%,Hard,18.881,https://leetcode.com/problems/maximum-vacation-days
572,Subtree of Another Tree,Tree,44.2%,Easy,2.73227,https://leetcode.com/problems/subtree-of-another-tree
581,Shortest Unsorted Continuous Subarray,Array,31.2%,Easy,0.673812,https://leetcode.com/problems/shortest-unsorted-continuous-subarray
582,Kill Process,"Tree, Queue",61.1%,Medium,2.1735,https://leetcode.com/problems/kill-process
591,Tag Validator,"String, Stack",34.4%,Hard,32.6206,https://leetcode.com/problems/tag-validator
593,Valid Square,Math,43.2%,Medium,23.2403,https://leetcode.com/problems/valid-square
604,Design Compressed String Iterator,Design,37.5%,Easy,5.01526,https://leetcode.com/problems/design-compressed-string-iterator
609,Find Duplicate File in System,"Hash Table, String",59.8%,Medium,10.3382,https://leetcode.com/problems/find-duplicate-file-in-system
616,Add Bold Tag in String,String,43.3%,Medium,11.4944,https://leetcode.com/problems/add-bold-tag-in-string
621,Task Scheduler,"Array, Greedy, Queue",50.4%,Medium,3.18904,https://leetcode.com/problems/task-scheduler
622,Design Circular Queue,"Design, Queue",44.1%,Medium,2.53946,https://leetcode.com/problems/design-circular-queue
630,Course Schedule III,Greedy,33.5%,Hard,5.92201,https://leetcode.com/problems/course-schedule-iii
632,Smallest Range Covering Elements from K Lists,"Hash Table, Two Pointers, String",52.7%,Hard,13.8185,https://leetcode.com/problems/smallest-range-covering-elements-from-k-lists
635,Design Log Storage System,"String, Design",58.7%,Medium,10.4128,https://leetcode.com/problems/design-log-storage-system
636,Exclusive Time of Functions,Stack,52.1%,Medium,8.71973,https://leetcode.com/problems/exclusive-time-of-functions
639,Decode Ways II,Dynamic Programming,26.7%,Hard,1.55709,https://leetcode.com/problems/decode-ways-ii
640,Solve the Equation,Math,42.2%,Medium,23.5772,https://leetcode.com/problems/solve-the-equation
642,Design Search Autocomplete System,"Design, Trie",45.0%,Hard,67.0687,https://leetcode.com/problems/design-search-autocomplete-system
647,Palindromic Substrings,"String, Dynamic Programming",60.9%,Medium,2.57349,https://leetcode.com/problems/palindromic-substrings
652,Find Duplicate Subtrees,Tree,50.4%,Medium,7.73385,https://leetcode.com/problems/find-duplicate-subtrees
654,Maximum Binary Tree,Tree,80.1%,Medium,0.567513,https://leetcode.com/problems/maximum-binary-tree
658,Find K Closest Elements,Binary Search,41.0%,Medium,1.67524,https://leetcode.com/problems/find-k-closest-elements
659,Split Array into Consecutive Subsequences,"Heap, Greedy",43.8%,Medium,55.056,https://leetcode.com/problems/split-array-into-consecutive-subsequences
660,Remove 9,Math,53.5%,Hard,14.9022,https://leetcode.com/problems/remove-9
662,Maximum Width of Binary Tree,Tree,40.7%,Medium,5.12445,https://leetcode.com/problems/maximum-width-of-binary-tree
665,Non-decreasing Array,Array,19.5%,Easy,1.86395,https://leetcode.com/problems/non-decreasing-array
668,Kth Smallest Number in Multiplication Table,Binary Search,46.1%,Hard,2.47861,https://leetcode.com/problems/kth-smallest-number-in-multiplication-table
669,Trim a Binary Search Tree,Tree,63.0%,Easy,1.11006,https://leetcode.com/problems/trim-a-binary-search-tree
674,Longest Continuous Increasing Subsequence,Array,45.9%,Easy,1.03581,https://leetcode.com/problems/longest-continuous-increasing-subsequence
676,Implement Magic Dictionary,"Hash Table, Trie",54.7%,Medium,1.49556,https://leetcode.com/problems/implement-magic-dictionary
678,Valid Parenthesis String,String,31.1%,Medium,1.46187,https://leetcode.com/problems/valid-parenthesis-string
679,24 Game,Depth-first Search,46.5%,Hard,52.1815,https://leetcode.com/problems/24-game
680,Valid Palindrome II,String,36.7%,Easy,0.375269,https://leetcode.com/problems/valid-palindrome-ii
681,Next Closest Time,String,45.1%,Medium,62.9724,https://leetcode.com/problems/next-closest-time
682,Baseball Game,Stack,64.3%,Easy,0.412328,https://leetcode.com/problems/baseball-game
683,K Empty Slots,Ordered Map,35.7%,Hard,36.4625,https://leetcode.com/problems/k-empty-slots
684,Redundant Connection,"Tree, Union Find, Graph",57.7%,Medium,10.0675,https://leetcode.com/problems/redundant-connection
685,Redundant Connection II,"Tree, Depth-first Search, Union Find, Graph",32.5%,Hard,17.8612,https://leetcode.com/problems/redundant-connection-ii
686,Repeated String Match,String,32.4%,Medium,17.0801,https://leetcode.com/problems/repeated-string-match
687,Longest Univalue Path,"Tree, Recursion",36.3%,Easy,0.555615,https://leetcode.com/problems/longest-univalue-path
688,Knight Probability in Chessboard,Dynamic Programming,49.2%,Medium,15.2097,https://leetcode.com/problems/knight-probability-in-chessboard
689,Maximum Sum of 3 Non-Overlapping Subarrays,"Array, Dynamic Programming",46.5%,Hard,2.49679,https://leetcode.com/problems/maximum-sum-of-3-non-overlapping-subarrays
690,Employee Importance,"Hash Table, Depth-first Search, Breadth-first Search",57.4%,Easy,6.09778,https://leetcode.com/problems/employee-importance
692,Top K Frequent Words,"Hash Table, Heap, Trie",52.1%,Medium,9.62516,https://leetcode.com/problems/top-k-frequent-words
694,Number of Distinct Islands,"Hash Table, Depth-first Search",56.3%,Medium,8.37194,https://leetcode.com/problems/number-of-distinct-islands
695,Max Area of Island,"Array, Depth-first Search",63.0%,Medium,8.86071,https://leetcode.com/problems/max-area-of-island
698,Partition to K Equal Sum Subsets,"Dynamic Programming, Recursion",45.0%,Medium,3.82595,https://leetcode.com/problems/partition-to-k-equal-sum-subsets
700,Search in a Binary Search Tree,Tree,73.2%,Easy,0.204254,https://leetcode.com/problems/search-in-a-binary-search-tree
701,Insert into a Binary Search Tree,Tree,77.3%,Medium,0.806134,https://leetcode.com/problems/insert-into-a-binary-search-tree
702,Search in a Sorted Array of Unknown Size,Binary Search,67.3%,Medium,21.5595,https://leetcode.com/problems/search-in-a-sorted-array-of-unknown-size
703,Kth Largest Element in a Stream,Heap,49.9%,Easy,0.736437,https://leetcode.com/problems/kth-largest-element-in-a-stream
705,Design HashSet,"Hash Table, Design",64.1%,Easy,1.09189,https://leetcode.com/problems/design-hashset
706,Design HashMap,"Hash Table, Design",61.6%,Easy,1.46305,https://leetcode.com/problems/design-hashmap
708,Insert into a Sorted Circular Linked List,Linked List,31.7%,Medium,17.558,https://leetcode.com/problems/insert-into-a-sorted-circular-linked-list
709,To Lower Case,String,79.4%,Easy,0.679766,https://leetcode.com/problems/to-lower-case
710,Random Pick with Blacklist,"Hash Table, Binary Search, Sort, Random",32.5%,Hard,15.6723,https://leetcode.com/problems/random-pick-with-blacklist
713,Subarray Product Less Than K,"Array, Two Pointers",39.2%,Medium,1.25757,https://leetcode.com/problems/subarray-product-less-than-k
714,Best Time to Buy and Sell Stock with Transaction Fee,"Array, Dynamic Programming, Greedy",55.0%,Medium,1.38543,https://leetcode.com/problems/best-time-to-buy-and-sell-stock-with-transaction-fee
715,Range Module,"Segment Tree, Ordered Map",38.8%,Hard,24.414,https://leetcode.com/problems/range-module
716,Max Stack,Design,42.7%,Easy,1.01943,https://leetcode.com/problems/max-stack
717,1-bit and 2-bit Characters,Array,48.5%,Easy,0.919232,https://leetcode.com/problems/1-bit-and-2-bit-characters
719,Find K-th Smallest Pair Distance,"Array, Binary Search, Heap",31.7%,Hard,1.06341,https://leetcode.com/problems/find-k-th-smallest-pair-distance
720,Longest Word in Dictionary,"Hash Table, Trie",48.4%,Easy,5.01526,https://leetcode.com/problems/longest-word-in-dictionary
721,Accounts Merge,"Depth-first Search, Union Find",49.2%,Medium,4.58877,https://leetcode.com/problems/accounts-merge
722,Remove Comments,String,34.7%,Medium,23.4074,https://leetcode.com/problems/remove-comments
723,Candy Crush,"Array, Two Pointers",69.9%,Medium,26.6741,https://leetcode.com/problems/candy-crush
724,Find Pivot Index,Array,44.2%,Easy,7.15337,https://leetcode.com/problems/find-pivot-index
726,Number of Atoms,"Hash Table, Stack, Recursion",49.4%,Hard,8.45772,https://leetcode.com/problems/number-of-atoms
727,Minimum Window Subsequence,"Dynamic Programming, Sliding Window",41.9%,Hard,58.3337,https://leetcode.com/problems/minimum-window-subsequence
729,My Calendar I,Array,52.0%,Medium,29.3372,https://leetcode.com/problems/my-calendar-i
730,Count Different Palindromic Subsequences,"String, Dynamic Programming",42.0%,Hard,3.53883,https://leetcode.com/problems/count-different-palindromic-subsequences
731,My Calendar II,Ordered Map,49.4%,Medium,44.5212,https://leetcode.com/problems/my-calendar-ii
732,My Calendar III,"Segment Tree, Ordered Map",60.3%,Hard,10.5292,https://leetcode.com/problems/my-calendar-iii
733,Flood Fill,Depth-first Search,55.4%,Easy,2.33305,https://leetcode.com/problems/flood-fill
734,Sentence Similarity,Hash Table,42.1%,Easy,32.7348,https://leetcode.com/problems/sentence-similarity
735,Asteroid Collision,Stack,41.1%,Medium,1.42603,https://leetcode.com/problems/asteroid-collision
736,Parse Lisp Expression,String,47.6%,Hard,61.2806,https://leetcode.com/problems/parse-lisp-expression
737,Sentence Similarity II,"Depth-first Search, Union Find",45.9%,Medium,29.8041,https://leetcode.com/problems/sentence-similarity-ii
739,Daily Temperatures,"Hash Table, Stack",63.7%,Medium,6.24825,https://leetcode.com/problems/daily-temperatures
741,Cherry Pickup,Dynamic Programming,34.0%,Hard,9.8988,https://leetcode.com/problems/cherry-pickup
742,Closest Leaf in a Binary Tree,Tree,43.7%,Medium,8.26815,https://leetcode.com/problems/closest-leaf-in-a-binary-tree
743,Network Delay Time,"Heap, Depth-first Search, Breadth-first Search, Graph",45.0%,Medium,29.7304,https://leetcode.com/problems/network-delay-time
745,Prefix and Suffix Search,Trie,34.3%,Hard,3.62364,https://leetcode.com/problems/prefix-and-suffix-search
747,Largest Number At Least Twice of Others,Array,42.2%,Easy,1.25426,https://leetcode.com/problems/largest-number-at-least-twice-of-others
748,Shortest Completing Word,Hash Table,56.9%,Easy,2.72053,https://leetcode.com/problems/shortest-completing-word
750,Number Of Corner Rectangles,Dynamic Programming,66.4%,Medium,31.4678,https://leetcode.com/problems/number-of-corner-rectangles
752,Open the Lock,Breadth-first Search,51.9%,Medium,31.7278,https://leetcode.com/problems/open-the-lock
753,Cracking the Safe,"Math, Depth-first Search",50.8%,Hard,62.7441,https://leetcode.com/problems/cracking-the-safe
759,Employee Free Time,"Heap, Greedy",66.5%,Hard,7.00966,https://leetcode.com/problems/employee-free-time
764,Largest Plus Sign,Dynamic Programming,46.0%,Medium,2.69286,https://leetcode.com/problems/largest-plus-sign
765,Couples Holding Hands,"Greedy, Union Find, Graph",54.5%,Hard,3.6697,https://leetcode.com/problems/couples-holding-hands
766,Toeplitz Matrix,Array,65.2%,Easy,11.4223,https://leetcode.com/problems/toeplitz-matrix
767,Reorganize String,"String, Heap, Greedy, Sort",48.9%,Medium,27.8,https://leetcode.com/problems/reorganize-string
768,Max Chunks To Make Sorted II,Array,49.0%,Hard,2.94769,https://leetcode.com/problems/max-chunks-to-make-sorted-ii
769,Max Chunks To Make Sorted,Array,54.8%,Medium,5.67532,https://leetcode.com/problems/max-chunks-to-make-sorted
770,Basic Calculator IV,"Hash Table, String, Stack",53.0%,Hard,2.52322,https://leetcode.com/problems/basic-calculator-iv
771,Jewels and Stones,Hash Table,86.5%,Easy,8.18839,https://leetcode.com/problems/jewels-and-stones
772,Basic Calculator III,"String, Stack",41.5%,Hard,20.7806,https://leetcode.com/problems/basic-calculator-iii
773,Sliding Puzzle,Breadth-first Search,59.5%,Hard,9.30352,https://leetcode.com/problems/sliding-puzzle
774,Minimize Max Distance to Gas Station,Binary Search,47.2%,Hard,36.78,https://leetcode.com/problems/minimize-max-distance-to-gas-station
776,Split BST,"Tree, Recursion",56.0%,Medium,12.7877,https://leetcode.com/problems/split-bst
777,Swap Adjacent in LR String,Brainteaser,34.8%,Medium,59.2012,https://leetcode.com/problems/swap-adjacent-in-lr-string
778,Swim in Rising Water,"Binary Search, Heap, Depth-first Search, Union Find",53.3%,Hard,2.22368,https://leetcode.com/problems/swim-in-rising-water
780,Reaching Points,Math,29.6%,Hard,2.06971,https://leetcode.com/problems/reaching-points
785,Is Graph Bipartite?,"Depth-first Search, Breadth-first Search, Graph",47.6%,Medium,3.25789,https://leetcode.com/problems/is-graph-bipartite
787,Cheapest Flights Within K Stops,"Dynamic Programming, Heap, Breadth-first Search",39.3%,Medium,1.08828,https://leetcode.com/problems/cheapest-flights-within-k-stops
788,Rotated Digits,String,57.0%,Easy,17.6453,https://leetcode.com/problems/rotated-digits
791,Custom Sort String,String,65.6%,Medium,0.588954,https://leetcode.com/problems/custom-sort-string
792,Number of Matching Subsequences,Array,47.5%,Medium,25.4138,https://leetcode.com/problems/number-of-matching-subsequences
794,Valid Tic-Tac-Toe State,"Math, Recursion",32.8%,Medium,8.33368,https://leetcode.com/problems/valid-tic-tac-toe-state
799,Champagne Tower,,35.8%,Medium,15.8167,https://leetcode.com/problems/champagne-tower
800,Similar RGB Color,"Math, String",61.6%,Easy,13.9009,https://leetcode.com/problems/similar-rgb-color
801,Minimum Swaps To Make Sequences Increasing,Dynamic Programming,38.9%,Medium,24.5359,https://leetcode.com/problems/minimum-swaps-to-make-sequences-increasing
802,Find Eventual Safe States,"Depth-first Search, Graph",49.1%,Medium,8.53865,https://leetcode.com/problems/find-eventual-safe-states
803,Bricks Falling When Hit,Union Find,31.0%,Hard,48.7532,https://leetcode.com/problems/bricks-falling-when-hit
805,Split Array With Same Average,Math,26.4%,Hard,3.7789,https://leetcode.com/problems/split-array-with-same-average
806,Number of Lines To Write String,,65.0%,Easy,2.96419,https://leetcode.com/problems/number-of-lines-to-write-string
807,Max Increase to Keep City Skyline,,83.8%,Medium,2.29929,https://leetcode.com/problems/max-increase-to-keep-city-skyline
809,Expressive Words,String,46.9%,Medium,75.852,https://leetcode.com/problems/expressive-words
811,Subdomain Visit Count,Hash Table,70.1%,Easy,1.34556,https://leetcode.com/problems/subdomain-visit-count
814,Binary Tree Pruning,Tree,74.0%,Medium,0.781246,https://leetcode.com/problems/binary-tree-pruning
815,Bus Routes,Breadth-first Search,42.7%,Hard,18.3284,https://leetcode.com/problems/bus-routes
817,Linked List Components,Linked List,57.3%,Medium,13.8026,https://leetcode.com/problems/linked-list-components
818,Race Car,"Dynamic Programming, Heap",39.1%,Hard,42.7585,https://leetcode.com/problems/race-car
821,Shortest Distance to a Character,,67.1%,Easy,4.49307,https://leetcode.com/problems/shortest-distance-to-a-character
830,Positions of Large Groups,Array,49.7%,Easy,7.58894,https://leetcode.com/problems/positions-of-large-groups
833,Find And Replace in String,String,50.6%,Medium,56.8642,https://leetcode.com/problems/find-and-replace-in-string
834,Sum of Distances in Tree,"Tree, Depth-first Search",44.0%,Hard,2.89927,https://leetcode.com/problems/sum-of-distances-in-tree
835,Image Overlap,Array,60.0%,Medium,32.0853,https://leetcode.com/problems/image-overlap
836,Rectangle Overlap,Math,48.4%,Easy,9.15522,https://leetcode.com/problems/rectangle-overlap
837,New 21 Game,Dynamic Programming,34.7%,Medium,53.9811,https://leetcode.com/problems/new-21-game
839,Similar String Groups,"Depth-first Search, Union Find, Graph",38.7%,Hard,1.61894,https://leetcode.com/problems/similar-string-groups
840,Magic Squares In Grid,Array,37.3%,Easy,11.3626,https://leetcode.com/problems/magic-squares-in-grid
841,Keys and Rooms,"Depth-first Search, Graph",64.6%,Medium,1.0659,https://leetcode.com/problems/keys-and-rooms
843,Guess the Word,Minimax,46.1%,Hard,91.912,https://leetcode.com/problems/guess-the-word
844,Backspace String Compare,"Two Pointers, Stack",46.6%,Easy,69.6547,https://leetcode.com/problems/backspace-string-compare
845,Longest Mountain in Array,Two Pointers,37.4%,Medium,20.3446,https://leetcode.com/problems/longest-mountain-in-array
846,Hand of Straights,Ordered Map,54.3%,Medium,54.7942,https://leetcode.com/problems/hand-of-straights
849,Maximize Distance to Closest Person,Array,42.6%,Easy,27.7414,https://leetcode.com/problems/maximize-distance-to-closest-person
850,Rectangle Area II,"Segment Tree, Line Sweep",47.7%,Hard,32.3391,https://leetcode.com/problems/rectangle-area-ii
852,Peak Index in a Mountain Array,Binary Search,71.7%,Easy,11.582,https://leetcode.com/problems/peak-index-in-a-mountain-array
853,Car Fleet,Sort,42.4%,Medium,21.0502,https://leetcode.com/problems/car-fleet
855,Exam Room,Ordered Map,43.2%,Medium,20.3508,https://leetcode.com/problems/exam-room
857,Minimum Cost to Hire K Workers,Heap,49.7%,Hard,73.156,https://leetcode.com/problems/minimum-cost-to-hire-k-workers
862,Shortest Subarray with Sum at Least K,"Binary Search, Queue",24.7%,Hard,13.0216,https://leetcode.com/problems/shortest-subarray-with-sum-at-least-k
863,All Nodes Distance K in Binary Tree,"Tree, Depth-first Search, Breadth-first Search",55.8%,Medium,0.774963,https://leetcode.com/problems/all-nodes-distance-k-in-binary-tree
864,Shortest Path to Get All Keys,"Heap, Breadth-first Search",40.5%,Hard,4.74511,https://leetcode.com/problems/shortest-path-to-get-all-keys
871,Minimum Number of Refueling Stops,"Dynamic Programming, Heap",31.4%,Hard,11.8723,https://leetcode.com/problems/minimum-number-of-refueling-stops
875,Koko Eating Bananas,Binary Search,52.5%,Medium,0.701148,https://leetcode.com/problems/koko-eating-bananas
881,Boats to Save People,"Two Pointers, Greedy",46.9%,Medium,1.06022,https://leetcode.com/problems/boats-to-save-people
886,Possible Bipartition,"Depth-first Search, Graph",44.3%,Medium,1.65003,https://leetcode.com/problems/possible-bipartition
887,Super Egg Drop,"Math, Binary Search, Dynamic Programming",27.1%,Hard,3.11229,https://leetcode.com/problems/super-egg-drop
889,Construct Binary Tree from Preorder and Postorder Traversal,Tree,66.4%,Medium,21.4232,https://leetcode.com/problems/construct-binary-tree-from-preorder-and-postorder-traversal
890,Find and Replace Pattern,String,73.5%,Medium,4.96228,https://leetcode.com/problems/find-and-replace-pattern
894,All Possible Full Binary Trees,"Tree, Recursion",75.5%,Medium,13.2005,https://leetcode.com/problems/all-possible-full-binary-trees
895,Maximum Frequency Stack,"Hash Table, Stack",61.5%,Hard,3.04674,https://leetcode.com/problems/maximum-frequency-stack
900,RLE Iterator,Array,53.8%,Medium,51.7664,https://leetcode.com/problems/rle-iterator
901,Online Stock Span,Stack,60.3%,Medium,0.604401,https://leetcode.com/problems/online-stock-span
904,Fruit Into Baskets,Two Pointers,42.5%,Medium,97.304,https://leetcode.com/problems/fruit-into-baskets
905,Sort Array By Parity,Array,74.9%,Easy,0.0435063,https://leetcode.com/problems/sort-array-by-parity
907,Sum of Subarray Minimums,"Array, Stack",32.7%,Medium,1.5645,https://leetcode.com/problems/sum-of-subarray-minimums
909,Snakes and Ladders,Breadth-first Search,38.8%,Medium,2.18546,https://leetcode.com/problems/snakes-and-ladders
911,Online Election,Binary Search,50.5%,Medium,37.8983,https://leetcode.com/problems/online-election
913,Cat and Mouse,"Breadth-first Search, Minimax",31.6%,Hard,36.0407,https://leetcode.com/problems/cat-and-mouse
914,X of a Kind in a Deck of Cards,"Array, Math",35.0%,Easy,14.6729,https://leetcode.com/problems/x-of-a-kind-in-a-deck-of-cards
917,Reverse Only Letters,String,58.0%,Easy,0.696541,https://leetcode.com/problems/reverse-only-letters
920,Number of Music Playlists,Dynamic Programming,46.7%,Hard,17.7311,https://leetcode.com/problems/number-of-music-playlists
924,Minimize Malware Spread,"Depth-first Search, Union Find",41.9%,Hard,8.84206,https://leetcode.com/problems/minimize-malware-spread
925,Long Pressed Name,"Two Pointers, String",40.0%,Easy,3.60242,https://leetcode.com/problems/long-pressed-name
926,Flip String to Monotone Increasing,Array,52.5%,Medium,9.17028,https://leetcode.com/problems/flip-string-to-monotone-increasing
929,Unique Email Addresses,String,67.3%,Easy,100.0,https://leetcode.com/problems/unique-email-addresses
931,Minimum Falling Path Sum,Dynamic Programming,62.6%,Medium,2.20747,https://leetcode.com/problems/minimum-falling-path-sum
932,Beautiful Array,Divide and Conquer,58.5%,Medium,4.0385,https://leetcode.com/problems/beautiful-array
933,Number of Recent Calls,Queue,72.3%,Easy,1.53134,https://leetcode.com/problems/number-of-recent-calls
934,Shortest Bridge,"Depth-first Search, Breadth-first Search",48.6%,Medium,1.66037,https://leetcode.com/problems/shortest-bridge
935,Knight Dialer,Dynamic Programming,45.3%,Medium,9.93007,https://leetcode.com/problems/knight-dialer
936,Stamping The Sequence,"String, Greedy",43.3%,Hard,4.0385,https://leetcode.com/problems/stamping-the-sequence
938,Range Sum of BST,"Tree, Recursion",81.6%,Easy,0.153924,https://leetcode.com/problems/range-sum-of-bst
939,Minimum Area Rectangle,Hash Table,51.6%,Medium,65.6684,https://leetcode.com/problems/minimum-area-rectangle
940,Distinct Subsequences II,Dynamic Programming,41.6%,Hard,4.08528,https://leetcode.com/problems/distinct-subsequences-ii
941,Valid Mountain Array,Array,32.8%,Easy,6.07344,https://leetcode.com/problems/valid-mountain-array
942,DI String Match,Math,72.8%,Easy,0.927544,https://leetcode.com/problems/di-string-match
943,Find the Shortest Superstring,Dynamic Programming,43.0%,Hard,26.9506,https://leetcode.com/problems/find-the-shortest-superstring
946,Validate Stack Sequences,Stack,62.6%,Medium,44.6417,https://leetcode.com/problems/validate-stack-sequences
947,Most Stones Removed with Same Row or Column,"Depth-first Search, Union Find",55.3%,Medium,78.5738,https://leetcode.com/problems/most-stones-removed-with-same-row-or-column
949,Largest Time for Given Digits,Math,37.6%,Easy,0.176584,https://leetcode.com/problems/largest-time-for-given-digits
950,Reveal Cards In Increasing Order,Array,74.8%,Medium,8.37151,https://leetcode.com/problems/reveal-cards-in-increasing-order
951,Flip Equivalent Binary Trees,Tree,65.5%,Medium,40.1086,https://leetcode.com/problems/flip-equivalent-binary-trees
958,Check Completeness of a Binary Tree,Tree,52.1%,Medium,2.28729,https://leetcode.com/problems/check-completeness-of-a-binary-tree
960,Delete Columns to Make Sorted III,Dynamic Programming,53.7%,Hard,7.85159,https://leetcode.com/problems/delete-columns-to-make-sorted-iii
963,Minimum Area Rectangle II,"Math, Geometry",51.0%,Medium,29.0433,https://leetcode.com/problems/minimum-area-rectangle-ii
965,Univalued Binary Tree,Tree,67.6%,Easy,1.82765,https://leetcode.com/problems/univalued-binary-tree
968,Binary Tree Cameras,"Dynamic Programming, Tree, Depth-first Search",37.7%,Hard,6.25583,https://leetcode.com/problems/binary-tree-cameras
973,K Closest Points to Origin,"Divide and Conquer, Heap, Sort",64.0%,Medium,8.00201,https://leetcode.com/problems/k-closest-points-to-origin
975,Odd Even Jump,"Dynamic Programming, Stack, Ordered Map",42.0%,Hard,86.5611,https://leetcode.com/problems/odd-even-jump
977,Squares of a Sorted Array,"Array, Two Pointers",72.2%,Easy,1.32134,https://leetcode.com/problems/squares-of-a-sorted-array
979,Distribute Coins in Binary Tree,"Tree, Depth-first Search",69.1%,Medium,5.30627,https://leetcode.com/problems/distribute-coins-in-binary-tree
980,Unique Paths III,"Backtracking, Depth-first Search",73.5%,Hard,3.48925,https://leetcode.com/problems/unique-paths-iii
981,Time Based Key-Value Store,"Hash Table, Binary Search",53.1%,Medium,25.4524,https://leetcode.com/problems/time-based-key-value-store
982,Triples with Bitwise AND Equal To Zero,Dynamic Programming,55.5%,Hard,6.34003,https://leetcode.com/problems/triples-with-bitwise-and-equal-to-zero
983,Minimum Cost For Tickets,Dynamic Programming,62.5%,Medium,0.150181,https://leetcode.com/problems/minimum-cost-for-tickets
986,Interval List Intersections,Two Pointers,67.5%,Medium,6.31272,https://leetcode.com/problems/interval-list-intersections
987,Vertical Order Traversal of a Binary Tree,"Hash Table, Tree",36.5%,Medium,0.918681,https://leetcode.com/problems/vertical-order-traversal-of-a-binary-tree
989,Add to Array-Form of Integer,Array,44.4%,Easy,2.92732,https://leetcode.com/problems/add-to-array-form-of-integer
992,Subarrays with K Different Integers,"Hash Table, Two Pointers, Sliding Window",49.0%,Hard,1.94161,https://leetcode.com/problems/subarrays-with-k-different-integers
997,Find the Town Judge,Graph,50.0%,Easy,0.430934,https://leetcode.com/problems/find-the-town-judge
1000,Minimum Cost to Merge Stones,Dynamic Programming,40.1%,Hard,4.08528,https://leetcode.com/problems/minimum-cost-to-merge-stones
1002,Find Common Characters,"Array, Hash Table",67.7%,Easy,0.509177,https://leetcode.com/problems/find-common-characters
1007,Minimum Domino Rotations For Equal Row,"Array, Greedy",50.0%,Medium,94.608,https://leetcode.com/problems/minimum-domino-rotations-for-equal-row
1010,Pairs of Songs With Total Durations Divisible by 60,Array,47.3%,Easy,0.858435,https://leetcode.com/problems/pairs-of-songs-with-total-durations-divisible-by-60
1011,Capacity To Ship Packages Within D Days,"Array, Binary Search",58.7%,Medium,25.8438,https://leetcode.com/problems/capacity-to-ship-packages-within-d-days
1021,Remove Outermost Parentheses,Stack,78.4%,Easy,1.69768,https://leetcode.com/problems/remove-outermost-parentheses
1024,Video Stitching,Dynamic Programming,49.2%,Medium,3.46672,https://leetcode.com/problems/video-stitching
1025,Divisor Game,"Math, Dynamic Programming",66.2%,Easy,0.347001,https://leetcode.com/problems/divisor-game
1026,Maximum Difference Between Node and Ancestor,"Tree, Depth-first Search",66.2%,Medium,0.514865,https://leetcode.com/problems/maximum-difference-between-node-and-ancestor
1027,Longest Arithmetic Subsequence,Dynamic Programming,52.3%,Medium,2.87956,https://leetcode.com/problems/longest-arithmetic-subsequence
1029,Two City Scheduling,Greedy,56.2%,Medium,3.35916,https://leetcode.com/problems/two-city-scheduling
1031,Maximum Sum of Two Non-Overlapping Subarrays,Array,58.0%,Medium,14.1018,https://leetcode.com/problems/maximum-sum-of-two-non-overlapping-subarrays
1032,Stream of Characters,Trie,48.3%,Hard,2.24648,https://leetcode.com/problems/stream-of-characters
1036,Escape a Large Maze,Breadth-first Search,35.3%,Hard,6.34003,https://leetcode.com/problems/escape-a-large-maze
1044,Longest Duplicate Substring,"Hash Table, Binary Search",31.9%,Hard,1.73845,https://leetcode.com/problems/longest-duplicate-substring
1047,Remove All Adjacent Duplicates In String,Stack,69.1%,Easy,3.75044,https://leetcode.com/problems/remove-all-adjacent-duplicates-in-string
1048,Longest String Chain,"Hash Table, Dynamic Programming",54.8%,Medium,21.4024,https://leetcode.com/problems/longest-string-chain
1051,Height Checker,Array,71.5%,Easy,0.244992,https://leetcode.com/problems/height-checker
1055,Shortest Way to Form String,"Dynamic Programming, Greedy",57.0%,Medium,55.8058,https://leetcode.com/problems/shortest-way-to-form-string
1056,Confusing Number,Math,48.3%,Easy,15.8709,https://leetcode.com/problems/confusing-number
1057,Campus Bikes,"Greedy, Sort",57.6%,Medium,71.5048,https://leetcode.com/problems/campus-bikes
1060,Missing Element in Sorted Array,Binary Search,54.5%,Medium,13.8853,https://leetcode.com/problems/missing-element-in-sorted-array
1062,Longest Repeating Substring,String,57.4%,Medium,7.85159,https://leetcode.com/problems/longest-repeating-substring
1066,Campus Bikes II,"Dynamic Programming, Backtracking",54.3%,Medium,30.934,https://leetcode.com/problems/campus-bikes-ii
1074,Number of Submatrices That Sum to Target,"Array, Dynamic Programming, Sliding Window",60.5%,Hard,11.1123,https://leetcode.com/problems/number-of-submatrices-that-sum-to-target
1087,Brace Expansion,Backtracking,62.8%,Medium,35.6601,https://leetcode.com/problems/brace-expansion
1088,Confusing Number II,"Math, Backtracking",44.3%,Hard,66.1663,https://leetcode.com/problems/confusing-number-ii
1091,Shortest Path in Binary Matrix,Breadth-first Search,38.3%,Medium,3.71157,https://leetcode.com/problems/shortest-path-in-binary-matrix
1095,Find in Mountain Array,Binary Search,35.8%,Hard,1.2021,https://leetcode.com/problems/find-in-mountain-array
1096,Brace Expansion II,String,62.2%,Hard,50.4261,https://leetcode.com/problems/brace-expansion-ii
1099,Two Sum Less Than K,Array,60.7%,Easy,1.09189,https://leetcode.com/problems/two-sum-less-than-k
1102,Path With Maximum Minimum Value,"Depth-first Search, Union Find, Graph",49.6%,Medium,3.38782,https://leetcode.com/problems/path-with-maximum-minimum-value
1105,Filling Bookcase Shelves,Dynamic Programming,57.9%,Medium,1.69399,https://leetcode.com/problems/filling-bookcase-shelves
1108,Defanging an IP Address,String,87.8%,Easy,0.390059,https://leetcode.com/problems/defanging-an-ip-address
1110,Delete Nodes And Return Forest,"Tree, Depth-first Search",67.2%,Medium,53.8581,https://leetcode.com/problems/delete-nodes-and-return-forest
1122,Relative Sort Array,"Array, Sort",67.6%,Easy,1.11734,https://leetcode.com/problems/relative-sort-array
1123,Lowest Common Ancestor of Deepest Leaves,"Tree, Depth-first Search",66.9%,Medium,0.80743,https://leetcode.com/problems/lowest-common-ancestor-of-deepest-leaves
1125,Smallest Sufficient Team,"Dynamic Programming, Bit Manipulation",46.6%,Hard,8.011,https://leetcode.com/problems/smallest-sufficient-team
1131,Maximum of Absolute Value Expression,"Math, Bit Manipulation",52.8%,Medium,5.27098,https://leetcode.com/problems/maximum-of-absolute-value-expression
1136,Parallel Courses,"Dynamic Programming, Depth-first Search, Graph",61.3%,Hard,10.9711,https://leetcode.com/problems/parallel-courses
1140,Stone Game II,Dynamic Programming,64.0%,Medium,7.72355,https://leetcode.com/problems/stone-game-ii
1143,Longest Common Subsequence,Dynamic Programming,58.4%,Medium,1.72587,https://leetcode.com/problems/longest-common-subsequence
1145,Binary Tree Coloring Game,"Tree, Depth-first Search",51.3%,Medium,18.8155,https://leetcode.com/problems/binary-tree-coloring-game
1146,Snapshot Array,Array,37.0%,Medium,23.4585,https://leetcode.com/problems/snapshot-array
1153,String Transforms Into Another String,Graph,35.8%,Hard,66.8001,https://leetcode.com/problems/string-transforms-into-another-string
1155,Number of Dice Rolls With Target Sum,Dynamic Programming,48.6%,Medium,3.64025,https://leetcode.com/problems/number-of-dice-rolls-with-target-sum
1157,Online Majority Element In Subarray,"Array, Binary Search, Segment Tree",39.0%,Hard,5.98073,https://leetcode.com/problems/online-majority-element-in-subarray
1165,Single-Row Keyboard,String,84.7%,Easy,3.0931,https://leetcode.com/problems/single-row-keyboard
1168,Optimize Water Distribution in a Village,"Union Find, Graph",61.7%,Hard,18.7073,https://leetcode.com/problems/optimize-water-distribution-in-a-village
1170,Compare Strings by Frequency of the Smallest Character,"Array, String",58.5%,Easy,42.3157,https://leetcode.com/problems/compare-strings-by-frequency-of-the-smallest-character
1179,Reformat Department Table,,81.1%,Easy,0.709597,https://leetcode.com/problems/reformat-department-table
1188,Design Bounded Blocking Queue,,70.6%,Medium,2.45563,https://leetcode.com/problems/design-bounded-blocking-queue
1192,Critical Connections in a Network,Depth-first Search,48.6%,Hard,0.643107,https://leetcode.com/problems/critical-connections-in-a-network
1197,Minimum Knight Moves,Breadth-first Search,36.1%,Medium,12.7832,https://leetcode.com/problems/minimum-knight-moves
1203,Sort Items by Groups Respecting Dependencies,"Depth-first Search, Graph, Topological Sort",47.9%,Hard,13.1519,https://leetcode.com/problems/sort-items-by-groups-respecting-dependencies
1209,Remove All Adjacent Duplicates in String II,Stack,57.1%,Medium,4.4899,https://leetcode.com/problems/remove-all-adjacent-duplicates-in-string-ii
1218,Longest Arithmetic Subsequence of Given Difference,"Math, Dynamic Programming",45.0%,Medium,5.59267,https://leetcode.com/problems/longest-arithmetic-subsequence-of-given-difference
1219,Path with Maximum Gold,Backtracking,65.2%,Medium,10.15,https://leetcode.com/problems/path-with-maximum-gold
1223,Dice Roll Simulation,Dynamic Programming,46.0%,Medium,9.01513,https://leetcode.com/problems/dice-roll-simulation
1229,Meeting Scheduler,Line Sweep,53.1%,Medium,2.71278,https://leetcode.com/problems/meeting-scheduler
1231,Divide Chocolate,"Binary Search, Greedy",52.6%,Hard,41.6104,https://leetcode.com/problems/divide-chocolate
1235,Maximum Profit in Job Scheduling,"Binary Search, Dynamic Programming, Sort",44.2%,Hard,0.923503,https://leetcode.com/problems/maximum-profit-in-job-scheduling
1237,Find Positive Integer Solution for a Given Equation,"Math, Binary Search",69.3%,Easy,1.5853,https://leetcode.com/problems/find-positive-integer-solution-for-a-given-equation
1240,Tiling a Rectangle with the Fewest Squares,"Dynamic Programming, Backtracking",50.3%,Hard,19.3406,https://leetcode.com/problems/tiling-a-rectangle-with-the-fewest-squares
1244,Design A Leaderboard,"Hash Table, Sort, Design",61.8%,Medium,1.87702,https://leetcode.com/problems/design-a-leaderboard
1254,Number of Closed Islands,Depth-first Search,60.8%,Medium,0.854284,https://leetcode.com/problems/number-of-closed-islands
1265,Print Immutable Linked List in Reverse,,94.5%,Medium,4.34986,https://leetcode.com/problems/print-immutable-linked-list-in-reverse
1267,Count Servers that Communicate,"Array, Graph",57.8%,Medium,1.18862,https://leetcode.com/problems/count-servers-that-communicate
1277,Count Square Submatrices with All Ones,"Array, Dynamic Programming",73.2%,Medium,6.15961,https://leetcode.com/problems/count-square-submatrices-with-all-ones
1281,Subtract the Product and Sum of Digits of an Integer,Math,85.3%,Easy,0.247625,https://leetcode.com/problems/subtract-the-product-and-sum-of-digits-of-an-integer
1284,Minimum Number of Flips to Convert Binary Matrix to Zero Matrix,Breadth-first Search,69.5%,Hard,10.6004,https://leetcode.com/problems/minimum-number-of-flips-to-convert-binary-matrix-to-zero-matrix
1292,Maximum Side Length of a Square with Sum Less than or Equal to Threshold,"Array, Binary Search",48.9%,Medium,17.0733,https://leetcode.com/problems/maximum-side-length-of-a-square-with-sum-less-than-or-equal-to-threshold
1293,Shortest Path in a Grid with Obstacles Elimination,Breadth-first Search,42.6%,Hard,13.1104,https://leetcode.com/problems/shortest-path-in-a-grid-with-obstacles-elimination
1296,Divide Array in Sets of K Consecutive Numbers,"Array, Greedy",54.3%,Medium,18.9789,https://leetcode.com/problems/divide-array-in-sets-of-k-consecutive-numbers
1312,Minimum Insertion Steps to Make a String Palindrome,Dynamic Programming,58.3%,Hard,4.0117,https://leetcode.com/problems/minimum-insertion-steps-to-make-a-string-palindrome
1313,Decompress Run-Length Encoded List,Array,85.1%,Easy,0.29349,https://leetcode.com/problems/decompress-run-length-encoded-list
1320,Minimum Distance to Type a Word Using Two Fingers,Dynamic Programming,62.5%,Hard,23.2015,https://leetcode.com/problems/minimum-distance-to-type-a-word-using-two-fingers
1325,Delete Leaves With a Given Value,Tree,73.1%,Medium,0.926733,https://leetcode.com/problems/delete-leaves-with-a-given-value
1326,Minimum Number of Taps to Open to Water a Garden,"Dynamic Programming, Greedy",43.9%,Hard,5.06332,https://leetcode.com/problems/minimum-number-of-taps-to-open-to-water-a-garden
1342,Number of Steps to Reduce a Number to Zero,Bit Manipulation,86.2%,Easy,0.189469,https://leetcode.com/problems/number-of-steps-to-reduce-a-number-to-zero
1345,Jump Game IV,Breadth-first Search,38.7%,Hard,10.8697,https://leetcode.com/problems/jump-game-iv
1352,Product of the Last K Numbers,"Array, Design",44.0%,Medium,5.68295,https://leetcode.com/problems/product-of-the-last-k-numbers
1366,Rank Teams by Votes,"Array, Sort",53.9%,Medium,0.747634,https://leetcode.com/problems/rank-teams-by-votes
1368,Minimum Cost to Make at Least One Valid Path in a Grid,Breadth-first Search,54.6%,Hard,7.95608,https://leetcode.com/problems/minimum-cost-to-make-at-least-one-valid-path-in-a-grid
1376,Time Needed to Inform All Employees,Depth-first Search,55.7%,Medium,18.4991,https://leetcode.com/problems/time-needed-to-inform-all-employees
1377,Frog Position After T Seconds,Depth-first Search,33.7%,Hard,3.71261,https://leetcode.com/problems/frog-position-after-t-seconds
1406,Stone Game III,Dynamic Programming,56.6%,Hard,5.8726,https://leetcode.com/problems/stone-game-iii
1423,Maximum Points You Can Obtain from Cards,"Array, Dynamic Programming, Sliding Window",43.5%,Medium,22.7752,https://leetcode.com/problems/maximum-points-you-can-obtain-from-cards
1438,Longest Continuous Subarray With Absolute Diff Less Than or Equal to Limit,"Array, Sliding Window",42.8%,Medium,38.8607,https://leetcode.com/problems/longest-continuous-subarray-with-absolute-diff-less-than-or-equal-to-limit
1444,Number of Ways of Cutting a Pizza,Dynamic Programming,52.6%,Hard,7.82564,https://leetcode.com/problems/number-of-ways-of-cutting-a-pizza
1463,Cherry Pickup II,Dynamic Programming,65.5%,Hard,8.15341,https://leetcode.com/problems/cherry-pickup-ii
1466,Reorder Routes to Make All Paths Lead to the City Zero,"Tree, Depth-first Search",62.4%,Medium,3.05615,https://leetcode.com/problems/reorder-routes-to-make-all-paths-lead-to-the-city-zero
1477,Find Two Non-overlapping Sub-arrays Each With Target Sum,Dynamic Programming,30.9%,Medium,14.7827,https://leetcode.com/problems/find-two-non-overlapping-sub-arrays-each-with-target-sum
1504,Count Submatrices With All Ones,Dynamic Programming,62.1%,Medium,4.18218,https://leetcode.com/problems/count-submatrices-with-all-ones
1548,The Most Similar Path in a Graph,"Dynamic Programming, Graph",57.0%,Hard,9.41719,https://leetcode.com/problems/the-most-similar-path-in-a-graph
