Id,Title,Tags,Acceptance,Difficulty,Frequency,Link
1,Two Sum,"Array, Hash Table",45.7%,Easy,60.5744,https://leetcode.com/problems/two-sum
2,Add Two Numbers,"Linked List, Math",34.1%,Medium,8.06284,https://leetcode.com/problems/add-two-numbers
3,Longest Substring Without Repeating Characters,"Hash Table, Two Pointers, String, Sliding Window",30.5%,Medium,2.3565,https://leetcode.com/problems/longest-substring-without-repeating-characters
4,Median of Two Sorted Arrays,"Array, Binary Search, Divide and Conquer",29.8%,Hard,2.50113,https://leetcode.com/problems/median-of-two-sorted-arrays
5,Longest Palindromic Substring,"String, Dynamic Programming",29.6%,Medium,2.09964,https://leetcode.com/problems/longest-palindromic-substring
9,Palindrome Number,Math,48.6%,Easy,2.90631,https://leetcode.com/problems/palindrome-number
10,Regular Expression Matching,"String, Dynamic Programming, Backtracking",26.9%,Hard,4.94601,https://leetcode.com/problems/regular-expression-matching
12,Integer to Roman,"Math, String",55.3%,Medium,0.682115,https://leetcode.com/problems/integer-to-roman
13,Roman to Integer,"Math, String",55.9%,Easy,0.269545,https://leetcode.com/problems/roman-to-integer
14,Longest Common Prefix,String,35.5%,Easy,1.61685,https://leetcode.com/problems/longest-common-prefix
15,3Sum,"Array, Two Pointers",27.0%,Medium,3.53426,https://leetcode.com/problems/3sum
16,3Sum Closest,"Array, Two Pointers",46.0%,Medium,0.60923,https://leetcode.com/problems/3sum-closest
17,Letter Combinations of a Phone Number,"String, Backtracking",47.1%,Medium,1.35114,https://leetcode.com/problems/letter-combinations-of-a-phone-number
20,Valid Parentheses,"String, Stack",39.1%,Easy,1.02829,https://leetcode.com/problems/valid-parentheses
21,Merge Two Sorted Lists,Linked List,53.9%,Easy,2.64329,https://leetcode.com/problems/merge-two-sorted-lists
22,Generate Parentheses,"String, Backtracking",63.1%,Medium,1.37814,https://leetcode.com/problems/generate-parentheses
23,Merge k Sorted Lists,"Linked List, Divide and Conquer, Heap",40.6%,Hard,1.32445,https://leetcode.com/problems/merge-k-sorted-lists
24,Swap Nodes in Pairs,Linked List,50.8%,Medium,0.50599,https://leetcode.com/problems/swap-nodes-in-pairs
26,Remove Duplicates from Sorted Array,"Array, Two Pointers",45.4%,Easy,0.147369,https://leetcode.com/problems/remove-duplicates-from-sorted-array
31,Next Permutation,Array,32.7%,Medium,1.0256,https://leetcode.com/problems/next-permutation
33,Search in Rotated Sorted Array,"Array, Binary Search",34.7%,Medium,0.584825,https://leetcode.com/problems/search-in-rotated-sorted-array
34,Find First and Last Position of Element in Sorted Array,"Array, Binary Search",36.3%,Medium,3.93823,https://leetcode.com/problems/find-first-and-last-position-of-element-in-sorted-array
36,Valid Sudoku,Hash Table,49.1%,Medium,2.34668,https://leetcode.com/problems/valid-sudoku
37,Sudoku Solver,"Hash Table, Backtracking",44.0%,Hard,1.49543,https://leetcode.com/problems/sudoku-solver
38,Count and Say,String,44.9%,Easy,0.644694,https://leetcode.com/problems/count-and-say
41,First Missing Positive,Array,32.2%,Hard,3.34624,https://leetcode.com/problems/first-missing-positive
42,Trapping Rain Water,"Array, Two Pointers, Stack",49.2%,Hard,1.16451,https://leetcode.com/problems/trapping-rain-water
43,Multiply Strings,"Math, String",34.1%,Medium,0.768295,https://leetcode.com/problems/multiply-strings
45,Jump Game II,"Array, Greedy",30.7%,Hard,1.70046,https://leetcode.com/problems/jump-game-ii
46,Permutations,Backtracking,64.0%,Medium,0.740433,https://leetcode.com/problems/permutations
49,Group Anagrams,"Hash Table, String",57.3%,Medium,0.683107,https://leetcode.com/problems/group-anagrams
50,"Pow(x, n)","Math, Binary Search",30.5%,Medium,0.935313,https://leetcode.com/problems/powx-n
53,Maximum Subarray,"Array, Divide and Conquer, Dynamic Programming",46.7%,Easy,10.9771,https://leetcode.com/problems/maximum-subarray
56,Merge Intervals,"Array, Sort",39.5%,Medium,3.17263,https://leetcode.com/problems/merge-intervals
57,Insert Interval,"Array, Sort",33.7%,Hard,18.1233,https://leetcode.com/problems/insert-interval
59,Spiral Matrix II,Array,54.3%,Medium,1.19127,https://leetcode.com/problems/spiral-matrix-ii
60,Permutation Sequence,"Math, Backtracking",38.6%,Hard,2.30016,https://leetcode.com/problems/permutation-sequence
62,Unique Paths,"Array, Dynamic Programming",54.4%,Medium,0.382898,https://leetcode.com/problems/unique-paths
63,Unique Paths II,"Array, Dynamic Programming",34.7%,Medium,2.8444,https://leetcode.com/problems/unique-paths-ii
64,Minimum Path Sum,"Array, Dynamic Programming",54.8%,Medium,1.11111,https://leetcode.com/problems/minimum-path-sum
65,Valid Number,"Math, String",15.4%,Hard,1.93894,https://leetcode.com/problems/valid-number
66,Plus One,Array,43.0%,Easy,6.84629,https://leetcode.com/problems/plus-one
67,Add Binary,"Math, String",45.5%,Easy,0.491761,https://leetcode.com/problems/add-binary
68,Text Justification,String,28.0%,Hard,5.41158,https://leetcode.com/problems/text-justification
69,Sqrt(x),"Math, Binary Search",34.1%,Easy,0.408947,https://leetcode.com/problems/sqrtx
70,Climbing Stairs,Dynamic Programming,47.9%,Easy,0.937365,https://leetcode.com/problems/climbing-stairs
72,Edit Distance,"String, Dynamic Programming",45.1%,Hard,9.23704,https://leetcode.com/problems/edit-distance
76,Minimum Window Substring,"Hash Table, Two Pointers, String, Sliding Window",34.9%,Hard,5.8171,https://leetcode.com/problems/minimum-window-substring
78,Subsets,"Array, Backtracking, Bit Manipulation",62.5%,Medium,3.50376,https://leetcode.com/problems/subsets
79,Word Search,"Array, Backtracking",35.8%,Medium,2.68026,https://leetcode.com/problems/word-search
84,Largest Rectangle in Histogram,"Array, Stack",35.5%,Hard,2.2178,https://leetcode.com/problems/largest-rectangle-in-histogram
85,Maximal Rectangle,"Array, Hash Table, Dynamic Programming, Stack",38.0%,Hard,40.4253,https://leetcode.com/problems/maximal-rectangle
88,Merge Sorted Array,"Array, Two Pointers",39.6%,Easy,0.232122,https://leetcode.com/problems/merge-sorted-array
91,Decode Ways,"String, Dynamic Programming",24.9%,Medium,0.378692,https://leetcode.com/problems/decode-ways
94,Binary Tree Inorder Traversal,"Hash Table, Stack, Tree",63.8%,Medium,0.236294,https://leetcode.com/problems/binary-tree-inorder-traversal
96,Unique Binary Search Trees,"Dynamic Programming, Tree",53.2%,Medium,3.30783,https://leetcode.com/problems/unique-binary-search-trees
98,Validate Binary Search Tree,"Tree, Depth-first Search",27.9%,Medium,0.232535,https://leetcode.com/problems/validate-binary-search-tree
99,Recover Binary Search Tree,"Tree, Depth-first Search",40.0%,Hard,1.76393,https://leetcode.com/problems/recover-binary-search-tree
101,Symmetric Tree,"Tree, Depth-first Search, Breadth-first Search",47.1%,Easy,1.1113,https://leetcode.com/problems/symmetric-tree
103,Binary Tree Zigzag Level Order Traversal,"Stack, Tree, Breadth-first Search",48.6%,Medium,0.46778,https://leetcode.com/problems/binary-tree-zigzag-level-order-traversal
105,Construct Binary Tree from Preorder and Inorder Traversal,"Array, Tree, Depth-first Search",49.3%,Medium,4.49999,https://leetcode.com/problems/construct-binary-tree-from-preorder-and-inorder-traversal
108,Convert Sorted Array to Binary Search Tree,"Tree, Depth-first Search",58.4%,Easy,0.472986,https://leetcode.com/problems/convert-sorted-array-to-binary-search-tree
109,Convert Sorted List to Binary Search Tree,"Linked List, Depth-first Search",48.1%,Medium,1.21503,https://leetcode.com/problems/convert-sorted-list-to-binary-search-tree
110,Balanced Binary Tree,"Tree, Depth-first Search",43.7%,Easy,1.37239,https://leetcode.com/problems/balanced-binary-tree
116,Populating Next Right Pointers in Each Node,"Tree, Depth-first Search",45.7%,Medium,1.40259,https://leetcode.com/problems/populating-next-right-pointers-in-each-node
117,Populating Next Right Pointers in Each Node II,"Tree, Depth-first Search",39.5%,Medium,0.971244,https://leetcode.com/problems/populating-next-right-pointers-in-each-node-ii
118,Pascal's Triangle,Array,52.9%,Easy,0.539369,https://leetcode.com/problems/pascals-triangle
121,Best Time to Buy and Sell Stock,"Array, Dynamic Programming",50.6%,Easy,1.02575,https://leetcode.com/problems/best-time-to-buy-and-sell-stock
124,Binary Tree Maximum Path Sum,"Tree, Depth-first Search",34.5%,Hard,3.92108,https://leetcode.com/problems/binary-tree-maximum-path-sum
127,Word Ladder,Breadth-first Search,29.9%,Medium,15.292,https://leetcode.com/problems/word-ladder
128,Longest Consecutive Sequence,"Array, Union Find",45.3%,Hard,4.31228,https://leetcode.com/problems/longest-consecutive-sequence
131,Palindrome Partitioning,Backtracking,48.0%,Medium,1.04902,https://leetcode.com/problems/palindrome-partitioning
133,Clone Graph,"Depth-first Search, Breadth-first Search, Graph",35.4%,Medium,7.3194,https://leetcode.com/problems/clone-graph
134,Gas Station,Greedy,38.8%,Medium,1.15366,https://leetcode.com/problems/gas-station
137,Single Number II,Bit Manipulation,52.6%,Medium,1.36374,https://leetcode.com/problems/single-number-ii
139,Word Break,Dynamic Programming,40.3%,Medium,3.21283,https://leetcode.com/problems/word-break
144,Binary Tree Preorder Traversal,"Stack, Tree",56.0%,Medium,0.461402,https://leetcode.com/problems/binary-tree-preorder-traversal
146,LRU Cache,Design,33.5%,Medium,1.45206,https://leetcode.com/problems/lru-cache
149,Max Points on a Line,"Hash Table, Math",17.0%,Hard,2.42855,https://leetcode.com/problems/max-points-on-a-line
150,Evaluate Reverse Polish Notation,Stack,36.6%,Medium,2.67006,https://leetcode.com/problems/evaluate-reverse-polish-notation
152,Maximum Product Subarray,"Array, Dynamic Programming",31.8%,Medium,4.98407,https://leetcode.com/problems/maximum-product-subarray
153,Find Minimum in Rotated Sorted Array,"Array, Binary Search",45.2%,Medium,0.487302,https://leetcode.com/problems/find-minimum-in-rotated-sorted-array
155,Min Stack,"Stack, Design",44.8%,Easy,0.363839,https://leetcode.com/problems/min-stack
157,Read N Characters Given Read4,String,35.3%,Easy,2.45671,https://leetcode.com/problems/read-n-characters-given-read4
158,Read N Characters Given Read4 II - Call multiple times,String,34.2%,Hard,4.55926,https://leetcode.com/problems/read-n-characters-given-read4-ii-call-multiple-times
159,Longest Substring with At Most Two Distinct Characters,"Hash Table, Two Pointers, String, Sliding Window",49.5%,Medium,8.65678,https://leetcode.com/problems/longest-substring-with-at-most-two-distinct-characters
160,Intersection of Two Linked Lists,Linked List,41.1%,Easy,0.847584,https://leetcode.com/problems/intersection-of-two-linked-lists
162,Find Peak Element,"Array, Binary Search",43.4%,Medium,0.503411,https://leetcode.com/problems/find-peak-element
165,Compare Version Numbers,String,27.6%,Medium,1.56123,https://leetcode.com/problems/compare-version-numbers
166,Fraction to Recurring Decimal,"Hash Table, Math",21.7%,Medium,1.60582,https://leetcode.com/problems/fraction-to-recurring-decimal
169,Majority Element,"Array, Divide and Conquer, Bit Manipulation",58.9%,Easy,0.842029,https://leetcode.com/problems/majority-element
171,Excel Sheet Column Number,Math,56.2%,Easy,0.143403,https://leetcode.com/problems/excel-sheet-column-number
173,Binary Search Tree Iterator,"Stack, Tree, Design",57.1%,Medium,6.27852,https://leetcode.com/problems/binary-search-tree-iterator
174,Dungeon Game,"Binary Search, Dynamic Programming",32.5%,Hard,5.37619,https://leetcode.com/problems/dungeon-game
177,Nth Highest Salary,,31.6%,Medium,1.17254,https://leetcode.com/problems/nth-highest-salary
188,Best Time to Buy and Sell Stock IV,Dynamic Programming,28.1%,Hard,2.82898,https://leetcode.com/problems/best-time-to-buy-and-sell-stock-iv
198,House Robber,Dynamic Programming,42.1%,Easy,4.5067,https://leetcode.com/problems/house-robber
200,Number of Islands,"Depth-first Search, Breadth-first Search, Union Find",47.1%,Medium,3.4489,https://leetcode.com/problems/number-of-islands
202,Happy Number,"Hash Table, Math",50.6%,Easy,0.501477,https://leetcode.com/problems/happy-number
204,Count Primes,"Hash Table, Math",31.6%,Easy,0.568924,https://leetcode.com/problems/count-primes
205,Isomorphic Strings,Hash Table,39.9%,Easy,3.72321,https://leetcode.com/problems/isomorphic-strings
206,Reverse Linked List,Linked List,63.0%,Easy,1.53493,https://leetcode.com/problems/reverse-linked-list
208,Implement Trie (Prefix Tree),"Design, Trie",49.9%,Medium,0.664625,https://leetcode.com/problems/implement-trie-prefix-tree
209,Minimum Size Subarray Sum,"Array, Two Pointers, Binary Search",38.4%,Medium,8.19326,https://leetcode.com/problems/minimum-size-subarray-sum
210,Course Schedule II,"Depth-first Search, Breadth-first Search, Graph, Topological Sort",41.0%,Medium,3.41887,https://leetcode.com/problems/course-schedule-ii
211,Design Add and Search Words Data Structure,"Backtracking, Design, Trie",38.3%,Medium,3.09886,https://leetcode.com/problems/design-add-and-search-words-data-structure
212,Word Search II,"Backtracking, Trie",35.1%,Hard,1.64075,https://leetcode.com/problems/word-search-ii
214,Shortest Palindrome,String,29.9%,Hard,2.56131,https://leetcode.com/problems/shortest-palindrome
215,Kth Largest Element in an Array,"Divide and Conquer, Heap",55.8%,Medium,1.36323,https://leetcode.com/problems/kth-largest-element-in-an-array
216,Combination Sum III,"Array, Backtracking",56.9%,Medium,1.67424,https://leetcode.com/problems/combination-sum-iii
218,The Skyline Problem,"Divide and Conquer, Heap, Binary Indexed Tree, Segment Tree, Line Sweep",34.7%,Hard,4.70539,https://leetcode.com/problems/the-skyline-problem
219,Contains Duplicate II,"Array, Hash Table",37.9%,Easy,1.66298,https://leetcode.com/problems/contains-duplicate-ii
221,Maximal Square,Dynamic Programming,37.8%,Medium,3.21896,https://leetcode.com/problems/maximal-square
222,Count Complete Tree Nodes,"Binary Search, Tree",47.2%,Medium,4.90854,https://leetcode.com/problems/count-complete-tree-nodes
224,Basic Calculator,"Math, Stack",37.1%,Hard,10.7336,https://leetcode.com/problems/basic-calculator
226,Invert Binary Tree,Tree,65.3%,Easy,4.68318,https://leetcode.com/problems/invert-binary-tree
234,Palindrome Linked List,"Linked List, Two Pointers",39.5%,Easy,0.781975,https://leetcode.com/problems/palindrome-linked-list
236,Lowest Common Ancestor of a Binary Tree,Tree,46.2%,Medium,2.37929,https://leetcode.com/problems/lowest-common-ancestor-of-a-binary-tree
238,Product of Array Except Self,Array,60.3%,Medium,0.671066,https://leetcode.com/problems/product-of-array-except-self
239,Sliding Window Maximum,"Heap, Sliding Window",43.4%,Hard,2.19482,https://leetcode.com/problems/sliding-window-maximum
240,Search a 2D Matrix II,"Binary Search, Divide and Conquer",43.3%,Medium,0.580675,https://leetcode.com/problems/search-a-2d-matrix-ii
241,Different Ways to Add Parentheses,Divide and Conquer,55.5%,Medium,3.17285,https://leetcode.com/problems/different-ways-to-add-parentheses
242,Valid Anagram,"Hash Table, Sort",57.1%,Easy,0.751531,https://leetcode.com/problems/valid-anagram
243,Shortest Word Distance,Array,61.1%,Easy,3.59767,https://leetcode.com/problems/shortest-word-distance
247,Strobogrammatic Number II,"Math, Recursion",47.8%,Medium,4.19197,https://leetcode.com/problems/strobogrammatic-number-ii
249,Group Shifted Strings,"Hash Table, String",55.7%,Medium,4.92232,https://leetcode.com/problems/group-shifted-strings
250,Count Univalue Subtrees,Tree,52.2%,Medium,6.23211,https://leetcode.com/problems/count-univalue-subtrees
253,Meeting Rooms II,"Heap, Greedy, Sort",45.8%,Medium,13.4768,https://leetcode.com/problems/meeting-rooms-ii
259,3Sum Smaller,"Array, Two Pointers",47.8%,Medium,3.5214,https://leetcode.com/problems/3sum-smaller
269,Alien Dictionary,"Graph, Topological Sort",33.3%,Hard,9.08135,https://leetcode.com/problems/alien-dictionary
271,Encode and Decode Strings,String,31.7%,Medium,6.17592,https://leetcode.com/problems/encode-and-decode-strings
274,H-Index,"Hash Table, Sort",36.3%,Medium,0.507199,https://leetcode.com/problems/h-index
276,Paint Fence,Dynamic Programming,38.4%,Easy,5.61583,https://leetcode.com/problems/paint-fence
278,First Bad Version,Binary Search,36.0%,Easy,0.964494,https://leetcode.com/problems/first-bad-version
279,Perfect Squares,"Math, Dynamic Programming, Breadth-first Search",47.6%,Medium,5.98482,https://leetcode.com/problems/perfect-squares
280,Wiggle Sort,"Array, Sort",63.9%,Medium,3.81554,https://leetcode.com/problems/wiggle-sort
282,Expression Add Operators,Divide and Conquer,35.7%,Hard,2.2178,https://leetcode.com/problems/expression-add-operators
283,Move Zeroes,"Array, Two Pointers",58.0%,Easy,0.222729,https://leetcode.com/problems/move-zeroes
284,Peeking Iterator,Design,46.1%,Medium,2.88027,https://leetcode.com/problems/peeking-iterator
286,Walls and Gates,Breadth-first Search,54.9%,Medium,4.47489,https://leetcode.com/problems/walls-and-gates
287,Find the Duplicate Number,"Array, Two Pointers, Binary Search",55.9%,Medium,1.64208,https://leetcode.com/problems/find-the-duplicate-number
292,Nim Game,"Brainteaser, Minimax",54.9%,Easy,1.84683,https://leetcode.com/problems/nim-game
295,Find Median from Data Stream,"Heap, Design",44.8%,Hard,4.61744,https://leetcode.com/problems/find-median-from-data-stream
296,Best Meeting Point,"Math, Sort",57.6%,Hard,19.0158,https://leetcode.com/problems/best-meeting-point
297,Serialize and Deserialize Binary Tree,"Tree, Design",47.8%,Hard,1.27198,https://leetcode.com/problems/serialize-and-deserialize-binary-tree
299,Bulls and Cows,Hash Table,42.5%,Easy,24.1371,https://leetcode.com/problems/bulls-and-cows
300,Longest Increasing Subsequence,"Binary Search, Dynamic Programming",42.7%,Medium,0.399428,https://leetcode.com/problems/longest-increasing-subsequence
301,Remove Invalid Parentheses,"Depth-first Search, Breadth-first Search",43.5%,Hard,1.27746,https://leetcode.com/problems/remove-invalid-parentheses
303,Range Sum Query - Immutable,Dynamic Programming,45.2%,Easy,2.41447,https://leetcode.com/problems/range-sum-query-immutable
304,Range Sum Query 2D - Immutable,Dynamic Programming,38.9%,Medium,6.40044,https://leetcode.com/problems/range-sum-query-2d-immutable
307,Range Sum Query - Mutable,"Binary Indexed Tree, Segment Tree",35.0%,Medium,1.9216,https://leetcode.com/problems/range-sum-query-mutable
310,Minimum Height Trees,"Breadth-first Search, Graph",32.4%,Medium,2.13239,https://leetcode.com/problems/minimum-height-trees
314,Binary Tree Vertical Order Traversal,"Depth-first Search, Breadth-first Search",45.5%,Medium,1.22975,https://leetcode.com/problems/binary-tree-vertical-order-traversal
315,Count of Smaller Numbers After Self,"Binary Search, Divide and Conquer, Sort, Binary Indexed Tree, Segment Tree",41.7%,Hard,7.95568,https://leetcode.com/problems/count-of-smaller-numbers-after-self
317,Shortest Distance from All Buildings,Breadth-first Search,41.7%,Hard,3.0741,https://leetcode.com/problems/shortest-distance-from-all-buildings
322,Coin Change,Dynamic Programming,35.8%,Medium,0.636621,https://leetcode.com/problems/coin-change
325,Maximum Size Subarray Sum Equals k,Hash Table,46.8%,Medium,3.69218,https://leetcode.com/problems/maximum-size-subarray-sum-equals-k
328,Odd Even Linked List,Linked List,56.0%,Medium,0.601014,https://leetcode.com/problems/odd-even-linked-list
329,Longest Increasing Path in a Matrix,"Depth-first Search, Topological Sort, Memoization",43.6%,Hard,23.6372,https://leetcode.com/problems/longest-increasing-path-in-a-matrix
332,Reconstruct Itinerary,"Depth-first Search, Graph",36.9%,Medium,2.61903,https://leetcode.com/problems/reconstruct-itinerary
335,Self Crossing,Math,28.1%,Hard,13.561,https://leetcode.com/problems/self-crossing
337,House Robber III,"Tree, Depth-first Search",50.7%,Medium,14.269,https://leetcode.com/problems/house-robber-iii
340,Longest Substring with At Most K Distinct Characters,"Hash Table, String, Sliding Window",44.3%,Hard,5.02326,https://leetcode.com/problems/longest-substring-with-at-most-k-distinct-characters
343,Integer Break,"Math, Dynamic Programming",50.5%,Medium,2.39985,https://leetcode.com/problems/integer-break
346,Moving Average from Data Stream,"Design, Queue",71.3%,Easy,25.3778,https://leetcode.com/problems/moving-average-from-data-stream
347,Top K Frequent Elements,"Hash Table, Heap",61.4%,Medium,10.5065,https://leetcode.com/problems/top-k-frequent-elements
351,Android Unlock Patterns,"Dynamic Programming, Backtracking",48.6%,Medium,6.9252,https://leetcode.com/problems/android-unlock-patterns
354,Russian Doll Envelopes,"Binary Search, Dynamic Programming",35.6%,Hard,2.76269,https://leetcode.com/problems/russian-doll-envelopes
359,Logger Rate Limiter,"Hash Table, Design",70.9%,Easy,48.1162,https://leetcode.com/problems/logger-rate-limiter
362,Design Hit Counter,Design,63.9%,Medium,7.25171,https://leetcode.com/problems/design-hit-counter
363,Max Sum of Rectangle No Larger Than K,"Binary Search, Dynamic Programming, Queue",37.5%,Hard,9.44952,https://leetcode.com/problems/max-sum-of-rectangle-no-larger-than-k
375,Guess Number Higher or Lower II,"Dynamic Programming, Minimax",40.3%,Medium,10.3645,https://leetcode.com/problems/guess-number-higher-or-lower-ii
378,Kth Smallest Element in a Sorted Matrix,"Binary Search, Heap",54.6%,Medium,8.4705,https://leetcode.com/problems/kth-smallest-element-in-a-sorted-matrix
380,Insert Delete GetRandom O(1),"Array, Hash Table, Design",47.7%,Medium,3.06572,https://leetcode.com/problems/insert-delete-getrandom-o1
382,Linked List Random Node,Reservoir Sampling,52.2%,Medium,4.48526,https://leetcode.com/problems/linked-list-random-node
384,Shuffle an Array,,52.9%,Medium,5.49753,https://leetcode.com/problems/shuffle-an-array
387,First Unique Character in a String,"Hash Table, String",53.4%,Easy,0.342816,https://leetcode.com/problems/first-unique-character-in-a-string
392,Is Subsequence,"Binary Search, Dynamic Programming, Greedy",49.2%,Easy,1.73821,https://leetcode.com/problems/is-subsequence
394,Decode String,"Stack, Depth-first Search",50.4%,Medium,17.9929,https://leetcode.com/problems/decode-string
397,Integer Replacement,"Math, Bit Manipulation",33.0%,Medium,5.40003,https://leetcode.com/problems/integer-replacement
399,Evaluate Division,"Union Find, Graph",51.9%,Medium,12.4504,https://leetcode.com/problems/evaluate-division
406,Queue Reconstruction by Height,Greedy,67.0%,Medium,1.70073,https://leetcode.com/problems/queue-reconstruction-by-height
409,Longest Palindrome,Hash Table,51.8%,Easy,1.47849,https://leetcode.com/problems/longest-palindrome
410,Split Array Largest Sum,"Binary Search, Dynamic Programming",44.8%,Hard,7.62644,https://leetcode.com/problems/split-array-largest-sum
415,Add Strings,String,47.7%,Easy,0.618928,https://leetcode.com/problems/add-strings
417,Pacific Atlantic Water Flow,"Depth-first Search, Breadth-first Search",41.4%,Medium,2.27722,https://leetcode.com/problems/pacific-atlantic-water-flow
418,Sentence Screen Fitting,Dynamic Programming,32.7%,Medium,5.52246,https://leetcode.com/problems/sentence-screen-fitting
420,Strong Password Checker,,13.7%,Hard,14.9968,https://leetcode.com/problems/strong-password-checker
424,Longest Repeating Character Replacement,"Two Pointers, Sliding Window",47.2%,Medium,1.54148,https://leetcode.com/problems/longest-repeating-character-replacement
428,Serialize and Deserialize N-ary Tree,Tree,59.6%,Hard,16.9097,https://leetcode.com/problems/serialize-and-deserialize-n-ary-tree
435,Non-overlapping Intervals,Greedy,43.4%,Medium,1.16247,https://leetcode.com/problems/non-overlapping-intervals
438,Find All Anagrams in a String,Hash Table,43.6%,Medium,1.40044,https://leetcode.com/problems/find-all-anagrams-in-a-string
444,Sequence Reconstruction,"Graph, Topological Sort",22.6%,Medium,43.8728,https://leetcode.com/problems/sequence-reconstruction
456,132 Pattern,Stack,28.9%,Medium,2.41891,https://leetcode.com/problems/132-pattern
459,Repeated Substring Pattern,String,43.1%,Easy,0.167442,https://leetcode.com/problems/repeated-substring-pattern
460,LFU Cache,Design,34.5%,Hard,2.5922,https://leetcode.com/problems/lfu-cache
463,Island Perimeter,Hash Table,65.8%,Easy,2.74768,https://leetcode.com/problems/island-perimeter
465,Optimal Account Balancing,,46.9%,Hard,7.31341,https://leetcode.com/problems/optimal-account-balancing
480,Sliding Window Median,Sliding Window,37.5%,Hard,11.5172,https://leetcode.com/problems/sliding-window-median
485,Max Consecutive Ones,Array,54.3%,Easy,0.359367,https://leetcode.com/problems/max-consecutive-ones
489,Robot Room Cleaner,Depth-first Search,70.8%,Hard,10.0017,https://leetcode.com/problems/robot-room-cleaner
518,Coin Change 2,,50.4%,Medium,1.08644,https://leetcode.com/problems/coin-change-2
525,Contiguous Array,Hash Table,42.9%,Medium,3.93515,https://leetcode.com/problems/contiguous-array
527,Word Abbreviation,"String, Sort",54.6%,Hard,32.0752,https://leetcode.com/problems/word-abbreviation
528,Random Pick with Weight,"Binary Search, Random",44.1%,Medium,23.2158,https://leetcode.com/problems/random-pick-with-weight
540,Single Element in a Sorted Array,,57.9%,Medium,1.79866,https://leetcode.com/problems/single-element-in-a-sorted-array
543,Diameter of Binary Tree,Tree,48.6%,Easy,1.6647,https://leetcode.com/problems/diameter-of-binary-tree
552,Student Attendance Record II,Dynamic Programming,36.8%,Hard,31.7546,https://leetcode.com/problems/student-attendance-record-ii
559,Maximum Depth of N-ary Tree,"Tree, Depth-first Search, Breadth-first Search",68.8%,Easy,2.8039,https://leetcode.com/problems/maximum-depth-of-n-ary-tree
560,Subarray Sum Equals K,"Array, Hash Table",43.8%,Medium,14.227,https://leetcode.com/problems/subarray-sum-equals-k
562,Longest Line of Consecutive One in Matrix,Array,45.9%,Medium,26.9189,https://leetcode.com/problems/longest-line-of-consecutive-one-in-matrix
593,Valid Square,Math,43.2%,Medium,7.68258,https://leetcode.com/problems/valid-square
609,Find Duplicate File in System,"Hash Table, String",59.8%,Medium,13.229,https://leetcode.com/problems/find-duplicate-file-in-system
630,Course Schedule III,Greedy,33.5%,Hard,5.54762,https://leetcode.com/problems/course-schedule-iii
636,Exclusive Time of Functions,Stack,52.1%,Medium,3.87214,https://leetcode.com/problems/exclusive-time-of-functions
639,Decode Ways II,Dynamic Programming,26.7%,Hard,5.36829,https://leetcode.com/problems/decode-ways-ii
642,Design Search Autocomplete System,"Design, Trie",45.0%,Hard,31.6426,https://leetcode.com/problems/design-search-autocomplete-system
647,Palindromic Substrings,"String, Dynamic Programming",60.9%,Medium,0.757467,https://leetcode.com/problems/palindromic-substrings
652,Find Duplicate Subtrees,Tree,50.4%,Medium,14.5707,https://leetcode.com/problems/find-duplicate-subtrees
658,Find K Closest Elements,Binary Search,41.0%,Medium,1.47849,https://leetcode.com/problems/find-k-closest-elements
659,Split Array into Consecutive Subsequences,"Heap, Greedy",43.8%,Medium,57.6475,https://leetcode.com/problems/split-array-into-consecutive-subsequences
669,Trim a Binary Search Tree,Tree,63.0%,Easy,1.72075,https://leetcode.com/problems/trim-a-binary-search-tree
678,Valid Parenthesis String,String,31.1%,Medium,2.27439,https://leetcode.com/problems/valid-parenthesis-string
679,24 Game,Depth-first Search,46.5%,Hard,5.46464,https://leetcode.com/problems/24-game
682,Baseball Game,Stack,64.3%,Easy,1.42156,https://leetcode.com/problems/baseball-game
686,Repeated String Match,String,32.4%,Medium,2.69346,https://leetcode.com/problems/repeated-string-match
688,Knight Probability in Chessboard,Dynamic Programming,49.2%,Medium,6.16204,https://leetcode.com/problems/knight-probability-in-chessboard
689,Maximum Sum of 3 Non-Overlapping Subarrays,"Array, Dynamic Programming",46.5%,Hard,3.92623,https://leetcode.com/problems/maximum-sum-of-3-non-overlapping-subarrays
690,Employee Importance,"Hash Table, Depth-first Search, Breadth-first Search",57.4%,Easy,11.3281,https://leetcode.com/problems/employee-importance
692,Top K Frequent Words,"Hash Table, Heap, Trie",52.1%,Medium,2.46708,https://leetcode.com/problems/top-k-frequent-words
695,Max Area of Island,"Array, Depth-first Search",63.0%,Medium,3.94424,https://leetcode.com/problems/max-area-of-island
698,Partition to K Equal Sum Subsets,"Dynamic Programming, Recursion",45.0%,Medium,1.56324,https://leetcode.com/problems/partition-to-k-equal-sum-subsets
702,Search in a Sorted Array of Unknown Size,Binary Search,67.3%,Medium,5.49753,https://leetcode.com/problems/search-in-a-sorted-array-of-unknown-size
715,Range Module,"Segment Tree, Ordered Map",38.8%,Hard,22.3966,https://leetcode.com/problems/range-module
721,Accounts Merge,"Depth-first Search, Union Find",49.2%,Medium,3.1187,https://leetcode.com/problems/accounts-merge
722,Remove Comments,String,34.7%,Medium,27.7364,https://leetcode.com/problems/remove-comments
723,Candy Crush,"Array, Two Pointers",69.9%,Medium,11.0961,https://leetcode.com/problems/candy-crush
726,Number of Atoms,"Hash Table, Stack, Recursion",49.4%,Hard,5.33693,https://leetcode.com/problems/number-of-atoms
727,Minimum Window Subsequence,"Dynamic Programming, Sliding Window",41.9%,Hard,76.4211,https://leetcode.com/problems/minimum-window-subsequence
729,My Calendar I,Array,52.0%,Medium,20.5547,https://leetcode.com/problems/my-calendar-i
731,My Calendar II,Ordered Map,49.4%,Medium,4.31574,https://leetcode.com/problems/my-calendar-ii
732,My Calendar III,"Segment Tree, Ordered Map",60.3%,Hard,10.5138,https://leetcode.com/problems/my-calendar-iii
733,Flood Fill,Depth-first Search,55.4%,Easy,0.929498,https://leetcode.com/problems/flood-fill
735,Asteroid Collision,Stack,41.1%,Medium,2.2178,https://leetcode.com/problems/asteroid-collision
736,Parse Lisp Expression,String,47.6%,Hard,24.0248,https://leetcode.com/problems/parse-lisp-expression
741,Cherry Pickup,Dynamic Programming,34.0%,Hard,16.7542,https://leetcode.com/problems/cherry-pickup
743,Network Delay Time,"Heap, Depth-first Search, Breadth-first Search, Graph",45.0%,Medium,5.10931,https://leetcode.com/problems/network-delay-time
752,Open the Lock,Breadth-first Search,51.9%,Medium,28.7458,https://leetcode.com/problems/open-the-lock
753,Cracking the Safe,"Math, Depth-first Search",50.8%,Hard,27.4796,https://leetcode.com/problems/cracking-the-safe
759,Employee Free Time,"Heap, Greedy",66.5%,Hard,6.66681,https://leetcode.com/problems/employee-free-time
767,Reorganize String,"String, Heap, Greedy, Sort",48.9%,Medium,12.8817,https://leetcode.com/problems/reorganize-string
771,Jewels and Stones,Hash Table,86.5%,Easy,0.58617,https://leetcode.com/problems/jewels-and-stones
777,Swap Adjacent in LR String,Brainteaser,34.8%,Medium,19.0296,https://leetcode.com/problems/swap-adjacent-in-lr-string
791,Custom Sort String,String,65.6%,Medium,2.0305,https://leetcode.com/problems/custom-sort-string
792,Number of Matching Subsequences,Array,47.5%,Medium,22.5075,https://leetcode.com/problems/number-of-matching-subsequences
803,Bricks Falling When Hit,Union Find,31.0%,Hard,12.5359,https://leetcode.com/problems/bricks-falling-when-hit
809,Expressive Words,String,46.9%,Medium,79.9619,https://leetcode.com/problems/expressive-words
815,Bus Routes,Breadth-first Search,42.7%,Hard,11.9869,https://leetcode.com/problems/bus-routes
818,Race Car,"Dynamic Programming, Heap",39.1%,Hard,11.4003,https://leetcode.com/problems/race-car
830,Positions of Large Groups,Array,49.7%,Easy,10.3028,https://leetcode.com/problems/positions-of-large-groups
833,Find And Replace in String,String,50.6%,Medium,24.1061,https://leetcode.com/problems/find-and-replace-in-string
836,Rectangle Overlap,Math,48.4%,Easy,4.09591,https://leetcode.com/problems/rectangle-overlap
837,New 21 Game,Dynamic Programming,34.7%,Medium,19.2391,https://leetcode.com/problems/new-21-game
840,Magic Squares In Grid,Array,37.3%,Easy,16.1025,https://leetcode.com/problems/magic-squares-in-grid
843,Guess the Word,Minimax,46.1%,Hard,93.3181,https://leetcode.com/problems/guess-the-word
844,Backspace String Compare,"Two Pointers, Stack",46.6%,Easy,10.0732,https://leetcode.com/problems/backspace-string-compare
845,Longest Mountain in Array,Two Pointers,37.4%,Medium,9.03392,https://leetcode.com/problems/longest-mountain-in-array
846,Hand of Straights,Ordered Map,54.3%,Medium,69.7392,https://leetcode.com/problems/hand-of-straights
850,Rectangle Area II,"Segment Tree, Line Sweep",47.7%,Hard,26.4555,https://leetcode.com/problems/rectangle-area-ii
862,Shortest Subarray with Sum at Least K,"Binary Search, Queue",24.7%,Hard,8.83479,https://leetcode.com/problems/shortest-subarray-with-sum-at-least-k
871,Minimum Number of Refueling Stops,"Dynamic Programming, Heap",31.4%,Hard,12.075,https://leetcode.com/problems/minimum-number-of-refueling-stops
886,Possible Bipartition,"Depth-first Search, Graph",44.3%,Medium,2.57213,https://leetcode.com/problems/possible-bipartition
894,All Possible Full Binary Trees,"Tree, Recursion",75.5%,Medium,10.2386,https://leetcode.com/problems/all-possible-full-binary-trees
900,RLE Iterator,Array,53.8%,Medium,17.6254,https://leetcode.com/problems/rle-iterator
901,Online Stock Span,Stack,60.3%,Medium,2.08376,https://leetcode.com/problems/online-stock-span
904,Fruit Into Baskets,Two Pointers,42.5%,Medium,8.48186,https://leetcode.com/problems/fruit-into-baskets
907,Sum of Subarray Minimums,"Array, Stack",32.7%,Medium,2.43665,https://leetcode.com/problems/sum-of-subarray-minimums
911,Online Election,Binary Search,50.5%,Medium,16.5576,https://leetcode.com/problems/online-election
914,X of a Kind in a Deck of Cards,"Array, Math",35.0%,Easy,11.0376,https://leetcode.com/problems/x-of-a-kind-in-a-deck-of-cards
935,Knight Dialer,Dynamic Programming,45.3%,Medium,7.32645,https://leetcode.com/problems/knight-dialer
939,Minimum Area Rectangle,Hash Table,51.6%,Medium,7.45268,https://leetcode.com/problems/minimum-area-rectangle
941,Valid Mountain Array,Array,32.8%,Easy,1.73381,https://leetcode.com/problems/valid-mountain-array
946,Validate Stack Sequences,Stack,62.6%,Medium,86.6362,https://leetcode.com/problems/validate-stack-sequences
949,Largest Time for Given Digits,Math,37.6%,Easy,0.15258,https://leetcode.com/problems/largest-time-for-given-digits
951,Flip Equivalent Binary Trees,Tree,65.5%,Medium,24.7405,https://leetcode.com/problems/flip-equivalent-binary-trees
968,Binary Tree Cameras,"Dynamic Programming, Tree, Depth-first Search",37.7%,Hard,3.81156,https://leetcode.com/problems/binary-tree-cameras
973,K Closest Points to Origin,"Divide and Conquer, Heap, Sort",64.0%,Medium,0.444672,https://leetcode.com/problems/k-closest-points-to-origin
980,Unique Paths III,"Backtracking, Depth-first Search",73.5%,Hard,3.15914,https://leetcode.com/problems/unique-paths-iii
981,Time Based Key-Value Store,"Hash Table, Binary Search",53.1%,Medium,1.80132,https://leetcode.com/problems/time-based-key-value-store
983,Minimum Cost For Tickets,Dynamic Programming,62.5%,Medium,0.230482,https://leetcode.com/problems/minimum-cost-for-tickets
986,Interval List Intersections,Two Pointers,67.5%,Medium,2.18538,https://leetcode.com/problems/interval-list-intersections
987,Vertical Order Traversal of a Binary Tree,"Hash Table, Tree",36.5%,Medium,0.634399,https://leetcode.com/problems/vertical-order-traversal-of-a-binary-tree
989,Add to Array-Form of Integer,Array,44.4%,Easy,5.81341,https://leetcode.com/problems/add-to-array-form-of-integer
1011,Capacity To Ship Packages Within D Days,"Array, Binary Search",58.7%,Medium,2.328,https://leetcode.com/problems/capacity-to-ship-packages-within-d-days
1021,Remove Outermost Parentheses,Stack,78.4%,Easy,0.96204,https://leetcode.com/problems/remove-outermost-parentheses
1027,Longest Arithmetic Subsequence,Dynamic Programming,52.3%,Medium,2.58487,https://leetcode.com/problems/longest-arithmetic-subsequence
1029,Two City Scheduling,Greedy,56.2%,Medium,7.57897,https://leetcode.com/problems/two-city-scheduling
1031,Maximum Sum of Two Non-Overlapping Subarrays,Array,58.0%,Medium,17.9307,https://leetcode.com/problems/maximum-sum-of-two-non-overlapping-subarrays
1032,Stream of Characters,Trie,48.3%,Hard,0.26681,https://leetcode.com/problems/stream-of-characters
1047,Remove All Adjacent Duplicates In String,Stack,69.1%,Easy,0.864015,https://leetcode.com/problems/remove-all-adjacent-duplicates-in-string
1048,Longest String Chain,"Hash Table, Dynamic Programming",54.8%,Medium,9.32765,https://leetcode.com/problems/longest-string-chain
1056,Confusing Number,Math,48.3%,Easy,7.96748,https://leetcode.com/problems/confusing-number
1060,Missing Element in Sorted Array,Binary Search,54.5%,Medium,35.7117,https://leetcode.com/problems/missing-element-in-sorted-array
1062,Longest Repeating Substring,String,57.4%,Medium,7.55545,https://leetcode.com/problems/longest-repeating-substring
1087,Brace Expansion,Backtracking,62.8%,Medium,8.20002,https://leetcode.com/problems/brace-expansion
1088,Confusing Number II,"Math, Backtracking",44.3%,Hard,10.6363,https://leetcode.com/problems/confusing-number-ii
1095,Find in Mountain Array,Binary Search,35.8%,Hard,4.14442,https://leetcode.com/problems/find-in-mountain-array
1110,Delete Nodes And Return Forest,"Tree, Depth-first Search",67.2%,Medium,46.6736,https://leetcode.com/problems/delete-nodes-and-return-forest
1125,Smallest Sufficient Team,"Dynamic Programming, Bit Manipulation",46.6%,Hard,13.3135,https://leetcode.com/problems/smallest-sufficient-team
1140,Stone Game II,Dynamic Programming,64.0%,Medium,26.628,https://leetcode.com/problems/stone-game-ii
1143,Longest Common Subsequence,Dynamic Programming,58.4%,Medium,2.69246,https://leetcode.com/problems/longest-common-subsequence
1146,Snapshot Array,Array,37.0%,Medium,27.815,https://leetcode.com/problems/snapshot-array
1153,String Transforms Into Another String,Graph,35.8%,Hard,44.2263,https://leetcode.com/problems/string-transforms-into-another-string
1155,Number of Dice Rolls With Target Sum,Dynamic Programming,48.6%,Medium,1.48269,https://leetcode.com/problems/number-of-dice-rolls-with-target-sum
1170,Compare Strings by Frequency of the Smallest Character,"Array, String",58.5%,Easy,3.90108,https://leetcode.com/problems/compare-strings-by-frequency-of-the-smallest-character
1192,Critical Connections in a Network,Depth-first Search,48.6%,Hard,0.992072,https://leetcode.com/problems/critical-connections-in-a-network
1197,Minimum Knight Moves,Breadth-first Search,36.1%,Medium,15.465,https://leetcode.com/problems/minimum-knight-moves
1203,Sort Items by Groups Respecting Dependencies,"Depth-first Search, Graph, Topological Sort",47.9%,Hard,13.6116,https://leetcode.com/problems/sort-items-by-groups-respecting-dependencies
1209,Remove All Adjacent Duplicates in String II,Stack,57.1%,Medium,1.85527,https://leetcode.com/problems/remove-all-adjacent-duplicates-in-string-ii
1218,Longest Arithmetic Subsequence of Given Difference,"Math, Dynamic Programming",45.0%,Medium,11.3413,https://leetcode.com/problems/longest-arithmetic-subsequence-of-given-difference
1223,Dice Roll Simulation,Dynamic Programming,46.0%,Medium,12.4409,https://leetcode.com/problems/dice-roll-simulation
1229,Meeting Scheduler,Line Sweep,53.1%,Medium,4.27535,https://leetcode.com/problems/meeting-scheduler
1231,Divide Chocolate,"Binary Search, Greedy",52.6%,Hard,43.464,https://leetcode.com/problems/divide-chocolate
1235,Maximum Profit in Job Scheduling,"Binary Search, Dynamic Programming, Sort",44.2%,Hard,3.18391,https://leetcode.com/problems/maximum-profit-in-job-scheduling
1237,Find Positive Integer Solution for a Given Equation,"Math, Binary Search",69.3%,Easy,2.46958,https://leetcode.com/problems/find-positive-integer-solution-for-a-given-equation
1240,Tiling a Rectangle with the Fewest Squares,"Dynamic Programming, Backtracking",50.3%,Hard,35.6729,https://leetcode.com/problems/tiling-a-rectangle-with-the-fewest-squares
1244,Design A Leaderboard,"Hash Table, Sort, Design",61.8%,Medium,6.4713,https://leetcode.com/problems/design-a-leaderboard
1254,Number of Closed Islands,Depth-first Search,60.8%,Medium,2.94526,https://leetcode.com/problems/number-of-closed-islands
1265,Print Immutable Linked List in Reverse,,94.5%,Medium,3.98619,https://leetcode.com/problems/print-immutable-linked-list-in-reverse
1277,Count Square Submatrices with All Ones,"Array, Dynamic Programming",73.2%,Medium,3.30152,https://leetcode.com/problems/count-square-submatrices-with-all-ones
1292,Maximum Side Length of a Square with Sum Less than or Equal to Threshold,"Array, Binary Search",48.9%,Medium,8.75012,https://leetcode.com/problems/maximum-side-length-of-a-square-with-sum-less-than-or-equal-to-threshold
1293,Shortest Path in a Grid with Obstacles Elimination,Breadth-first Search,42.6%,Hard,28.0945,https://leetcode.com/problems/shortest-path-in-a-grid-with-obstacles-elimination
1296,Divide Array in Sets of K Consecutive Numbers,"Array, Greedy",54.3%,Medium,57.6475,https://leetcode.com/problems/divide-array-in-sets-of-k-consecutive-numbers
1312,Minimum Insertion Steps to Make a String Palindrome,Dynamic Programming,58.3%,Hard,13.8309,https://leetcode.com/problems/minimum-insertion-steps-to-make-a-string-palindrome
1320,Minimum Distance to Type a Word Using Two Fingers,Dynamic Programming,62.5%,Hard,20.909,https://leetcode.com/problems/minimum-distance-to-type-a-word-using-two-fingers
1326,Minimum Number of Taps to Open to Water a Garden,"Dynamic Programming, Greedy",43.9%,Hard,17.4565,https://leetcode.com/problems/minimum-number-of-taps-to-open-to-water-a-garden
1342,Number of Steps to Reduce a Number to Zero,Bit Manipulation,86.2%,Easy,0.653221,https://leetcode.com/problems/number-of-steps-to-reduce-a-number-to-zero
1345,Jump Game IV,Breadth-first Search,38.7%,Hard,37.4749,https://leetcode.com/problems/jump-game-iv
1352,Product of the Last K Numbers,"Array, Design",44.0%,Medium,5.30593,https://leetcode.com/problems/product-of-the-last-k-numbers
1366,Rank Teams by Votes,"Array, Sort",53.9%,Medium,2.57757,https://leetcode.com/problems/rank-teams-by-votes
1368,Minimum Cost to Make at Least One Valid Path in a Grid,Breadth-first Search,54.6%,Hard,27.4297,https://leetcode.com/problems/minimum-cost-to-make-at-least-one-valid-path-in-a-grid
1376,Time Needed to Inform All Employees,Depth-first Search,55.7%,Medium,50.7068,https://leetcode.com/problems/time-needed-to-inform-all-employees
1377,Frog Position After T Seconds,Depth-first Search,33.7%,Hard,12.7998,https://leetcode.com/problems/frog-position-after-t-seconds
1406,Stone Game III,Dynamic Programming,56.6%,Hard,20.2466,https://leetcode.com/problems/stone-game-iii
1423,Maximum Points You Can Obtain from Cards,"Array, Dynamic Programming, Sliding Window",43.5%,Medium,67.2563,https://leetcode.com/problems/maximum-points-you-can-obtain-from-cards
1438,Longest Continuous Subarray With Absolute Diff Less Than or Equal to Limit,"Array, Sliding Window",42.8%,Medium,100.0,https://leetcode.com/problems/longest-continuous-subarray-with-absolute-diff-less-than-or-equal-to-limit
1444,Number of Ways of Cutting a Pizza,Dynamic Programming,52.6%,Hard,26.98,https://leetcode.com/problems/number-of-ways-of-cutting-a-pizza
1463,Cherry Pickup II,Dynamic Programming,65.5%,Hard,28.11,https://leetcode.com/problems/cherry-pickup-ii
1466,Reorder Routes to Make All Paths Lead to the City Zero,"Tree, Depth-first Search",62.4%,Medium,10.5365,https://leetcode.com/problems/reorder-routes-to-make-all-paths-lead-to-the-city-zero
1477,Find Two Non-overlapping Sub-arrays Each With Target Sum,Dynamic Programming,30.9%,Medium,50.9656,https://leetcode.com/problems/find-two-non-overlapping-sub-arrays-each-with-target-sum
1504,Count Submatrices With All Ones,Dynamic Programming,62.1%,Medium,14.4187,https://leetcode.com/problems/count-submatrices-with-all-ones
1548,The Most Similar Path in a Graph,"Dynamic Programming, Graph",57.0%,Hard,32.4671,https://leetcode.com/problems/the-most-similar-path-in-a-graph
