Id,Title,Tags,Acceptance,Difficulty,Frequency,Link
1,Two Sum,"Array, Hash Table",45.7%,Easy,74.3388,https://leetcode.com/problems/two-sum
2,Add Two Numbers,"Linked List, Math",34.1%,Medium,14.6477,https://leetcode.com/problems/add-two-numbers
3,Longest Substring Without Repeating Characters,"Hash Table, Two Pointers, String, Sliding Window",30.5%,Medium,6.55089,https://leetcode.com/problems/longest-substring-without-repeating-characters
4,Median of Two Sorted Arrays,"Array, Binary Search, Divide and Conquer",29.8%,Hard,6.93107,https://leetcode.com/problems/median-of-two-sorted-arrays
5,Longest Palindromic Substring,"String, Dynamic Programming",29.6%,Medium,4.99561,https://leetcode.com/problems/longest-palindromic-substring
6,ZigZag Conversion,String,36.6%,Medium,0.329808,https://leetcode.com/problems/zigzag-conversion
7,Reverse Integer,Math,25.8%,Easy,0.488565,https://leetcode.com/problems/reverse-integer
8,String to Integer (atoi),"Math, String",15.4%,Medium,1.02417,https://leetcode.com/problems/string-to-integer-atoi
9,Palindrome Number,Math,48.6%,Easy,3.14625,https://leetcode.com/problems/palindrome-number
10,Regular Expression Matching,"String, Dynamic Programming, Backtracking",26.9%,Hard,9.89544,https://leetcode.com/problems/regular-expression-matching
11,Container With Most Water,"Array, Two Pointers",51.1%,Medium,0.513664,https://leetcode.com/problems/container-with-most-water
12,Integer to Roman,"Math, String",55.3%,Medium,1.45471,https://leetcode.com/problems/integer-to-roman
13,Roman to Integer,"Math, String",55.9%,Easy,0.145311,https://leetcode.com/problems/roman-to-integer
14,Longest Common Prefix,String,35.5%,Easy,2.76988,https://leetcode.com/problems/longest-common-prefix
15,3Sum,"Array, Two Pointers",27.0%,Medium,7.21531,https://leetcode.com/problems/3sum
16,3Sum Closest,"Array, Two Pointers",46.0%,Medium,2.87992,https://leetcode.com/problems/3sum-closest
17,Letter Combinations of a Phone Number,"String, Backtracking",47.1%,Medium,6.19748,https://leetcode.com/problems/letter-combinations-of-a-phone-number
20,Valid Parentheses,"String, Stack",39.1%,Easy,2.62689,https://leetcode.com/problems/valid-parentheses
21,Merge Two Sorted Lists,Linked List,53.9%,Easy,3.67709,https://leetcode.com/problems/merge-two-sorted-lists
22,Generate Parentheses,"String, Backtracking",63.1%,Medium,2.24078,https://leetcode.com/problems/generate-parentheses
23,Merge k Sorted Lists,"Linked List, Divide and Conquer, Heap",40.6%,Hard,8.10528,https://leetcode.com/problems/merge-k-sorted-lists
24,Swap Nodes in Pairs,Linked List,50.8%,Medium,0.611639,https://leetcode.com/problems/swap-nodes-in-pairs
26,Remove Duplicates from Sorted Array,"Array, Two Pointers",45.4%,Easy,0.0794463,https://leetcode.com/problems/remove-duplicates-from-sorted-array
28,Implement strStr(),"Two Pointers, String",34.6%,Easy,0.166281,https://leetcode.com/problems/implement-strstr
29,Divide Two Integers,"Math, Binary Search",16.4%,Medium,0.284188,https://leetcode.com/problems/divide-two-integers
30,Substring with Concatenation of All Words,"Hash Table, Two Pointers, String",25.5%,Hard,2.30813,https://leetcode.com/problems/substring-with-concatenation-of-all-words
31,Next Permutation,Array,32.7%,Medium,4.76594,https://leetcode.com/problems/next-permutation
32,Longest Valid Parentheses,"String, Dynamic Programming",28.5%,Hard,0.379922,https://leetcode.com/problems/longest-valid-parentheses
33,Search in Rotated Sorted Array,"Array, Binary Search",34.7%,Medium,4.0787,https://leetcode.com/problems/search-in-rotated-sorted-array
34,Find First and Last Position of Element in Sorted Array,"Array, Binary Search",36.3%,Medium,9.07271,https://leetcode.com/problems/find-first-and-last-position-of-element-in-sorted-array
35,Search Insert Position,"Array, Binary Search",42.7%,Easy,0.203372,https://leetcode.com/problems/search-insert-position
36,Valid Sudoku,Hash Table,49.1%,Medium,3.77601,https://leetcode.com/problems/valid-sudoku
37,Sudoku Solver,"Hash Table, Backtracking",44.0%,Hard,0.806183,https://leetcode.com/problems/sudoku-solver
38,Count and Say,String,44.9%,Easy,1.37573,https://leetcode.com/problems/count-and-say
39,Combination Sum,"Array, Backtracking",56.5%,Medium,0.564732,https://leetcode.com/problems/combination-sum
40,Combination Sum II,"Array, Backtracking",48.6%,Medium,0.43862,https://leetcode.com/problems/combination-sum-ii
41,First Missing Positive,Array,32.2%,Hard,4.49247,https://leetcode.com/problems/first-missing-positive
42,Trapping Rain Water,"Array, Two Pointers, Stack",49.2%,Hard,6.25841,https://leetcode.com/problems/trapping-rain-water
43,Multiply Strings,"Math, String",34.1%,Medium,4.84851,https://leetcode.com/problems/multiply-strings
44,Wildcard Matching,"String, Dynamic Programming, Backtracking, Greedy",24.8%,Hard,0.53833,https://leetcode.com/problems/wildcard-matching
45,Jump Game II,"Array, Greedy",30.7%,Hard,4.79643,https://leetcode.com/problems/jump-game-ii
46,Permutations,Backtracking,64.0%,Medium,2.77063,https://leetcode.com/problems/permutations
48,Rotate Image,Array,57.3%,Medium,0.200332,https://leetcode.com/problems/rotate-image
49,Group Anagrams,"Hash Table, String",57.3%,Medium,2.56082,https://leetcode.com/problems/group-anagrams
50,"Pow(x, n)","Math, Binary Search",30.5%,Medium,1.98665,https://leetcode.com/problems/powx-n
51,N-Queens,Backtracking,47.1%,Hard,0.743511,https://leetcode.com/problems/n-queens
53,Maximum Subarray,"Array, Divide and Conquer, Dynamic Programming",46.7%,Easy,19.3449,https://leetcode.com/problems/maximum-subarray
54,Spiral Matrix,Array,34.3%,Medium,1.53594,https://leetcode.com/problems/spiral-matrix
55,Jump Game,"Array, Greedy",34.7%,Medium,0.879312,https://leetcode.com/problems/jump-game
56,Merge Intervals,"Array, Sort",39.5%,Medium,12.483,https://leetcode.com/problems/merge-intervals
57,Insert Interval,"Array, Sort",33.7%,Hard,28.4787,https://leetcode.com/problems/insert-interval
59,Spiral Matrix II,Array,54.3%,Medium,1.43337,https://leetcode.com/problems/spiral-matrix-ii
60,Permutation Sequence,"Math, Backtracking",38.6%,Hard,1.24001,https://leetcode.com/problems/permutation-sequence
62,Unique Paths,"Array, Dynamic Programming",54.4%,Medium,0.463232,https://leetcode.com/problems/unique-paths
63,Unique Paths II,"Array, Dynamic Programming",34.7%,Medium,4.55287,https://leetcode.com/problems/unique-paths-ii
64,Minimum Path Sum,"Array, Dynamic Programming",54.8%,Medium,7.50103,https://leetcode.com/problems/minimum-path-sum
65,Valid Number,"Math, String",15.4%,Hard,2.32142,https://leetcode.com/problems/valid-number
66,Plus One,Array,43.0%,Easy,6.08525,https://leetcode.com/problems/plus-one
67,Add Binary,"Math, String",45.5%,Easy,1.63398,https://leetcode.com/problems/add-binary
68,Text Justification,String,28.0%,Hard,29.5059,https://leetcode.com/problems/text-justification
69,Sqrt(x),"Math, Binary Search",34.1%,Easy,0.220462,https://leetcode.com/problems/sqrtx
70,Climbing Stairs,Dynamic Programming,47.9%,Easy,0.787317,https://leetcode.com/problems/climbing-stairs
72,Edit Distance,"String, Dynamic Programming",45.1%,Hard,13.3996,https://leetcode.com/problems/edit-distance
75,Sort Colors,"Array, Two Pointers, Sort",47.6%,Medium,0.216371,https://leetcode.com/problems/sort-colors
76,Minimum Window Substring,"Hash Table, Two Pointers, String, Sliding Window",34.9%,Hard,17.7783,https://leetcode.com/problems/minimum-window-substring
77,Combinations,Backtracking,55.1%,Medium,1.26559,https://leetcode.com/problems/combinations
78,Subsets,"Array, Backtracking, Bit Manipulation",62.5%,Medium,3.30949,https://leetcode.com/problems/subsets
79,Word Search,"Array, Backtracking",35.8%,Medium,4.53551,https://leetcode.com/problems/word-search
82,Remove Duplicates from Sorted List II,Linked List,37.1%,Medium,0.565525,https://leetcode.com/problems/remove-duplicates-from-sorted-list-ii
84,Largest Rectangle in Histogram,"Array, Stack",35.5%,Hard,2.65043,https://leetcode.com/problems/largest-rectangle-in-histogram
85,Maximal Rectangle,"Array, Hash Table, Dynamic Programming, Stack",38.0%,Hard,32.1296,https://leetcode.com/problems/maximal-rectangle
88,Merge Sorted Array,"Array, Two Pointers",39.6%,Easy,0.498648,https://leetcode.com/problems/merge-sorted-array
91,Decode Ways,"String, Dynamic Programming",24.9%,Medium,3.97764,https://leetcode.com/problems/decode-ways
94,Binary Tree Inorder Traversal,"Hash Table, Stack, Tree",63.8%,Medium,1.99966,https://leetcode.com/problems/binary-tree-inorder-traversal
96,Unique Binary Search Trees,"Dynamic Programming, Tree",53.2%,Medium,6.77553,https://leetcode.com/problems/unique-binary-search-trees
97,Interleaving String,"String, Dynamic Programming",31.7%,Hard,3.68274,https://leetcode.com/problems/interleaving-string
98,Validate Binary Search Tree,"Tree, Depth-first Search",27.9%,Medium,0.499533,https://leetcode.com/problems/validate-binary-search-tree
99,Recover Binary Search Tree,"Tree, Depth-first Search",40.0%,Hard,5.66271,https://leetcode.com/problems/recover-binary-search-tree
101,Symmetric Tree,"Tree, Depth-first Search, Breadth-first Search",47.1%,Easy,0.932919,https://leetcode.com/problems/symmetric-tree
103,Binary Tree Zigzag Level Order Traversal,"Stack, Tree, Breadth-first Search",48.6%,Medium,0.252179,https://leetcode.com/problems/binary-tree-zigzag-level-order-traversal
104,Maximum Depth of Binary Tree,"Tree, Depth-first Search",66.3%,Easy,0.476489,https://leetcode.com/problems/maximum-depth-of-binary-tree
105,Construct Binary Tree from Preorder and Inorder Traversal,"Array, Tree, Depth-first Search",49.3%,Medium,4.23348,https://leetcode.com/problems/construct-binary-tree-from-preorder-and-inorder-traversal
108,Convert Sorted Array to Binary Search Tree,"Tree, Depth-first Search",58.4%,Easy,0.254985,https://leetcode.com/problems/convert-sorted-array-to-binary-search-tree
109,Convert Sorted List to Binary Search Tree,"Linked List, Depth-first Search",48.1%,Medium,0.655019,https://leetcode.com/problems/convert-sorted-list-to-binary-search-tree
110,Balanced Binary Tree,"Tree, Depth-first Search",43.7%,Easy,1.3077,https://leetcode.com/problems/balanced-binary-tree
113,Path Sum II,"Tree, Depth-first Search",47.1%,Medium,0.826012,https://leetcode.com/problems/path-sum-ii
114,Flatten Binary Tree to Linked List,"Tree, Depth-first Search",49.7%,Medium,0.375434,https://leetcode.com/problems/flatten-binary-tree-to-linked-list
115,Distinct Subsequences,"String, Dynamic Programming",38.5%,Hard,3.99462,https://leetcode.com/problems/distinct-subsequences
116,Populating Next Right Pointers in Each Node,"Tree, Depth-first Search",45.7%,Medium,1.33631,https://leetcode.com/problems/populating-next-right-pointers-in-each-node
117,Populating Next Right Pointers in Each Node II,"Tree, Depth-first Search",39.5%,Medium,2.06179,https://leetcode.com/problems/populating-next-right-pointers-in-each-node-ii
118,Pascal's Triangle,Array,52.9%,Easy,1.15293,https://leetcode.com/problems/pascals-triangle
121,Best Time to Buy and Sell Stock,"Array, Dynamic Programming",50.6%,Easy,1.76958,https://leetcode.com/problems/best-time-to-buy-and-sell-stock
122,Best Time to Buy and Sell Stock II,"Array, Greedy",57.2%,Easy,0.3489,https://leetcode.com/problems/best-time-to-buy-and-sell-stock-ii
124,Binary Tree Maximum Path Sum,"Tree, Depth-first Search",34.5%,Hard,6.77191,https://leetcode.com/problems/binary-tree-maximum-path-sum
125,Valid Palindrome,"Two Pointers, String",36.9%,Easy,0.140844,https://leetcode.com/problems/valid-palindrome
127,Word Ladder,Breadth-first Search,29.9%,Medium,15.3494,https://leetcode.com/problems/word-ladder
128,Longest Consecutive Sequence,"Array, Union Find",45.3%,Hard,8.70524,https://leetcode.com/problems/longest-consecutive-sequence
130,Surrounded Regions,"Depth-first Search, Breadth-first Search, Union Find",28.3%,Medium,3.45269,https://leetcode.com/problems/surrounded-regions
131,Palindrome Partitioning,Backtracking,48.0%,Medium,0.565525,https://leetcode.com/problems/palindrome-partitioning
132,Palindrome Partitioning II,Dynamic Programming,30.4%,Hard,1.06852,https://leetcode.com/problems/palindrome-partitioning-ii
133,Clone Graph,"Depth-first Search, Breadth-first Search, Graph",35.4%,Medium,5.0932,https://leetcode.com/problems/clone-graph
134,Gas Station,Greedy,38.8%,Medium,5.33345,https://leetcode.com/problems/gas-station
136,Single Number,"Hash Table, Bit Manipulation",65.7%,Easy,0.77723,https://leetcode.com/problems/single-number
137,Single Number II,Bit Manipulation,52.6%,Medium,4.42458,https://leetcode.com/problems/single-number-ii
138,Copy List with Random Pointer,"Hash Table, Linked List",37.0%,Medium,0.259862,https://leetcode.com/problems/copy-list-with-random-pointer
139,Word Break,Dynamic Programming,40.3%,Medium,7.64958,https://leetcode.com/problems/word-break
140,Word Break II,"Dynamic Programming, Backtracking",32.9%,Hard,2.97103,https://leetcode.com/problems/word-break-ii
144,Binary Tree Preorder Traversal,"Stack, Tree",56.0%,Medium,0.557909,https://leetcode.com/problems/binary-tree-preorder-traversal
145,Binary Tree Postorder Traversal,"Stack, Tree",55.4%,Medium,0.678166,https://leetcode.com/problems/binary-tree-postorder-traversal
146,LRU Cache,Design,33.5%,Medium,7.69992,https://leetcode.com/problems/lru-cache
149,Max Points on a Line,"Hash Table, Math",17.0%,Hard,5.04022,https://leetcode.com/problems/max-points-on-a-line
150,Evaluate Reverse Polish Notation,Stack,36.6%,Medium,5.5213,https://leetcode.com/problems/evaluate-reverse-polish-notation
152,Maximum Product Subarray,"Array, Dynamic Programming",31.8%,Medium,5.33602,https://leetcode.com/problems/maximum-product-subarray
153,Find Minimum in Rotated Sorted Array,"Array, Binary Search",45.2%,Medium,1.04251,https://leetcode.com/problems/find-minimum-in-rotated-sorted-array
155,Min Stack,"Stack, Design",44.8%,Easy,0.440231,https://leetcode.com/problems/min-stack
157,Read N Characters Given Read4,String,35.3%,Easy,1.32441,https://leetcode.com/problems/read-n-characters-given-read4
158,Read N Characters Given Read4 II - Call multiple times,String,34.2%,Hard,15.2847,https://leetcode.com/problems/read-n-characters-given-read4-ii-call-multiple-times
159,Longest Substring with At Most Two Distinct Characters,"Hash Table, Two Pointers, String, Sliding Window",49.5%,Medium,4.66684,https://leetcode.com/problems/longest-substring-with-at-most-two-distinct-characters
160,Intersection of Two Linked Lists,Linked List,41.1%,Easy,0.45693,https://leetcode.com/problems/intersection-of-two-linked-lists
162,Find Peak Element,"Array, Binary Search",43.4%,Medium,3.2257,https://leetcode.com/problems/find-peak-element
163,Missing Ranges,Array,24.3%,Medium,4.99229,https://leetcode.com/problems/missing-ranges
165,Compare Version Numbers,String,27.6%,Medium,3.28363,https://leetcode.com/problems/compare-version-numbers
166,Fraction to Recurring Decimal,"Hash Table, Math",21.7%,Medium,7.2926,https://leetcode.com/problems/fraction-to-recurring-decimal
167,Two Sum II - Input array is sorted,"Array, Two Pointers, Binary Search",54.3%,Easy,0.230199,https://leetcode.com/problems/two-sum-ii-input-array-is-sorted
168,Excel Sheet Column Title,Math,31.2%,Easy,2.73339,https://leetcode.com/problems/excel-sheet-column-title
169,Majority Element,"Array, Divide and Conquer, Bit Manipulation",58.9%,Easy,1.79117,https://leetcode.com/problems/majority-element
171,Excel Sheet Column Number,Math,56.2%,Easy,0.0773078,https://leetcode.com/problems/excel-sheet-column-number
173,Binary Search Tree Iterator,"Stack, Tree, Design",57.1%,Medium,8.88151,https://leetcode.com/problems/binary-search-tree-iterator
174,Dungeon Game,"Binary Search, Dynamic Programming",32.5%,Hard,10.6919,https://leetcode.com/problems/dungeon-game
177,Nth Highest Salary,,31.6%,Medium,0.632112,https://leetcode.com/problems/nth-highest-salary
181,Employees Earning More Than Their Managers,,57.4%,Easy,0.57729,https://leetcode.com/problems/employees-earning-more-than-their-managers
188,Best Time to Buy and Sell Stock IV,Dynamic Programming,28.1%,Hard,2.67947,https://leetcode.com/problems/best-time-to-buy-and-sell-stock-iv
190,Reverse Bits,Bit Manipulation,40.2%,Easy,1.19207,https://leetcode.com/problems/reverse-bits
192,Word Frequency,,25.8%,Medium,4.99229,https://leetcode.com/problems/word-frequency
198,House Robber,Dynamic Programming,42.1%,Easy,10.1293,https://leetcode.com/problems/house-robber
200,Number of Islands,"Depth-first Search, Breadth-first Search, Union Find",47.1%,Medium,10.6127,https://leetcode.com/problems/number-of-islands
202,Happy Number,"Hash Table, Math",50.6%,Easy,3.21367,https://leetcode.com/problems/happy-number
203,Remove Linked List Elements,Linked List,38.8%,Easy,0.306133,https://leetcode.com/problems/remove-linked-list-elements
204,Count Primes,"Hash Table, Math",31.6%,Easy,0.306705,https://leetcode.com/problems/count-primes
205,Isomorphic Strings,Hash Table,39.9%,Easy,4.40631,https://leetcode.com/problems/isomorphic-strings
206,Reverse Linked List,Linked List,63.0%,Easy,1.46159,https://leetcode.com/problems/reverse-linked-list
207,Course Schedule,"Depth-first Search, Breadth-first Search, Graph, Topological Sort",43.3%,Medium,0.902679,https://leetcode.com/problems/course-schedule
208,Implement Trie (Prefix Tree),"Design, Trie",49.9%,Medium,6.79148,https://leetcode.com/problems/implement-trie-prefix-tree
209,Minimum Size Subarray Sum,"Array, Two Pointers, Binary Search",38.4%,Medium,15.6954,https://leetcode.com/problems/minimum-size-subarray-sum
210,Course Schedule II,"Depth-first Search, Breadth-first Search, Graph, Topological Sort",41.0%,Medium,6.99155,https://leetcode.com/problems/course-schedule-ii
211,Design Add and Search Words Data Structure,"Backtracking, Design, Trie",38.3%,Medium,1.67059,https://leetcode.com/problems/design-add-and-search-words-data-structure
212,Word Search II,"Backtracking, Trie",35.1%,Hard,5.9699,https://leetcode.com/problems/word-search-ii
214,Shortest Palindrome,String,29.9%,Hard,1.3808,https://leetcode.com/problems/shortest-palindrome
215,Kth Largest Element in an Array,"Divide and Conquer, Heap",55.8%,Medium,3.61262,https://leetcode.com/problems/kth-largest-element-in-an-array
216,Combination Sum III,"Array, Backtracking",56.9%,Medium,0.902575,https://leetcode.com/problems/combination-sum-iii
218,The Skyline Problem,"Divide and Conquer, Heap, Binary Indexed Tree, Segment Tree, Line Sweep",34.7%,Hard,9.44594,https://leetcode.com/problems/the-skyline-problem
219,Contains Duplicate II,"Array, Hash Table",37.9%,Easy,2.45109,https://leetcode.com/problems/contains-duplicate-ii
220,Contains Duplicate III,"Sort, Ordered Map",21.4%,Medium,0.0884798,https://leetcode.com/problems/contains-duplicate-iii
221,Maximal Square,Dynamic Programming,37.8%,Medium,29.1996,https://leetcode.com/problems/maximal-square
222,Count Complete Tree Nodes,"Binary Search, Tree",47.2%,Medium,42.7061,https://leetcode.com/problems/count-complete-tree-nodes
224,Basic Calculator,"Math, Stack",37.1%,Hard,7.71949,https://leetcode.com/problems/basic-calculator
226,Invert Binary Tree,Tree,65.3%,Easy,6.01437,https://leetcode.com/problems/invert-binary-tree
227,Basic Calculator II,String,37.1%,Medium,1.01727,https://leetcode.com/problems/basic-calculator-ii
228,Summary Ranges,Array,39.7%,Medium,5.48624,https://leetcode.com/problems/summary-ranges
229,Majority Element II,Array,35.8%,Medium,0.760149,https://leetcode.com/problems/majority-element-ii
234,Palindrome Linked List,"Linked List, Two Pointers",39.5%,Easy,0.42156,https://leetcode.com/problems/palindrome-linked-list
236,Lowest Common Ancestor of a Binary Tree,Tree,46.2%,Medium,4.0401,https://leetcode.com/problems/lowest-common-ancestor-of-a-binary-tree
237,Delete Node in a Linked List,Linked List,64.4%,Easy,0.484602,https://leetcode.com/problems/delete-node-in-a-linked-list
238,Product of Array Except Self,Array,60.3%,Medium,1.93824,https://leetcode.com/problems/product-of-array-except-self
239,Sliding Window Maximum,"Heap, Sliding Window",43.4%,Hard,5.71753,https://leetcode.com/problems/sliding-window-maximum
240,Search a 2D Matrix II,"Binary Search, Divide and Conquer",43.3%,Medium,1.2404,https://leetcode.com/problems/search-a-2d-matrix-ii
241,Different Ways to Add Parentheses,Divide and Conquer,55.5%,Medium,1.71047,https://leetcode.com/problems/different-ways-to-add-parentheses
242,Valid Anagram,"Hash Table, Sort",57.1%,Easy,1.11728,https://leetcode.com/problems/valid-anagram
243,Shortest Word Distance,Array,61.1%,Easy,1.93949,https://leetcode.com/problems/shortest-word-distance
246,Strobogrammatic Number,"Hash Table, Math",45.1%,Easy,5.70904,https://leetcode.com/problems/strobogrammatic-number
247,Strobogrammatic Number II,"Math, Recursion",47.8%,Medium,8.47694,https://leetcode.com/problems/strobogrammatic-number-ii
248,Strobogrammatic Number III,"Math, Recursion",39.7%,Hard,23.9145,https://leetcode.com/problems/strobogrammatic-number-iii
249,Group Shifted Strings,"Hash Table, String",55.7%,Medium,2.6536,https://leetcode.com/problems/group-shifted-strings
250,Count Univalue Subtrees,Tree,52.2%,Medium,5.82306,https://leetcode.com/problems/count-univalue-subtrees
252,Meeting Rooms,Sort,54.7%,Easy,0.841655,https://leetcode.com/problems/meeting-rooms
253,Meeting Rooms II,"Heap, Greedy, Sort",45.8%,Medium,15.0586,https://leetcode.com/problems/meeting-rooms-ii
257,Binary Tree Paths,"Tree, Depth-first Search",51.8%,Easy,0.449836,https://leetcode.com/problems/binary-tree-paths
259,3Sum Smaller,"Array, Two Pointers",47.8%,Medium,4.17286,https://leetcode.com/problems/3sum-smaller
267,Palindrome Permutation II,Backtracking,36.5%,Medium,4.67238,https://leetcode.com/problems/palindrome-permutation-ii
269,Alien Dictionary,"Graph, Topological Sort",33.3%,Hard,8.39323,https://leetcode.com/problems/alien-dictionary
271,Encode and Decode Strings,String,31.7%,Medium,24.0468,https://leetcode.com/problems/encode-and-decode-strings
273,Integer to English Words,"Math, String",27.2%,Hard,0.585351,https://leetcode.com/problems/integer-to-english-words
274,H-Index,"Hash Table, Sort",36.3%,Medium,0.75581,https://leetcode.com/problems/h-index
276,Paint Fence,Dynamic Programming,38.4%,Easy,6.56755,https://leetcode.com/problems/paint-fence
278,First Bad Version,Binary Search,36.0%,Easy,0.920605,https://leetcode.com/problems/first-bad-version
279,Perfect Squares,"Math, Dynamic Programming, Breadth-first Search",47.6%,Medium,4.34143,https://leetcode.com/problems/perfect-squares
280,Wiggle Sort,"Array, Sort",63.9%,Medium,4.51292,https://leetcode.com/problems/wiggle-sort
282,Expression Add Operators,Divide and Conquer,35.7%,Hard,4.61759,https://leetcode.com/problems/expression-add-operators
283,Move Zeroes,"Array, Two Pointers",58.0%,Easy,1.07026,https://leetcode.com/problems/move-zeroes
284,Peeking Iterator,Design,46.1%,Medium,5.93725,https://leetcode.com/problems/peeking-iterator
285,Inorder Successor in BST,Tree,40.8%,Medium,0.915578,https://leetcode.com/problems/inorder-successor-in-bst
286,Walls and Gates,Breadth-first Search,54.9%,Medium,9.01259,https://leetcode.com/problems/walls-and-gates
287,Find the Duplicate Number,"Array, Two Pointers, Binary Search",55.9%,Medium,1.96987,https://leetcode.com/problems/find-the-duplicate-number
289,Game of Life,Array,54.9%,Medium,0.725443,https://leetcode.com/problems/game-of-life
292,Nim Game,"Brainteaser, Minimax",54.9%,Easy,0.995621,https://leetcode.com/problems/nim-game
295,Find Median from Data Stream,"Heap, Design",44.8%,Hard,20.9727,https://leetcode.com/problems/find-median-from-data-stream
296,Best Meeting Point,"Math, Sort",57.6%,Hard,16.9699,https://leetcode.com/problems/best-meeting-point
297,Serialize and Deserialize Binary Tree,"Tree, Design",47.8%,Hard,2.68739,https://leetcode.com/problems/serialize-and-deserialize-binary-tree
298,Binary Tree Longest Consecutive Sequence,Tree,47.3%,Medium,11.3408,https://leetcode.com/problems/binary-tree-longest-consecutive-sequence
299,Bulls and Cows,Hash Table,42.5%,Easy,56.5181,https://leetcode.com/problems/bulls-and-cows
300,Longest Increasing Subsequence,"Binary Search, Dynamic Programming",42.7%,Medium,0.483176,https://leetcode.com/problems/longest-increasing-subsequence
301,Remove Invalid Parentheses,"Depth-first Search, Breadth-first Search",43.5%,Hard,1.5362,https://leetcode.com/problems/remove-invalid-parentheses
303,Range Sum Query - Immutable,Dynamic Programming,45.2%,Easy,1.30163,https://leetcode.com/problems/range-sum-query-immutable
304,Range Sum Query 2D - Immutable,Dynamic Programming,38.9%,Medium,18.4212,https://leetcode.com/problems/range-sum-query-2d-immutable
307,Range Sum Query - Mutable,"Binary Indexed Tree, Segment Tree",35.0%,Medium,6.14356,https://leetcode.com/problems/range-sum-query-mutable
308,Range Sum Query 2D - Mutable,"Binary Indexed Tree, Segment Tree",36.0%,Hard,4.37153,https://leetcode.com/problems/range-sum-query-2d-mutable
309,Best Time to Buy and Sell Stock with Cooldown,Dynamic Programming,47.5%,Medium,0.689398,https://leetcode.com/problems/best-time-to-buy-and-sell-stock-with-cooldown
310,Minimum Height Trees,"Breadth-first Search, Graph",32.4%,Medium,4.44556,https://leetcode.com/problems/minimum-height-trees
311,Sparse Matrix Multiplication,Hash Table,62.2%,Medium,1.28447,https://leetcode.com/problems/sparse-matrix-multiplication
312,Burst Balloons,"Divide and Conquer, Dynamic Programming",52.1%,Hard,1.0639,https://leetcode.com/problems/burst-balloons
314,Binary Tree Vertical Order Traversal,"Depth-first Search, Breadth-first Search",45.5%,Medium,1.47929,https://leetcode.com/problems/binary-tree-vertical-order-traversal
315,Count of Smaller Numbers After Self,"Binary Search, Divide and Conquer, Sort, Binary Indexed Tree, Segment Tree",41.7%,Hard,38.3652,https://leetcode.com/problems/count-of-smaller-numbers-after-self
316,Remove Duplicate Letters,"Stack, Greedy",36.1%,Hard,3.04568,https://leetcode.com/problems/remove-duplicate-letters
317,Shortest Distance from All Buildings,Breadth-first Search,41.7%,Hard,17.2431,https://leetcode.com/problems/shortest-distance-from-all-buildings
318,Maximum Product of Word Lengths,Bit Manipulation,51.4%,Medium,2.96817,https://leetcode.com/problems/maximum-product-of-word-lengths
320,Generalized Abbreviation,"Backtracking, Bit Manipulation",52.3%,Medium,12.3443,https://leetcode.com/problems/generalized-abbreviation
322,Coin Change,Dynamic Programming,35.8%,Medium,1.84025,https://leetcode.com/problems/coin-change
325,Maximum Size Subarray Sum Equals k,Hash Table,46.8%,Medium,11.2951,https://leetcode.com/problems/maximum-size-subarray-sum-equals-k
328,Odd Even Linked List,Linked List,56.0%,Medium,2.84206,https://leetcode.com/problems/odd-even-linked-list
329,Longest Increasing Path in a Matrix,"Depth-first Search, Topological Sort, Memoization",43.6%,Hard,30.3888,https://leetcode.com/problems/longest-increasing-path-in-a-matrix
332,Reconstruct Itinerary,"Depth-first Search, Graph",36.9%,Medium,7.23928,https://leetcode.com/problems/reconstruct-itinerary
334,Increasing Triplet Subsequence,,40.0%,Medium,1.58565,https://leetcode.com/problems/increasing-triplet-subsequence
335,Self Crossing,Math,28.1%,Hard,7.31068,https://leetcode.com/problems/self-crossing
336,Palindrome Pairs,"Hash Table, String, Trie",33.8%,Hard,10.3688,https://leetcode.com/problems/palindrome-pairs
337,House Robber III,"Tree, Depth-first Search",50.7%,Medium,14.5974,https://leetcode.com/problems/house-robber-iii
340,Longest Substring with At Most K Distinct Characters,"Hash Table, String, Sliding Window",44.3%,Hard,12.3944,https://leetcode.com/problems/longest-substring-with-at-most-k-distinct-characters
343,Integer Break,"Math, Dynamic Programming",50.5%,Medium,2.86457,https://leetcode.com/problems/integer-break
344,Reverse String,"Two Pointers, String",68.8%,Easy,0.314495,https://leetcode.com/problems/reverse-string
346,Moving Average from Data Stream,"Design, Queue",71.3%,Easy,25.2005,https://leetcode.com/problems/moving-average-from-data-stream
347,Top K Frequent Elements,"Hash Table, Heap",61.4%,Medium,7.96371,https://leetcode.com/problems/top-k-frequent-elements
349,Intersection of Two Arrays,"Hash Table, Two Pointers, Binary Search, Sort",62.9%,Easy,0.761585,https://leetcode.com/problems/intersection-of-two-arrays
351,Android Unlock Patterns,"Dynamic Programming, Backtracking",48.6%,Medium,13.4868,https://leetcode.com/problems/android-unlock-patterns
352,Data Stream as Disjoint Intervals,"Binary Search, Ordered Map",47.6%,Hard,3.72629,https://leetcode.com/problems/data-stream-as-disjoint-intervals
353,Design Snake Game,"Design, Queue",34.4%,Medium,6.27879,https://leetcode.com/problems/design-snake-game
354,Russian Doll Envelopes,"Binary Search, Dynamic Programming",35.6%,Hard,8.64549,https://leetcode.com/problems/russian-doll-envelopes
358,Rearrange String k Distance Apart,"Hash Table, Heap, Greedy",35.1%,Hard,3.69137,https://leetcode.com/problems/rearrange-string-k-distance-apart
359,Logger Rate Limiter,"Hash Table, Design",70.9%,Easy,65.2175,https://leetcode.com/problems/logger-rate-limiter
360,Sort Transformed Array,"Math, Two Pointers, Sort",49.0%,Medium,6.40598,https://leetcode.com/problems/sort-transformed-array
361,Bomb Enemy,Dynamic Programming,46.1%,Medium,4.62844,https://leetcode.com/problems/bomb-enemy
362,Design Hit Counter,Design,63.9%,Medium,30.897,https://leetcode.com/problems/design-hit-counter
363,Max Sum of Rectangle No Larger Than K,"Binary Search, Dynamic Programming, Queue",37.5%,Hard,49.7087,https://leetcode.com/problems/max-sum-of-rectangle-no-larger-than-k
369,Plus One Linked List,Linked List,58.3%,Medium,10.964,https://leetcode.com/problems/plus-one-linked-list
371,Sum of Two Integers,Bit Manipulation,50.7%,Medium,0.797696,https://leetcode.com/problems/sum-of-two-integers
373,Find K Pairs with Smallest Sums,Heap,36.9%,Medium,2.75934,https://leetcode.com/problems/find-k-pairs-with-smallest-sums
374,Guess Number Higher or Lower,Binary Search,43.3%,Easy,0.649405,https://leetcode.com/problems/guess-number-higher-or-lower
375,Guess Number Higher or Lower II,"Dynamic Programming, Minimax",40.3%,Medium,11.7837,https://leetcode.com/problems/guess-number-higher-or-lower-ii
377,Combination Sum IV,Dynamic Programming,45.4%,Medium,0.907147,https://leetcode.com/problems/combination-sum-iv
378,Kth Smallest Element in a Sorted Matrix,"Binary Search, Heap",54.6%,Medium,6.11662,https://leetcode.com/problems/kth-smallest-element-in-a-sorted-matrix
380,Insert Delete GetRandom O(1),"Array, Hash Table, Design",47.7%,Medium,7.8489,https://leetcode.com/problems/insert-delete-getrandom-o1
382,Linked List Random Node,Reservoir Sampling,52.2%,Medium,2.41799,https://leetcode.com/problems/linked-list-random-node
384,Shuffle an Array,,52.9%,Medium,2.9637,https://leetcode.com/problems/shuffle-an-array
387,First Unique Character in a String,"Hash Table, String",53.4%,Easy,0.414854,https://leetcode.com/problems/first-unique-character-in-a-string
388,Longest Absolute File Path,,41.8%,Medium,2.27554,https://leetcode.com/problems/longest-absolute-file-path
389,Find the Difference,"Hash Table, Bit Manipulation",55.5%,Easy,1.84888,https://leetcode.com/problems/find-the-difference
392,Is Subsequence,"Binary Search, Dynamic Programming, Greedy",49.2%,Easy,4.89873,https://leetcode.com/problems/is-subsequence
393,UTF-8 Validation,Bit Manipulation,37.6%,Medium,9.32143,https://leetcode.com/problems/utf-8-validation
394,Decode String,"Stack, Depth-first Search",50.4%,Medium,21.4485,https://leetcode.com/problems/decode-string
395,Longest Substring with At Least K Repeating Characters,,41.5%,Medium,1.22383,https://leetcode.com/problems/longest-substring-with-at-least-k-repeating-characters
397,Integer Replacement,"Math, Bit Manipulation",33.0%,Medium,2.91114,https://leetcode.com/problems/integer-replacement
399,Evaluate Division,"Union Find, Graph",51.9%,Medium,22.654,https://leetcode.com/problems/evaluate-division
403,Frog Jump,Dynamic Programming,40.0%,Hard,1.1057,https://leetcode.com/problems/frog-jump
406,Queue Reconstruction by Height,Greedy,67.0%,Medium,0.916856,https://leetcode.com/problems/queue-reconstruction-by-height
409,Longest Palindrome,Hash Table,51.8%,Easy,0.797051,https://leetcode.com/problems/longest-palindrome
410,Split Array Largest Sum,"Binary Search, Dynamic Programming",44.8%,Hard,35.7503,https://leetcode.com/problems/split-array-largest-sum
412,Fizz Buzz,,63.2%,Easy,0.0836312,https://leetcode.com/problems/fizz-buzz
415,Add Strings,String,47.7%,Easy,0.333662,https://leetcode.com/problems/add-strings
416,Partition Equal Subset Sum,Dynamic Programming,43.9%,Medium,0.370631,https://leetcode.com/problems/partition-equal-subset-sum
417,Pacific Atlantic Water Flow,"Depth-first Search, Breadth-first Search",41.4%,Medium,10.0817,https://leetcode.com/problems/pacific-atlantic-water-flow
418,Sentence Screen Fitting,Dynamic Programming,32.7%,Medium,6.46209,https://leetcode.com/problems/sentence-screen-fitting
419,Battleships in a Board,,70.2%,Medium,1.47266,https://leetcode.com/problems/battleships-in-a-board
420,Strong Password Checker,,13.7%,Hard,8.0847,https://leetcode.com/problems/strong-password-checker
424,Longest Repeating Character Replacement,"Two Pointers, Sliding Window",47.2%,Medium,7.01793,https://leetcode.com/problems/longest-repeating-character-replacement
428,Serialize and Deserialize N-ary Tree,Tree,59.6%,Hard,13.5879,https://leetcode.com/problems/serialize-and-deserialize-n-ary-tree
430,Flatten a Multilevel Doubly Linked List,"Linked List, Depth-first Search",55.6%,Medium,24.2629,https://leetcode.com/problems/flatten-a-multilevel-doubly-linked-list
432,All O`one Data Structure,Design,32.5%,Hard,3.48866,https://leetcode.com/problems/all-oone-data-structure
435,Non-overlapping Intervals,Greedy,43.4%,Medium,0.626684,https://leetcode.com/problems/non-overlapping-intervals
438,Find All Anagrams in a String,Hash Table,43.6%,Medium,3.97709,https://leetcode.com/problems/find-all-anagrams-in-a-string
442,Find All Duplicates in an Array,Array,67.9%,Medium,0.570914,https://leetcode.com/problems/find-all-duplicates-in-an-array
443,String Compression,String,41.5%,Easy,1.32616,https://leetcode.com/problems/string-compression
444,Sequence Reconstruction,"Graph, Topological Sort",22.6%,Medium,40.1155,https://leetcode.com/problems/sequence-reconstruction
449,Serialize and Deserialize BST,Tree,52.3%,Medium,1.18983,https://leetcode.com/problems/serialize-and-deserialize-bst
456,132 Pattern,Stack,28.9%,Medium,1.30403,https://leetcode.com/problems/132-pattern
459,Repeated Substring Pattern,String,43.1%,Easy,1.79643,https://leetcode.com/problems/repeated-substring-pattern
460,LFU Cache,Design,34.5%,Hard,11.3444,https://leetcode.com/problems/lfu-cache
463,Island Perimeter,Hash Table,65.8%,Easy,2.60334,https://leetcode.com/problems/island-perimeter
465,Optimal Account Balancing,,46.9%,Hard,55.4636,https://leetcode.com/problems/optimal-account-balancing
467,Unique Substrings in Wraparound String,Dynamic Programming,35.7%,Medium,5.14898,https://leetcode.com/problems/unique-substrings-in-wraparound-string
471,Encode String with Shortest Length,Dynamic Programming,47.2%,Hard,16.1619,https://leetcode.com/problems/encode-string-with-shortest-length
480,Sliding Window Median,Sliding Window,37.5%,Hard,13.009,https://leetcode.com/problems/sliding-window-median
482,License Key Formatting,,43.0%,Easy,16.1273,https://leetcode.com/problems/license-key-formatting
485,Max Consecutive Ones,Array,54.3%,Easy,0.193733,https://leetcode.com/problems/max-consecutive-ones
489,Robot Room Cleaner,Depth-first Search,70.8%,Hard,16.1785,https://leetcode.com/problems/robot-room-cleaner
490,The Maze,"Depth-first Search, Breadth-first Search",52.1%,Medium,0.445161,https://leetcode.com/problems/the-maze
496,Next Greater Element I,Stack,64.2%,Easy,0.458845,https://leetcode.com/problems/next-greater-element-i
498,Diagonal Traverse,,48.4%,Medium,2.33365,https://leetcode.com/problems/diagonal-traverse
505,The Maze II,"Depth-first Search, Breadth-first Search",47.8%,Medium,2.85626,https://leetcode.com/problems/the-maze-ii
518,Coin Change 2,,50.4%,Medium,1.30816,https://leetcode.com/problems/coin-change-2
524,Longest Word in Dictionary through Deleting,"Two Pointers, Sort",48.6%,Medium,4.38342,https://leetcode.com/problems/longest-word-in-dictionary-through-deleting
525,Contiguous Array,Hash Table,42.9%,Medium,2.12143,https://leetcode.com/problems/contiguous-array
527,Word Abbreviation,"String, Sort",54.6%,Hard,17.2916,https://leetcode.com/problems/word-abbreviation
528,Random Pick with Weight,"Binary Search, Random",44.1%,Medium,29.0501,https://leetcode.com/problems/random-pick-with-weight
535,Encode and Decode TinyURL,"Hash Table, Math",80.0%,Medium,2.04839,https://leetcode.com/problems/encode-and-decode-tinyurl
540,Single Element in a Sorted Array,,57.9%,Medium,0.969651,https://leetcode.com/problems/single-element-in-a-sorted-array
543,Diameter of Binary Tree,Tree,48.6%,Easy,2.69831,https://leetcode.com/problems/diameter-of-binary-tree
549,Binary Tree Longest Consecutive Sequence II,Tree,47.0%,Medium,13.194,https://leetcode.com/problems/binary-tree-longest-consecutive-sequence-ii
551,Student Attendance Record I,String,46.0%,Easy,7.40984,https://leetcode.com/problems/student-attendance-record-i
552,Student Attendance Record II,Dynamic Programming,36.8%,Hard,55.791,https://leetcode.com/problems/student-attendance-record-ii
554,Brick Wall,Hash Table,50.1%,Medium,2.64174,https://leetcode.com/problems/brick-wall
559,Maximum Depth of N-ary Tree,"Tree, Depth-first Search, Breadth-first Search",68.8%,Easy,1.51157,https://leetcode.com/problems/maximum-depth-of-n-ary-tree
560,Subarray Sum Equals K,"Array, Hash Table",43.8%,Medium,19.8121,https://leetcode.com/problems/subarray-sum-equals-k
562,Longest Line of Consecutive One in Matrix,Array,45.9%,Medium,42.5124,https://leetcode.com/problems/longest-line-of-consecutive-one-in-matrix
567,Permutation in String,"Two Pointers, Sliding Window",44.4%,Medium,1.37427,https://leetcode.com/problems/permutation-in-string
568,Maximum Vacation Days,Dynamic Programming,41.0%,Hard,11.3736,https://leetcode.com/problems/maximum-vacation-days
572,Subtree of Another Tree,Tree,44.2%,Easy,0.434748,https://leetcode.com/problems/subtree-of-another-tree
591,Tag Validator,"String, Stack",34.4%,Hard,23.337,https://leetcode.com/problems/tag-validator
593,Valid Square,Math,43.2%,Medium,35.945,https://leetcode.com/problems/valid-square
604,Design Compressed String Iterator,Design,37.5%,Easy,9.32143,https://leetcode.com/problems/design-compressed-string-iterator
609,Find Duplicate File in System,"Hash Table, String",59.8%,Medium,14.8017,https://leetcode.com/problems/find-duplicate-file-in-system
621,Task Scheduler,"Array, Greedy, Queue",50.4%,Medium,0.392095,https://leetcode.com/problems/task-scheduler
622,Design Circular Queue,"Design, Queue",44.1%,Medium,0.786237,https://leetcode.com/problems/design-circular-queue
630,Course Schedule III,Greedy,33.5%,Hard,2.9907,https://leetcode.com/problems/course-schedule-iii
632,Smallest Range Covering Elements from K Lists,"Hash Table, Two Pointers, String",52.7%,Hard,13.0814,https://leetcode.com/problems/smallest-range-covering-elements-from-k-lists
636,Exclusive Time of Functions,Stack,52.1%,Medium,5.59319,https://leetcode.com/problems/exclusive-time-of-functions
639,Decode Ways II,Dynamic Programming,26.7%,Hard,2.89403,https://leetcode.com/problems/decode-ways-ii
642,Design Search Autocomplete System,"Design, Trie",45.0%,Hard,60.8678,https://leetcode.com/problems/design-search-autocomplete-system
647,Palindromic Substrings,"String, Dynamic Programming",60.9%,Medium,1.61346,https://leetcode.com/problems/palindromic-substrings
652,Find Duplicate Subtrees,Tree,50.4%,Medium,14.3742,https://leetcode.com/problems/find-duplicate-subtrees
654,Maximum Binary Tree,Tree,80.1%,Medium,1.05479,https://leetcode.com/problems/maximum-binary-tree
658,Find K Closest Elements,Binary Search,41.0%,Medium,1.77556,https://leetcode.com/problems/find-k-closest-elements
659,Split Array into Consecutive Subsequences,"Heap, Greedy",43.8%,Medium,75.4207,https://leetcode.com/problems/split-array-into-consecutive-subsequences
662,Maximum Width of Binary Tree,Tree,40.7%,Medium,1.8931,https://leetcode.com/problems/maximum-width-of-binary-tree
665,Non-decreasing Array,Array,19.5%,Easy,1.27542,https://leetcode.com/problems/non-decreasing-array
669,Trim a Binary Search Tree,Tree,63.0%,Easy,0.927648,https://leetcode.com/problems/trim-a-binary-search-tree
678,Valid Parenthesis String,String,31.1%,Medium,1.22612,https://leetcode.com/problems/valid-parenthesis-string
679,24 Game,Depth-first Search,46.5%,Hard,45.9314,https://leetcode.com/problems/24-game
681,Next Closest Time,String,45.1%,Medium,18.2448,https://leetcode.com/problems/next-closest-time
682,Baseball Game,Stack,64.3%,Easy,0.766358,https://leetcode.com/problems/baseball-game
684,Redundant Connection,"Tree, Union Find, Graph",57.7%,Medium,0.902162,https://leetcode.com/problems/redundant-connection
685,Redundant Connection II,"Tree, Depth-first Search, Union Find, Graph",32.5%,Hard,2.2861,https://leetcode.com/problems/redundant-connection-ii
686,Repeated String Match,String,32.4%,Medium,3.20888,https://leetcode.com/problems/repeated-string-match
687,Longest Univalue Path,"Tree, Recursion",36.3%,Easy,1.03267,https://leetcode.com/problems/longest-univalue-path
688,Knight Probability in Chessboard,Dynamic Programming,49.2%,Medium,5.75916,https://leetcode.com/problems/knight-probability-in-chessboard
689,Maximum Sum of 3 Non-Overlapping Subarrays,"Array, Dynamic Programming",46.5%,Hard,2.11662,https://leetcode.com/problems/maximum-sum-of-3-non-overlapping-subarrays
690,Employee Importance,"Hash Table, Depth-first Search, Breadth-first Search",57.4%,Easy,8.57142,https://leetcode.com/problems/employee-importance
692,Top K Frequent Words,"Hash Table, Heap, Trie",52.1%,Medium,6.3916,https://leetcode.com/problems/top-k-frequent-words
695,Max Area of Island,"Array, Depth-first Search",63.0%,Medium,3.28324,https://leetcode.com/problems/max-area-of-island
698,Partition to K Equal Sum Subsets,"Dynamic Programming, Recursion",45.0%,Medium,1.87627,https://leetcode.com/problems/partition-to-k-equal-sum-subsets
702,Search in a Sorted Array of Unknown Size,Binary Search,67.3%,Medium,6.43392,https://leetcode.com/problems/search-in-a-sorted-array-of-unknown-size
703,Kth Largest Element in a Stream,Heap,49.9%,Easy,0.613034,https://leetcode.com/problems/kth-largest-element-in-a-stream
705,Design HashSet,"Hash Table, Design",64.1%,Easy,1.15181,https://leetcode.com/problems/design-hashset
706,Design HashMap,"Hash Table, Design",61.6%,Easy,2.71924,https://leetcode.com/problems/design-hashmap
708,Insert into a Sorted Circular Linked List,Linked List,31.7%,Medium,2.23425,https://leetcode.com/problems/insert-into-a-sorted-circular-linked-list
715,Range Module,"Segment Tree, Ordered Map",38.8%,Hard,19.7687,https://leetcode.com/problems/range-module
717,1-bit and 2-bit Characters,Array,48.5%,Easy,0.766656,https://leetcode.com/problems/1-bit-and-2-bit-characters
719,Find K-th Smallest Pair Distance,"Array, Binary Search, Heap",31.7%,Hard,1.97646,https://leetcode.com/problems/find-k-th-smallest-pair-distance
720,Longest Word in Dictionary,"Hash Table, Trie",48.4%,Easy,6.16512,https://leetcode.com/problems/longest-word-in-dictionary
721,Accounts Merge,"Depth-first Search, Union Find",49.2%,Medium,4.53547,https://leetcode.com/problems/accounts-merge
722,Remove Comments,String,34.7%,Medium,28.8985,https://leetcode.com/problems/remove-comments
723,Candy Crush,"Array, Two Pointers",69.9%,Medium,20.5107,https://leetcode.com/problems/candy-crush
724,Find Pivot Index,Array,44.2%,Easy,1.12235,https://leetcode.com/problems/find-pivot-index
726,Number of Atoms,"Hash Table, Stack, Recursion",49.4%,Hard,15.7196,https://leetcode.com/problems/number-of-atoms
727,Minimum Window Subsequence,"Dynamic Programming, Sliding Window",41.9%,Hard,70.44,https://leetcode.com/problems/minimum-window-subsequence
729,My Calendar I,Array,52.0%,Medium,30.2469,https://leetcode.com/problems/my-calendar-i
731,My Calendar II,Ordered Map,49.4%,Medium,13.0102,https://leetcode.com/problems/my-calendar-ii
732,My Calendar III,"Segment Tree, Ordered Map",60.3%,Hard,5.66793,https://leetcode.com/problems/my-calendar-iii
733,Flood Fill,Depth-first Search,55.4%,Easy,1.97448,https://leetcode.com/problems/flood-fill
735,Asteroid Collision,Stack,41.1%,Medium,2.65043,https://leetcode.com/problems/asteroid-collision
736,Parse Lisp Expression,String,47.6%,Hard,25.457,https://leetcode.com/problems/parse-lisp-expression
737,Sentence Similarity II,"Depth-first Search, Union Find",45.9%,Medium,14.1447,https://leetcode.com/problems/sentence-similarity-ii
739,Daily Temperatures,"Hash Table, Stack",63.7%,Medium,0.36245,https://leetcode.com/problems/daily-temperatures
741,Cherry Pickup,Dynamic Programming,34.0%,Hard,9.03216,https://leetcode.com/problems/cherry-pickup
743,Network Delay Time,"Heap, Depth-first Search, Breadth-first Search, Graph",45.0%,Medium,29.1918,https://leetcode.com/problems/network-delay-time
752,Open the Lock,Breadth-first Search,51.9%,Medium,55.4982,https://leetcode.com/problems/open-the-lock
753,Cracking the Safe,"Math, Depth-first Search",50.8%,Hard,28.6635,https://leetcode.com/problems/cracking-the-safe
759,Employee Free Time,"Heap, Greedy",66.5%,Hard,6.2187,https://leetcode.com/problems/employee-free-time
766,Toeplitz Matrix,Array,65.2%,Easy,1.05029,https://leetcode.com/problems/toeplitz-matrix
767,Reorganize String,"String, Heap, Greedy, Sort",48.9%,Medium,23.3238,https://leetcode.com/problems/reorganize-string
771,Jewels and Stones,Hash Table,86.5%,Easy,0.316002,https://leetcode.com/problems/jewels-and-stones
772,Basic Calculator III,"String, Stack",41.5%,Hard,12.8329,https://leetcode.com/problems/basic-calculator-iii
773,Sliding Puzzle,Breadth-first Search,59.5%,Hard,4.9243,https://leetcode.com/problems/sliding-puzzle
774,Minimize Max Distance to Gas Station,Binary Search,47.2%,Hard,21.6552,https://leetcode.com/problems/minimize-max-distance-to-gas-station
777,Swap Adjacent in LR String,Brainteaser,34.8%,Medium,26.4004,https://leetcode.com/problems/swap-adjacent-in-lr-string
778,Swim in Rising Water,"Binary Search, Heap, Depth-first Search, Union Find",53.3%,Hard,4.13296,https://leetcode.com/problems/swim-in-rising-water
780,Reaching Points,Math,29.6%,Hard,1.74687,https://leetcode.com/problems/reaching-points
785,Is Graph Bipartite?,"Depth-first Search, Breadth-first Search, Graph",47.6%,Medium,1.16943,https://leetcode.com/problems/is-graph-bipartite
791,Custom Sort String,String,65.6%,Medium,1.09464,https://leetcode.com/problems/custom-sort-string
792,Number of Matching Subsequences,Array,47.5%,Medium,26.5721,https://leetcode.com/problems/number-of-matching-subsequences
794,Valid Tic-Tac-Toe State,"Math, Recursion",32.8%,Medium,4.3522,https://leetcode.com/problems/valid-tic-tac-toe-state
801,Minimum Swaps To Make Sequences Increasing,Dynamic Programming,38.9%,Medium,34.6359,https://leetcode.com/problems/minimum-swaps-to-make-sequences-increasing
802,Find Eventual Safe States,"Depth-first Search, Graph",49.1%,Medium,4.47192,https://leetcode.com/problems/find-eventual-safe-states
803,Bricks Falling When Hit,Union Find,31.0%,Hard,14.0796,https://leetcode.com/problems/bricks-falling-when-hit
809,Expressive Words,String,46.9%,Medium,85.0662,https://leetcode.com/problems/expressive-words
814,Binary Tree Pruning,Tree,74.0%,Medium,1.45203,https://leetcode.com/problems/binary-tree-pruning
815,Bus Routes,Breadth-first Search,42.7%,Hard,16.1994,https://leetcode.com/problems/bus-routes
817,Linked List Components,Linked List,57.3%,Medium,9.92183,https://leetcode.com/problems/linked-list-components
818,Race Car,"Dynamic Programming, Heap",39.1%,Hard,12.8854,https://leetcode.com/problems/race-car
821,Shortest Distance to a Character,,67.1%,Easy,2.22416,https://leetcode.com/problems/shortest-distance-to-a-character
830,Positions of Large Groups,Array,49.7%,Easy,5.55419,https://leetcode.com/problems/positions-of-large-groups
833,Find And Replace in String,String,50.6%,Medium,31.2838,https://leetcode.com/problems/find-and-replace-in-string
835,Image Overlap,Array,60.0%,Medium,38.8798,https://leetcode.com/problems/image-overlap
836,Rectangle Overlap,Math,48.4%,Easy,3.85957,https://leetcode.com/problems/rectangle-overlap
837,New 21 Game,Dynamic Programming,34.7%,Medium,24.6976,https://leetcode.com/problems/new-21-game
840,Magic Squares In Grid,Array,37.3%,Easy,8.6808,https://leetcode.com/problems/magic-squares-in-grid
843,Guess the Word,Minimax,46.1%,Hard,95.6503,https://leetcode.com/problems/guess-the-word
844,Backspace String Compare,"Two Pointers, Stack",46.6%,Easy,18.8498,https://leetcode.com/problems/backspace-string-compare
845,Longest Mountain in Array,Two Pointers,37.4%,Medium,12.4925,https://leetcode.com/problems/longest-mountain-in-array
846,Hand of Straights,Ordered Map,54.3%,Medium,76.3668,https://leetcode.com/problems/hand-of-straights
849,Maximize Distance to Closest Person,Array,42.6%,Easy,0.998649,https://leetcode.com/problems/maximize-distance-to-closest-person
850,Rectangle Area II,"Segment Tree, Line Sweep",47.7%,Hard,14.2621,https://leetcode.com/problems/rectangle-area-ii
852,Peak Index in a Mountain Array,Binary Search,71.7%,Easy,3.32852,https://leetcode.com/problems/peak-index-in-a-mountain-array
853,Car Fleet,Sort,42.4%,Medium,9.90653,https://leetcode.com/problems/car-fleet
855,Exam Room,Ordered Map,43.2%,Medium,7.41481,https://leetcode.com/problems/exam-room
862,Shortest Subarray with Sum at Least K,"Binary Search, Queue",24.7%,Hard,24.2022,https://leetcode.com/problems/shortest-subarray-with-sum-at-least-k
871,Minimum Number of Refueling Stops,"Dynamic Programming, Heap",31.4%,Hard,11.0377,https://leetcode.com/problems/minimum-number-of-refueling-stops
886,Possible Bipartition,"Depth-first Search, Graph",44.3%,Medium,1.38663,https://leetcode.com/problems/possible-bipartition
887,Super Egg Drop,"Math, Binary Search, Dynamic Programming",27.1%,Hard,1.51106,https://leetcode.com/problems/super-egg-drop
889,Construct Binary Tree from Preorder and Postorder Traversal,Tree,66.4%,Medium,16.0082,https://leetcode.com/problems/construct-binary-tree-from-preorder-and-postorder-traversal
894,All Possible Full Binary Trees,"Tree, Recursion",75.5%,Medium,9.42203,https://leetcode.com/problems/all-possible-full-binary-trees
895,Maximum Frequency Stack,"Hash Table, Stack",61.5%,Hard,3.6983,https://leetcode.com/problems/maximum-frequency-stack
900,RLE Iterator,Array,53.8%,Medium,15.8023,https://leetcode.com/problems/rle-iterator
901,Online Stock Span,Stack,60.3%,Medium,1.12335,https://leetcode.com/problems/online-stock-span
904,Fruit Into Baskets,Two Pointers,42.5%,Medium,6.45738,https://leetcode.com/problems/fruit-into-baskets
907,Sum of Subarray Minimums,"Array, Stack",32.7%,Medium,2.9078,https://leetcode.com/problems/sum-of-subarray-minimums
909,Snakes and Ladders,Breadth-first Search,38.8%,Medium,1.84676,https://leetcode.com/problems/snakes-and-ladders
911,Online Election,Binary Search,50.5%,Medium,14.8988,https://leetcode.com/problems/online-election
913,Cat and Mouse,"Breadth-first Search, Minimax",31.6%,Hard,8.19423,https://leetcode.com/problems/cat-and-mouse
914,X of a Kind in a Deck of Cards,"Array, Math",35.0%,Easy,17.1341,https://leetcode.com/problems/x-of-a-kind-in-a-deck-of-cards
924,Minimize Malware Spread,"Depth-first Search, Union Find",41.9%,Hard,9.90653,https://leetcode.com/problems/minimize-malware-spread
925,Long Pressed Name,"Two Pointers, String",40.0%,Easy,6.69551,https://leetcode.com/problems/long-pressed-name
931,Minimum Falling Path Sum,Dynamic Programming,62.6%,Medium,1.05819,https://leetcode.com/problems/minimum-falling-path-sum
934,Shortest Bridge,"Depth-first Search, Breadth-first Search",48.6%,Medium,1.39547,https://leetcode.com/problems/shortest-bridge
935,Knight Dialer,Dynamic Programming,45.3%,Medium,3.94967,https://leetcode.com/problems/knight-dialer
939,Minimum Area Rectangle,Hash Table,51.6%,Medium,32.7505,https://leetcode.com/problems/minimum-area-rectangle
941,Valid Mountain Array,Array,32.8%,Easy,0.93469,https://leetcode.com/problems/valid-mountain-array
946,Validate Stack Sequences,Stack,62.6%,Medium,75.2432,https://leetcode.com/problems/validate-stack-sequences
947,Most Stones Removed with Same Row or Column,"Depth-first Search, Union Find",55.3%,Medium,13.4868,https://leetcode.com/problems/most-stones-removed-with-same-row-or-column
949,Largest Time for Given Digits,Math,37.6%,Easy,0.328201,https://leetcode.com/problems/largest-time-for-given-digits
950,Reveal Cards In Increasing Order,Array,74.8%,Medium,6.18234,https://leetcode.com/problems/reveal-cards-in-increasing-order
951,Flip Equivalent Binary Trees,Tree,65.5%,Medium,39.8106,https://leetcode.com/problems/flip-equivalent-binary-trees
958,Check Completeness of a Binary Tree,Tree,52.1%,Medium,1.09769,https://leetcode.com/problems/check-completeness-of-a-binary-tree
963,Minimum Area Rectangle II,"Math, Geometry",51.0%,Medium,7.42102,https://leetcode.com/problems/minimum-area-rectangle-ii
968,Binary Tree Cameras,"Dynamic Programming, Tree, Depth-first Search",37.7%,Hard,4.50833,https://leetcode.com/problems/binary-tree-cameras
973,K Closest Points to Origin,"Divide and Conquer, Heap, Sort",64.0%,Medium,0.537742,https://leetcode.com/problems/k-closest-points-to-origin
977,Squares of a Sorted Array,"Array, Two Pointers",72.2%,Easy,0.352843,https://leetcode.com/problems/squares-of-a-sorted-array
980,Unique Paths III,"Backtracking, Depth-first Search",73.5%,Hard,1.70308,https://leetcode.com/problems/unique-paths-iii
981,Time Based Key-Value Store,"Hash Table, Binary Search",53.1%,Medium,10.7504,https://leetcode.com/problems/time-based-key-value-store
983,Minimum Cost For Tickets,Dynamic Programming,62.5%,Medium,0.124252,https://leetcode.com/problems/minimum-cost-for-tickets
986,Interval List Intersections,Two Pointers,67.5%,Medium,6.09805,https://leetcode.com/problems/interval-list-intersections
987,Vertical Order Traversal of a Binary Tree,"Hash Table, Tree",36.5%,Medium,0.342002,https://leetcode.com/problems/vertical-order-traversal-of-a-binary-tree
989,Add to Array-Form of Integer,Array,44.4%,Easy,3.13399,https://leetcode.com/problems/add-to-array-form-of-integer
992,Subarrays with K Different Integers,"Hash Table, Two Pointers, Sliding Window",49.0%,Hard,1.63658,https://leetcode.com/problems/subarrays-with-k-different-integers
1000,Minimum Cost to Merge Stones,Dynamic Programming,40.1%,Hard,3.51983,https://leetcode.com/problems/minimum-cost-to-merge-stones
1007,Minimum Domino Rotations For Equal Row,"Array, Greedy",50.0%,Medium,100.0,https://leetcode.com/problems/minimum-domino-rotations-for-equal-row
1010,Pairs of Songs With Total Durations Divisible by 60,Array,47.3%,Easy,1.5955,https://leetcode.com/problems/pairs-of-songs-with-total-durations-divisible-by-60
1011,Capacity To Ship Packages Within D Days,"Array, Binary Search",58.7%,Medium,17.0254,https://leetcode.com/problems/capacity-to-ship-packages-within-d-days
1021,Remove Outermost Parentheses,Stack,78.4%,Easy,2.04255,https://leetcode.com/problems/remove-outermost-parentheses
1025,Divisor Game,"Math, Dynamic Programming",66.2%,Easy,0.644941,https://leetcode.com/problems/divisor-game
1027,Longest Arithmetic Subsequence,Dynamic Programming,52.3%,Medium,3.08169,https://leetcode.com/problems/longest-arithmetic-subsequence
1029,Two City Scheduling,Greedy,56.2%,Medium,4.0858,https://leetcode.com/problems/two-city-scheduling
1031,Maximum Sum of Two Non-Overlapping Subarrays,Array,58.0%,Medium,26.2098,https://leetcode.com/problems/maximum-sum-of-two-non-overlapping-subarrays
1032,Stream of Characters,Trie,48.3%,Hard,1.7337,https://leetcode.com/problems/stream-of-characters
1047,Remove All Adjacent Duplicates In String,Stack,69.1%,Easy,1.83729,https://leetcode.com/problems/remove-all-adjacent-duplicates-in-string
1048,Longest String Chain,"Hash Table, Dynamic Programming",54.8%,Medium,30.1059,https://leetcode.com/problems/longest-string-chain
1051,Height Checker,Array,71.5%,Easy,0.455346,https://leetcode.com/problems/height-checker
1055,Shortest Way to Form String,"Dynamic Programming, Greedy",57.0%,Medium,66.7979,https://leetcode.com/problems/shortest-way-to-form-string
1056,Confusing Number,Math,48.3%,Easy,22.202,https://leetcode.com/problems/confusing-number
1057,Campus Bikes,"Greedy, Sort",57.6%,Medium,30.7189,https://leetcode.com/problems/campus-bikes
1060,Missing Element in Sorted Array,Binary Search,54.5%,Medium,25.8075,https://leetcode.com/problems/missing-element-in-sorted-array
1062,Longest Repeating Substring,String,57.4%,Medium,14.5931,https://leetcode.com/problems/longest-repeating-substring
1066,Campus Bikes II,"Dynamic Programming, Backtracking",54.3%,Medium,5.10889,https://leetcode.com/problems/campus-bikes-ii
1074,Number of Submatrices That Sum to Target,"Array, Dynamic Programming, Sliding Window",60.5%,Hard,16.9791,https://leetcode.com/problems/number-of-submatrices-that-sum-to-target
1087,Brace Expansion,Backtracking,62.8%,Medium,22.7445,https://leetcode.com/problems/brace-expansion
1088,Confusing Number II,"Math, Backtracking",44.3%,Hard,91.3006,https://leetcode.com/problems/confusing-number-ii
1091,Shortest Path in Binary Matrix,Breadth-first Search,38.3%,Medium,1.17074,https://leetcode.com/problems/shortest-path-in-binary-matrix
1095,Find in Mountain Array,Binary Search,35.8%,Hard,2.23425,https://leetcode.com/problems/find-in-mountain-array
1096,Brace Expansion II,String,62.2%,Hard,24.1806,https://leetcode.com/problems/brace-expansion-ii
1102,Path With Maximum Minimum Value,"Depth-first Search, Union Find, Graph",49.6%,Medium,6.29665,https://leetcode.com/problems/path-with-maximum-minimum-value
1105,Filling Bookcase Shelves,Dynamic Programming,57.9%,Medium,3.14846,https://leetcode.com/problems/filling-bookcase-shelves
1110,Delete Nodes And Return Forest,"Tree, Depth-first Search",67.2%,Medium,80.7165,https://leetcode.com/problems/delete-nodes-and-return-forest
1122,Relative Sort Array,"Array, Sort",67.6%,Easy,0.933804,https://leetcode.com/problems/relative-sort-array
1123,Lowest Common Ancestor of Deepest Leaves,"Tree, Depth-first Search",66.9%,Medium,1.5007,https://leetcode.com/problems/lowest-common-ancestor-of-deepest-leaves
1125,Smallest Sufficient Team,"Dynamic Programming, Bit Manipulation",46.6%,Hard,14.8894,https://leetcode.com/problems/smallest-sufficient-team
1131,Maximum of Absolute Value Expression,"Math, Bit Manipulation",52.8%,Medium,9.79671,https://leetcode.com/problems/maximum-of-absolute-value-expression
1136,Parallel Courses,"Dynamic Programming, Depth-first Search, Graph",61.3%,Hard,20.3911,https://leetcode.com/problems/parallel-courses
1140,Stone Game II,Dynamic Programming,64.0%,Medium,14.3551,https://leetcode.com/problems/stone-game-ii
1143,Longest Common Subsequence,Dynamic Programming,58.4%,Medium,3.20772,https://leetcode.com/problems/longest-common-subsequence
1145,Binary Tree Coloring Game,"Tree, Depth-first Search",51.3%,Medium,11.3244,https://leetcode.com/problems/binary-tree-coloring-game
1146,Snapshot Array,Array,37.0%,Medium,35.2562,https://leetcode.com/problems/snapshot-array
1153,String Transforms Into Another String,Graph,35.8%,Hard,89.4159,https://leetcode.com/problems/string-transforms-into-another-string
1155,Number of Dice Rolls With Target Sum,Dynamic Programming,48.6%,Medium,6.76582,https://leetcode.com/problems/number-of-dice-rolls-with-target-sum
1157,Online Majority Element In Subarray,"Array, Binary Search, Segment Tree",39.0%,Hard,11.1159,https://leetcode.com/problems/online-majority-element-in-subarray
1168,Optimize Water Distribution in a Village,"Union Find, Graph",61.7%,Hard,22.4352,https://leetcode.com/problems/optimize-water-distribution-in-a-village
1170,Compare Strings by Frequency of the Smallest Character,"Array, String",58.5%,Easy,51.4657,https://leetcode.com/problems/compare-strings-by-frequency-of-the-smallest-character
1179,Reformat Department Table,,81.1%,Easy,1.31887,https://leetcode.com/problems/reformat-department-table
1188,Design Bounded Blocking Queue,,70.6%,Medium,4.56407,https://leetcode.com/problems/design-bounded-blocking-queue
1192,Critical Connections in a Network,Depth-first Search,48.6%,Hard,1.19529,https://leetcode.com/problems/critical-connections-in-a-network
1197,Minimum Knight Moves,Breadth-first Search,36.1%,Medium,23.759,https://leetcode.com/problems/minimum-knight-moves
1203,Sort Items by Groups Respecting Dependencies,"Depth-first Search, Graph, Topological Sort",47.9%,Hard,24.4442,https://leetcode.com/problems/sort-items-by-groups-respecting-dependencies
1209,Remove All Adjacent Duplicates in String II,Stack,57.1%,Medium,8.34497,https://leetcode.com/problems/remove-all-adjacent-duplicates-in-string-ii
1218,Longest Arithmetic Subsequence of Given Difference,"Math, Dynamic Programming",45.0%,Medium,10.3946,https://leetcode.com/problems/longest-arithmetic-subsequence-of-given-difference
1219,Path with Maximum Gold,Backtracking,65.2%,Medium,18.8649,https://leetcode.com/problems/path-with-maximum-gold
1223,Dice Roll Simulation,Dynamic Programming,46.0%,Medium,16.7556,https://leetcode.com/problems/dice-roll-simulation
1229,Meeting Scheduler,Line Sweep,53.1%,Medium,5.04201,https://leetcode.com/problems/meeting-scheduler
1231,Divide Chocolate,"Binary Search, Greedy",52.6%,Hard,71.6833,https://leetcode.com/problems/divide-chocolate
1235,Maximum Profit in Job Scheduling,"Binary Search, Dynamic Programming, Sort",44.2%,Hard,1.71643,https://leetcode.com/problems/maximum-profit-in-job-scheduling
1237,Find Positive Integer Solution for a Given Equation,"Math, Binary Search",69.3%,Easy,2.94646,https://leetcode.com/problems/find-positive-integer-solution-for-a-given-equation
1240,Tiling a Rectangle with the Fewest Squares,"Dynamic Programming, Backtracking",50.3%,Hard,35.9466,https://leetcode.com/problems/tiling-a-rectangle-with-the-fewest-squares
1244,Design A Leaderboard,"Hash Table, Sort, Design",61.8%,Medium,3.48866,https://leetcode.com/problems/design-a-leaderboard
1254,Number of Closed Islands,Depth-first Search,60.8%,Medium,1.58778,https://leetcode.com/problems/number-of-closed-islands
1265,Print Immutable Linked List in Reverse,,94.5%,Medium,8.0847,https://leetcode.com/problems/print-immutable-linked-list-in-reverse
1267,Count Servers that Communicate,"Array, Graph",57.8%,Medium,2.20919,https://leetcode.com/problems/count-servers-that-communicate
1277,Count Square Submatrices with All Ones,"Array, Dynamic Programming",73.2%,Medium,11.4483,https://leetcode.com/problems/count-square-submatrices-with-all-ones
1281,Subtract the Product and Sum of Digits of an Integer,Math,85.3%,Easy,0.460239,https://leetcode.com/problems/subtract-the-product-and-sum-of-digits-of-an-integer
1284,Minimum Number of Flips to Convert Binary Matrix to Zero Matrix,Breadth-first Search,69.5%,Hard,19.702,https://leetcode.com/problems/minimum-number-of-flips-to-convert-binary-matrix-to-zero-matrix
1292,Maximum Side Length of a Square with Sum Less than or Equal to Threshold,"Array, Binary Search",48.9%,Medium,31.7327,https://leetcode.com/problems/maximum-side-length-of-a-square-with-sum-less-than-or-equal-to-threshold
1293,Shortest Path in a Grid with Obstacles Elimination,Breadth-first Search,42.6%,Hard,24.3671,https://leetcode.com/problems/shortest-path-in-a-grid-with-obstacles-elimination
1296,Divide Array in Sets of K Consecutive Numbers,"Array, Greedy",54.3%,Medium,35.2745,https://leetcode.com/problems/divide-array-in-sets-of-k-consecutive-numbers
1312,Minimum Insertion Steps to Make a String Palindrome,Dynamic Programming,58.3%,Hard,7.4562,https://leetcode.com/problems/minimum-insertion-steps-to-make-a-string-palindrome
1313,Decompress Run-Length Encoded List,Array,85.1%,Easy,0.545484,https://leetcode.com/problems/decompress-run-length-encoded-list
1320,Minimum Distance to Type a Word Using Two Fingers,Dynamic Programming,62.5%,Hard,43.1227,https://leetcode.com/problems/minimum-distance-to-type-a-word-using-two-fingers
1325,Delete Leaves With a Given Value,Tree,73.1%,Medium,1.72244,https://leetcode.com/problems/delete-leaves-with-a-given-value
1326,Minimum Number of Taps to Open to Water a Garden,"Dynamic Programming, Greedy",43.9%,Hard,9.41075,https://leetcode.com/problems/minimum-number-of-taps-to-open-to-water-a-garden
1342,Number of Steps to Reduce a Number to Zero,Bit Manipulation,86.2%,Easy,0.352149,https://leetcode.com/problems/number-of-steps-to-reduce-a-number-to-zero
1345,Jump Game IV,Breadth-first Search,38.7%,Hard,20.2026,https://leetcode.com/problems/jump-game-iv
1352,Product of the Last K Numbers,"Array, Design",44.0%,Medium,10.5624,https://leetcode.com/problems/product-of-the-last-k-numbers
1366,Rank Teams by Votes,"Array, Sort",53.9%,Medium,1.38956,https://leetcode.com/problems/rank-teams-by-votes
1368,Minimum Cost to Make at Least One Valid Path in a Grid,Breadth-first Search,54.6%,Hard,14.7873,https://leetcode.com/problems/minimum-cost-to-make-at-least-one-valid-path-in-a-grid
1376,Time Needed to Inform All Employees,Depth-first Search,55.7%,Medium,34.3826,https://leetcode.com/problems/time-needed-to-inform-all-employees
1377,Frog Position After T Seconds,Depth-first Search,33.7%,Hard,6.90031,https://leetcode.com/problems/frog-position-after-t-seconds
1406,Stone Game III,Dynamic Programming,56.6%,Hard,10.9149,https://leetcode.com/problems/stone-game-iii
1423,Maximum Points You Can Obtain from Cards,"Array, Dynamic Programming, Sliding Window",43.5%,Medium,42.3303,https://leetcode.com/problems/maximum-points-you-can-obtain-from-cards
1438,Longest Continuous Subarray With Absolute Diff Less Than or Equal to Limit,"Array, Sliding Window",42.8%,Medium,66.5725,https://leetcode.com/problems/longest-continuous-subarray-with-absolute-diff-less-than-or-equal-to-limit
1444,Number of Ways of Cutting a Pizza,Dynamic Programming,52.6%,Hard,14.5448,https://leetcode.com/problems/number-of-ways-of-cutting-a-pizza
1463,Cherry Pickup II,Dynamic Programming,65.5%,Hard,15.154,https://leetcode.com/problems/cherry-pickup-ii
1466,Reorder Routes to Make All Paths Lead to the City Zero,"Tree, Depth-first Search",62.4%,Medium,5.6802,https://leetcode.com/problems/reorder-routes-to-make-all-paths-lead-to-the-city-zero
1477,Find Two Non-overlapping Sub-arrays Each With Target Sum,Dynamic Programming,30.9%,Medium,27.4754,https://leetcode.com/problems/find-two-non-overlapping-sub-arrays-each-with-target-sum
1504,Count Submatrices With All Ones,Dynamic Programming,62.1%,Medium,7.77305,https://leetcode.com/problems/count-submatrices-with-all-ones
1548,The Most Similar Path in a Graph,"Dynamic Programming, Graph",57.0%,Hard,17.5029,https://leetcode.com/problems/the-most-similar-path-in-a-graph
