Id,Title,Tags,Acceptance,Difficulty,Frequency,Link
57,Insert Interval,"Array, Sort",33.7%,Hard,72.8898,https://leetcode.com/problems/insert-interval
139,Word Break,Dynamic Programming,40.3%,Medium,6.81861,https://leetcode.com/problems/word-break
380,Insert Delete GetRandom O(1),"Array, Hash Table, Design",47.7%,Medium,14.5944,https://leetcode.com/problems/insert-delete-getrandom-o1
540,Single Element in a Sorted Array,,57.9%,Medium,33.8223,https://leetcode.com/problems/single-element-in-a-sorted-array
706,Design HashMap,"Hash Table, Design",61.6%,Easy,24.2078,https://leetcode.com/problems/design-hashmap
780,Reaching Points,Math,29.6%,Hard,60.9326,https://leetcode.com/problems/reaching-points
1348,Tweet Counts Per Frequency,Design,29.3%,Medium,100.0,https://leetcode.com/problems/tweet-counts-per-frequency
