Id,Title,Tags,Acceptance,Difficulty,Frequency,Link
1,Two Sum,"Array, Hash Table",45.7%,Easy,73.9873,https://leetcode.com/problems/two-sum
2,Add Two Numbers,"Linked List, Math",34.1%,Medium,29.113,https://leetcode.com/problems/add-two-numbers
3,Longest Substring Without Repeating Characters,"Hash Table, Two Pointers, String, Sliding Window",30.5%,Medium,24.4566,https://leetcode.com/problems/longest-substring-without-repeating-characters
4,Median of Two Sorted Arrays,"Array, Binary Search, Divide and Conquer",29.8%,Hard,16.7482,https://leetcode.com/problems/median-of-two-sorted-arrays
5,Longest Palindromic Substring,"String, Dynamic Programming",29.6%,Medium,67.4055,https://leetcode.com/problems/longest-palindromic-substring
6,ZigZag Conversion,String,36.6%,Medium,2.68358,https://leetcode.com/problems/zigzag-conversion
7,Reverse Integer,Math,25.8%,Easy,0.374609,https://leetcode.com/problems/reverse-integer
8,String to Integer (atoi),"Math, String",15.4%,Medium,4.00789,https://leetcode.com/problems/string-to-integer-atoi
9,Palindrome Number,Math,48.6%,Easy,0.429891,https://leetcode.com/problems/palindrome-number
10,Regular Expression Matching,"String, Dynamic Programming, Backtracking",26.9%,Hard,7.84237,https://leetcode.com/problems/regular-expression-matching
11,Container With Most Water,"Array, Two Pointers",51.1%,Medium,14.82,https://leetcode.com/problems/container-with-most-water
12,Integer to Roman,"Math, String",55.3%,Medium,21.5058,https://leetcode.com/problems/integer-to-roman
13,Roman to Integer,"Math, String",55.9%,Easy,9.97638,https://leetcode.com/problems/roman-to-integer
14,Longest Common Prefix,String,35.5%,Easy,1.81308,https://leetcode.com/problems/longest-common-prefix
15,3Sum,"Array, Two Pointers",27.0%,Medium,27.7273,https://leetcode.com/problems/3sum
16,3Sum Closest,"Array, Two Pointers",46.0%,Medium,2.67291,https://leetcode.com/problems/3sum-closest
17,Letter Combinations of a Phone Number,"String, Backtracking",47.1%,Medium,25.541,https://leetcode.com/problems/letter-combinations-of-a-phone-number
18,4Sum,"Array, Hash Table, Two Pointers",33.8%,Medium,6.35753,https://leetcode.com/problems/4sum
19,Remove Nth Node From End of List,"Linked List, Two Pointers",35.3%,Medium,7.29618,https://leetcode.com/problems/remove-nth-node-from-end-of-list
20,Valid Parentheses,"String, Stack",39.1%,Easy,27.5682,https://leetcode.com/problems/valid-parentheses
21,Merge Two Sorted Lists,Linked List,53.9%,Easy,64.7304,https://leetcode.com/problems/merge-two-sorted-lists
22,Generate Parentheses,"String, Backtracking",63.1%,Medium,9.94214,https://leetcode.com/problems/generate-parentheses
23,Merge k Sorted Lists,"Linked List, Divide and Conquer, Heap",40.6%,Hard,63.1735,https://leetcode.com/problems/merge-k-sorted-lists
24,Swap Nodes in Pairs,Linked List,50.8%,Medium,0.326386,https://leetcode.com/problems/swap-nodes-in-pairs
25,Reverse Nodes in k-Group,Linked List,42.5%,Hard,10.7736,https://leetcode.com/problems/reverse-nodes-in-k-group
26,Remove Duplicates from Sorted Array,"Array, Two Pointers",45.4%,Easy,0.263851,https://leetcode.com/problems/remove-duplicates-from-sorted-array
28,Implement strStr(),"Two Pointers, String",34.6%,Easy,1.38498,https://leetcode.com/problems/implement-strstr
29,Divide Two Integers,"Math, Binary Search",16.4%,Medium,3.55114,https://leetcode.com/problems/divide-two-integers
31,Next Permutation,Array,32.7%,Medium,3.71384,https://leetcode.com/problems/next-permutation
32,Longest Valid Parentheses,"String, Dynamic Programming",28.5%,Hard,6.46286,https://leetcode.com/problems/longest-valid-parentheses
33,Search in Rotated Sorted Array,"Array, Binary Search",34.7%,Medium,22.1113,https://leetcode.com/problems/search-in-rotated-sorted-array
34,Find First and Last Position of Element in Sorted Array,"Array, Binary Search",36.3%,Medium,3.19938,https://leetcode.com/problems/find-first-and-last-position-of-element-in-sorted-array
35,Search Insert Position,"Array, Binary Search",42.7%,Easy,0.108525,https://leetcode.com/problems/search-insert-position
36,Valid Sudoku,Hash Table,49.1%,Medium,10.125,https://leetcode.com/problems/valid-sudoku
37,Sudoku Solver,"Hash Table, Backtracking",44.0%,Hard,7.57788,https://leetcode.com/problems/sudoku-solver
38,Count and Say,String,44.9%,Easy,1.62386,https://leetcode.com/problems/count-and-say
39,Combination Sum,"Array, Backtracking",56.5%,Medium,8.27997,https://leetcode.com/problems/combination-sum
40,Combination Sum II,"Array, Backtracking",48.6%,Medium,0.923984,https://leetcode.com/problems/combination-sum-ii
41,First Missing Positive,Array,32.2%,Hard,9.42366,https://leetcode.com/problems/first-missing-positive
42,Trapping Rain Water,"Array, Two Pointers, Stack",49.2%,Hard,50.3549,https://leetcode.com/problems/trapping-rain-water
43,Multiply Strings,"Math, String",34.1%,Medium,0.494707,https://leetcode.com/problems/multiply-strings
44,Wildcard Matching,"String, Dynamic Programming, Backtracking, Greedy",24.8%,Hard,3.31959,https://leetcode.com/problems/wildcard-matching
45,Jump Game II,"Array, Greedy",30.7%,Hard,19.5535,https://leetcode.com/problems/jump-game-ii
46,Permutations,Backtracking,64.0%,Medium,9.54018,https://leetcode.com/problems/permutations
47,Permutations II,Backtracking,46.8%,Medium,0.870973,https://leetcode.com/problems/permutations-ii
48,Rotate Image,Array,57.3%,Medium,4.78556,https://leetcode.com/problems/rotate-image
49,Group Anagrams,"Hash Table, String",57.3%,Medium,32.4083,https://leetcode.com/problems/group-anagrams
50,"Pow(x, n)","Math, Binary Search",30.5%,Medium,4.64309,https://leetcode.com/problems/powx-n
51,N-Queens,Backtracking,47.1%,Hard,7.0571,https://leetcode.com/problems/n-queens
52,N-Queens II,Backtracking,58.2%,Hard,1.40093,https://leetcode.com/problems/n-queens-ii
53,Maximum Subarray,"Array, Divide and Conquer, Dynamic Programming",46.7%,Easy,21.2071,https://leetcode.com/problems/maximum-subarray
54,Spiral Matrix,Array,34.3%,Medium,20.0006,https://leetcode.com/problems/spiral-matrix
55,Jump Game,"Array, Greedy",34.7%,Medium,14.8741,https://leetcode.com/problems/jump-game
56,Merge Intervals,"Array, Sort",39.5%,Medium,19.4611,https://leetcode.com/problems/merge-intervals
57,Insert Interval,"Array, Sort",33.7%,Hard,7.45104,https://leetcode.com/problems/insert-interval
59,Spiral Matrix II,Array,54.3%,Medium,2.93442,https://leetcode.com/problems/spiral-matrix-ii
61,Rotate List,"Linked List, Two Pointers",30.2%,Medium,1.96776,https://leetcode.com/problems/rotate-list
62,Unique Paths,"Array, Dynamic Programming",54.4%,Medium,3.70057,https://leetcode.com/problems/unique-paths
63,Unique Paths II,"Array, Dynamic Programming",34.7%,Medium,5.63569,https://leetcode.com/problems/unique-paths-ii
64,Minimum Path Sum,"Array, Dynamic Programming",54.8%,Medium,19.0699,https://leetcode.com/problems/minimum-path-sum
65,Valid Number,"Math, String",15.4%,Hard,2.16345,https://leetcode.com/problems/valid-number
66,Plus One,Array,43.0%,Easy,0.726141,https://leetcode.com/problems/plus-one
67,Add Binary,"Math, String",45.5%,Easy,1.68263,https://leetcode.com/problems/add-binary
68,Text Justification,String,28.0%,Hard,4.11536,https://leetcode.com/problems/text-justification
69,Sqrt(x),"Math, Binary Search",34.1%,Easy,1.40608,https://leetcode.com/problems/sqrtx
70,Climbing Stairs,Dynamic Programming,47.9%,Easy,4.01402,https://leetcode.com/problems/climbing-stairs
71,Simplify Path,"String, Stack",32.8%,Medium,5.8063,https://leetcode.com/problems/simplify-path
72,Edit Distance,"String, Dynamic Programming",45.1%,Hard,9.31909,https://leetcode.com/problems/edit-distance
73,Set Matrix Zeroes,Array,43.3%,Medium,3.78359,https://leetcode.com/problems/set-matrix-zeroes
74,Search a 2D Matrix,"Array, Binary Search",36.6%,Medium,23.4585,https://leetcode.com/problems/search-a-2d-matrix
75,Sort Colors,"Array, Two Pointers, Sort",47.6%,Medium,9.58885,https://leetcode.com/problems/sort-colors
76,Minimum Window Substring,"Hash Table, Two Pointers, String, Sliding Window",34.9%,Hard,15.0486,https://leetcode.com/problems/minimum-window-substring
77,Combinations,Backtracking,55.1%,Medium,0.675349,https://leetcode.com/problems/combinations
78,Subsets,"Array, Backtracking, Bit Manipulation",62.5%,Medium,3.24483,https://leetcode.com/problems/subsets
79,Word Search,"Array, Backtracking",35.8%,Medium,24.5349,https://leetcode.com/problems/word-search
81,Search in Rotated Sorted Array II,"Array, Binary Search",33.0%,Medium,1.79267,https://leetcode.com/problems/search-in-rotated-sorted-array-ii
82,Remove Duplicates from Sorted List II,Linked List,37.1%,Medium,3.47756,https://leetcode.com/problems/remove-duplicates-from-sorted-list-ii
83,Remove Duplicates from Sorted List,Linked List,45.6%,Easy,0.881053,https://leetcode.com/problems/remove-duplicates-from-sorted-list
84,Largest Rectangle in Histogram,"Array, Stack",35.5%,Hard,9.65371,https://leetcode.com/problems/largest-rectangle-in-histogram
85,Maximal Rectangle,"Array, Hash Table, Dynamic Programming, Stack",38.0%,Hard,7.76235,https://leetcode.com/problems/maximal-rectangle
86,Partition List,"Linked List, Two Pointers",41.9%,Medium,3.30598,https://leetcode.com/problems/partition-list
88,Merge Sorted Array,"Array, Two Pointers",39.6%,Easy,5.43212,https://leetcode.com/problems/merge-sorted-array
90,Subsets II,"Array, Backtracking",47.4%,Medium,1.70873,https://leetcode.com/problems/subsets-ii
91,Decode Ways,"String, Dynamic Programming",24.9%,Medium,11.507,https://leetcode.com/problems/decode-ways
92,Reverse Linked List II,Linked List,39.1%,Medium,4.30639,https://leetcode.com/problems/reverse-linked-list-ii
93,Restore IP Addresses,"String, Backtracking",36.0%,Medium,14.3645,https://leetcode.com/problems/restore-ip-addresses
94,Binary Tree Inorder Traversal,"Hash Table, Stack, Tree",63.8%,Medium,1.34338,https://leetcode.com/problems/binary-tree-inorder-traversal
95,Unique Binary Search Trees II,"Dynamic Programming, Tree",41.0%,Medium,1.72208,https://leetcode.com/problems/unique-binary-search-trees-ii
96,Unique Binary Search Trees,"Dynamic Programming, Tree",53.2%,Medium,7.53132,https://leetcode.com/problems/unique-binary-search-trees
97,Interleaving String,"String, Dynamic Programming",31.7%,Hard,19.3975,https://leetcode.com/problems/interleaving-string
98,Validate Binary Search Tree,"Tree, Depth-first Search",27.9%,Medium,10.648,https://leetcode.com/problems/validate-binary-search-tree
99,Recover Binary Search Tree,"Tree, Depth-first Search",40.0%,Hard,26.6779,https://leetcode.com/problems/recover-binary-search-tree
100,Same Tree,"Tree, Depth-first Search",53.5%,Easy,4.13383,https://leetcode.com/problems/same-tree
101,Symmetric Tree,"Tree, Depth-first Search, Breadth-first Search",47.1%,Easy,8.27799,https://leetcode.com/problems/symmetric-tree
102,Binary Tree Level Order Traversal,"Tree, Breadth-first Search",54.9%,Medium,7.31124,https://leetcode.com/problems/binary-tree-level-order-traversal
103,Binary Tree Zigzag Level Order Traversal,"Stack, Tree, Breadth-first Search",48.6%,Medium,25.7449,https://leetcode.com/problems/binary-tree-zigzag-level-order-traversal
104,Maximum Depth of Binary Tree,"Tree, Depth-first Search",66.3%,Easy,1.26265,https://leetcode.com/problems/maximum-depth-of-binary-tree
105,Construct Binary Tree from Preorder and Inorder Traversal,"Array, Tree, Depth-first Search",49.3%,Medium,17.5263,https://leetcode.com/problems/construct-binary-tree-from-preorder-and-inorder-traversal
106,Construct Binary Tree from Inorder and Postorder Traversal,"Array, Tree, Depth-first Search",47.6%,Medium,6.66634,https://leetcode.com/problems/construct-binary-tree-from-inorder-and-postorder-traversal
107,Binary Tree Level Order Traversal II,"Tree, Breadth-first Search",53.8%,Easy,1.47606,https://leetcode.com/problems/binary-tree-level-order-traversal-ii
108,Convert Sorted Array to Binary Search Tree,"Tree, Depth-first Search",58.4%,Easy,0.839086,https://leetcode.com/problems/convert-sorted-array-to-binary-search-tree
109,Convert Sorted List to Binary Search Tree,"Linked List, Depth-first Search",48.1%,Medium,11.7825,https://leetcode.com/problems/convert-sorted-list-to-binary-search-tree
110,Balanced Binary Tree,"Tree, Depth-first Search",43.7%,Easy,2.0811,https://leetcode.com/problems/balanced-binary-tree
112,Path Sum,"Tree, Depth-first Search",41.4%,Easy,1.76863,https://leetcode.com/problems/path-sum
113,Path Sum II,"Tree, Depth-first Search",47.1%,Medium,3.72379,https://leetcode.com/problems/path-sum-ii
114,Flatten Binary Tree to Linked List,"Tree, Depth-first Search",49.7%,Medium,1.75036,https://leetcode.com/problems/flatten-binary-tree-to-linked-list
115,Distinct Subsequences,"String, Dynamic Programming",38.5%,Hard,0.549333,https://leetcode.com/problems/distinct-subsequences
116,Populating Next Right Pointers in Each Node,"Tree, Depth-first Search",45.7%,Medium,15.9115,https://leetcode.com/problems/populating-next-right-pointers-in-each-node
117,Populating Next Right Pointers in Each Node II,"Tree, Depth-first Search",39.5%,Medium,7.36249,https://leetcode.com/problems/populating-next-right-pointers-in-each-node-ii
118,Pascal's Triangle,Array,52.9%,Easy,0.615233,https://leetcode.com/problems/pascals-triangle
120,Triangle,"Array, Dynamic Programming",44.4%,Medium,4.63856,https://leetcode.com/problems/triangle
121,Best Time to Buy and Sell Stock,"Array, Dynamic Programming",50.6%,Easy,31.1937,https://leetcode.com/problems/best-time-to-buy-and-sell-stock
122,Best Time to Buy and Sell Stock II,"Array, Greedy",57.2%,Easy,5.40408,https://leetcode.com/problems/best-time-to-buy-and-sell-stock-ii
123,Best Time to Buy and Sell Stock III,"Array, Dynamic Programming",38.6%,Hard,4.44704,https://leetcode.com/problems/best-time-to-buy-and-sell-stock-iii
124,Binary Tree Maximum Path Sum,"Tree, Depth-first Search",34.5%,Hard,10.4324,https://leetcode.com/problems/binary-tree-maximum-path-sum
125,Valid Palindrome,"Two Pointers, String",36.9%,Easy,0.668809,https://leetcode.com/problems/valid-palindrome
126,Word Ladder II,"Array, String, Backtracking, Breadth-first Search",22.4%,Hard,43.7977,https://leetcode.com/problems/word-ladder-ii
127,Word Ladder,Breadth-first Search,29.9%,Medium,45.7832,https://leetcode.com/problems/word-ladder
128,Longest Consecutive Sequence,"Array, Union Find",45.3%,Hard,6.4551,https://leetcode.com/problems/longest-consecutive-sequence
129,Sum Root to Leaf Numbers,"Tree, Depth-first Search",49.4%,Medium,2.69977,https://leetcode.com/problems/sum-root-to-leaf-numbers
130,Surrounded Regions,"Depth-first Search, Breadth-first Search, Union Find",28.3%,Medium,2.61393,https://leetcode.com/problems/surrounded-regions
131,Palindrome Partitioning,Backtracking,48.0%,Medium,1.83166,https://leetcode.com/problems/palindrome-partitioning
132,Palindrome Partitioning II,Dynamic Programming,30.4%,Hard,3.37619,https://leetcode.com/problems/palindrome-partitioning-ii
133,Clone Graph,"Depth-first Search, Breadth-first Search, Graph",35.4%,Medium,6.64545,https://leetcode.com/problems/clone-graph
134,Gas Station,Greedy,38.8%,Medium,4.86452,https://leetcode.com/problems/gas-station
135,Candy,Greedy,31.8%,Hard,7.58854,https://leetcode.com/problems/candy
136,Single Number,"Hash Table, Bit Manipulation",65.7%,Easy,1.3207,https://leetcode.com/problems/single-number
137,Single Number II,Bit Manipulation,52.6%,Medium,2.36107,https://leetcode.com/problems/single-number-ii
138,Copy List with Random Pointer,"Hash Table, Linked List",37.0%,Medium,86.092,https://leetcode.com/problems/copy-list-with-random-pointer
139,Word Break,Dynamic Programming,40.3%,Medium,36.4859,https://leetcode.com/problems/word-break
140,Word Break II,"Dynamic Programming, Backtracking",32.9%,Hard,51.039,https://leetcode.com/problems/word-break-ii
141,Linked List Cycle,"Linked List, Two Pointers",41.4%,Easy,1.94387,https://leetcode.com/problems/linked-list-cycle
143,Reorder List,Linked List,39.0%,Medium,4.37048,https://leetcode.com/problems/reorder-list
144,Binary Tree Preorder Traversal,"Stack, Tree",56.0%,Medium,0.132734,https://leetcode.com/problems/binary-tree-preorder-traversal
145,Binary Tree Postorder Traversal,"Stack, Tree",55.4%,Medium,0.361887,https://leetcode.com/problems/binary-tree-postorder-traversal
146,LRU Cache,Design,33.5%,Medium,82.2271,https://leetcode.com/problems/lru-cache
148,Sort List,"Linked List, Sort",42.9%,Medium,4.91087,https://leetcode.com/problems/sort-list
149,Max Points on a Line,"Hash Table, Math",17.0%,Hard,1.5466,https://leetcode.com/problems/max-points-on-a-line
150,Evaluate Reverse Polish Notation,Stack,36.6%,Medium,5.02935,https://leetcode.com/problems/evaluate-reverse-polish-notation
151,Reverse Words in a String,String,22.1%,Medium,2.46583,https://leetcode.com/problems/reverse-words-in-a-string
152,Maximum Product Subarray,"Array, Dynamic Programming",31.8%,Medium,4.0088,https://leetcode.com/problems/maximum-product-subarray
153,Find Minimum in Rotated Sorted Array,"Array, Binary Search",45.2%,Medium,9.45927,https://leetcode.com/problems/find-minimum-in-rotated-sorted-array
154,Find Minimum in Rotated Sorted Array II,"Array, Binary Search",41.6%,Hard,2.44366,https://leetcode.com/problems/find-minimum-in-rotated-sorted-array-ii
155,Min Stack,"Stack, Design",44.8%,Easy,23.4501,https://leetcode.com/problems/min-stack
158,Read N Characters Given Read4 II - Call multiple times,String,34.2%,Hard,0.591023,https://leetcode.com/problems/read-n-characters-given-read4-ii-call-multiple-times
160,Intersection of Two Linked Lists,Linked List,41.1%,Easy,1.30096,https://leetcode.com/problems/intersection-of-two-linked-lists
161,One Edit Distance,String,32.3%,Medium,1.72609,https://leetcode.com/problems/one-edit-distance
162,Find Peak Element,"Array, Binary Search",43.4%,Medium,0.8923,https://leetcode.com/problems/find-peak-element
163,Missing Ranges,Array,24.3%,Medium,1.53158,https://leetcode.com/problems/missing-ranges
165,Compare Version Numbers,String,27.6%,Medium,16.0912,https://leetcode.com/problems/compare-version-numbers
167,Two Sum II - Input array is sorted,"Array, Two Pointers, Binary Search",54.3%,Easy,1.46662,https://leetcode.com/problems/two-sum-ii-input-array-is-sorted
169,Majority Element,"Array, Divide and Conquer, Bit Manipulation",58.9%,Easy,3.63088,https://leetcode.com/problems/majority-element
171,Excel Sheet Column Number,Math,56.2%,Easy,0.0927294,https://leetcode.com/problems/excel-sheet-column-number
173,Binary Search Tree Iterator,"Stack, Tree, Design",57.1%,Medium,21.1384,https://leetcode.com/problems/binary-search-tree-iterator
175,Combine Two Tables,,61.3%,Easy,0.184099,https://leetcode.com/problems/combine-two-tables
176,Second Highest Salary,,31.9%,Easy,5.59456,https://leetcode.com/problems/second-highest-salary
177,Nth Highest Salary,,31.6%,Medium,6.10687,https://leetcode.com/problems/nth-highest-salary
178,Rank Scores,,46.5%,Medium,0.904723,https://leetcode.com/problems/rank-scores
179,Largest Number,Sort,29.0%,Medium,3.62969,https://leetcode.com/problems/largest-number
180,Consecutive Numbers,,40.1%,Medium,1.06766,https://leetcode.com/problems/consecutive-numbers
181,Employees Earning More Than Their Managers,,57.4%,Easy,1.86865,https://leetcode.com/problems/employees-earning-more-than-their-managers
183,Customers Who Never Order,,54.0%,Easy,1.78779,https://leetcode.com/problems/customers-who-never-order
184,Department Highest Salary,,37.2%,Medium,1.84287,https://leetcode.com/problems/department-highest-salary
185,Department Top Three Salaries,,35.2%,Hard,8.93019,https://leetcode.com/problems/department-top-three-salaries
187,Repeated DNA Sequences,"Hash Table, Bit Manipulation",39.0%,Medium,8.08781,https://leetcode.com/problems/repeated-dna-sequences
188,Best Time to Buy and Sell Stock IV,Dynamic Programming,28.1%,Hard,9.26832,https://leetcode.com/problems/best-time-to-buy-and-sell-stock-iv
189,Rotate Array,Array,35.0%,Easy,1.10475,https://leetcode.com/problems/rotate-array
192,Word Frequency,,25.8%,Medium,5.65413,https://leetcode.com/problems/word-frequency
196,Delete Duplicate Emails,,41.7%,Easy,0.431259,https://leetcode.com/problems/delete-duplicate-emails
198,House Robber,Dynamic Programming,42.1%,Easy,0.330162,https://leetcode.com/problems/house-robber
199,Binary Tree Right Side View,"Tree, Depth-first Search, Breadth-first Search",54.4%,Medium,10.7883,https://leetcode.com/problems/binary-tree-right-side-view
200,Number of Islands,"Depth-first Search, Breadth-first Search, Union Find",47.1%,Medium,92.2703,https://leetcode.com/problems/number-of-islands
202,Happy Number,"Hash Table, Math",50.6%,Easy,3.38839,https://leetcode.com/problems/happy-number
203,Remove Linked List Elements,Linked List,38.8%,Easy,0.647438,https://leetcode.com/problems/remove-linked-list-elements
204,Count Primes,"Hash Table, Math",31.6%,Easy,1.43755,https://leetcode.com/problems/count-primes
205,Isomorphic Strings,Hash Table,39.9%,Easy,7.18832,https://leetcode.com/problems/isomorphic-strings
206,Reverse Linked List,Linked List,63.0%,Easy,10.3381,https://leetcode.com/problems/reverse-linked-list
207,Course Schedule,"Depth-first Search, Breadth-first Search, Graph, Topological Sort",43.3%,Medium,10.8281,https://leetcode.com/problems/course-schedule
208,Implement Trie (Prefix Tree),"Design, Trie",49.9%,Medium,17.7618,https://leetcode.com/problems/implement-trie-prefix-tree
209,Minimum Size Subarray Sum,"Array, Two Pointers, Binary Search",38.4%,Medium,3.03823,https://leetcode.com/problems/minimum-size-subarray-sum
210,Course Schedule II,"Depth-first Search, Breadth-first Search, Graph, Topological Sort",41.0%,Medium,38.7571,https://leetcode.com/problems/course-schedule-ii
211,Design Add and Search Words Data Structure,"Backtracking, Design, Trie",38.3%,Medium,20.0046,https://leetcode.com/problems/design-add-and-search-words-data-structure
212,Word Search II,"Backtracking, Trie",35.1%,Hard,39.8329,https://leetcode.com/problems/word-search-ii
213,House Robber II,Dynamic Programming,36.5%,Medium,0.288845,https://leetcode.com/problems/house-robber-ii
214,Shortest Palindrome,String,29.9%,Hard,0.736829,https://leetcode.com/problems/shortest-palindrome
215,Kth Largest Element in an Array,"Divide and Conquer, Heap",55.8%,Medium,12.1425,https://leetcode.com/problems/kth-largest-element-in-an-array
216,Combination Sum III,"Array, Backtracking",56.9%,Medium,0.481638,https://leetcode.com/problems/combination-sum-iii
217,Contains Duplicate,"Array, Hash Table",56.2%,Easy,0.688169,https://leetcode.com/problems/contains-duplicate
218,The Skyline Problem,"Divide and Conquer, Heap, Binary Indexed Tree, Segment Tree, Line Sweep",34.7%,Hard,10.227,https://leetcode.com/problems/the-skyline-problem
219,Contains Duplicate II,"Array, Hash Table",37.9%,Easy,0.213697,https://leetcode.com/problems/contains-duplicate-ii
221,Maximal Square,Dynamic Programming,37.8%,Medium,10.732,https://leetcode.com/problems/maximal-square
222,Count Complete Tree Nodes,"Binary Search, Tree",47.2%,Medium,2.17424,https://leetcode.com/problems/count-complete-tree-nodes
224,Basic Calculator,"Math, Stack",37.1%,Hard,19.774,https://leetcode.com/problems/basic-calculator
225,Implement Stack using Queues,"Stack, Design",45.7%,Easy,0.294839,https://leetcode.com/problems/implement-stack-using-queues
226,Invert Binary Tree,Tree,65.3%,Easy,1.74622,https://leetcode.com/problems/invert-binary-tree
227,Basic Calculator II,String,37.1%,Medium,23.5438,https://leetcode.com/problems/basic-calculator-ii
228,Summary Ranges,Array,39.7%,Medium,1.68669,https://leetcode.com/problems/summary-ranges
229,Majority Element II,Array,35.8%,Medium,3.44331,https://leetcode.com/problems/majority-element-ii
230,Kth Smallest Element in a BST,"Binary Search, Tree",60.6%,Medium,4.84454,https://leetcode.com/problems/kth-smallest-element-in-a-bst
232,Implement Queue using Stacks,"Stack, Design",50.1%,Easy,1.27993,https://leetcode.com/problems/implement-queue-using-stacks
233,Number of Digit One,Math,31.4%,Hard,4.84143,https://leetcode.com/problems/number-of-digit-one
234,Palindrome Linked List,"Linked List, Two Pointers",39.5%,Easy,5.11616,https://leetcode.com/problems/palindrome-linked-list
235,Lowest Common Ancestor of a Binary Search Tree,Tree,50.2%,Easy,2.97581,https://leetcode.com/problems/lowest-common-ancestor-of-a-binary-search-tree
236,Lowest Common Ancestor of a Binary Tree,Tree,46.2%,Medium,20.1105,https://leetcode.com/problems/lowest-common-ancestor-of-a-binary-tree
237,Delete Node in a Linked List,Linked List,64.4%,Easy,0.258596,https://leetcode.com/problems/delete-node-in-a-linked-list
238,Product of Array Except Self,Array,60.3%,Medium,27.8687,https://leetcode.com/problems/product-of-array-except-self
239,Sliding Window Maximum,"Heap, Sliding Window",43.4%,Hard,31.4709,https://leetcode.com/problems/sliding-window-maximum
240,Search a 2D Matrix II,"Binary Search, Divide and Conquer",43.3%,Medium,68.1033,https://leetcode.com/problems/search-a-2d-matrix-ii
241,Different Ways to Add Parentheses,Divide and Conquer,55.5%,Medium,0.912753,https://leetcode.com/problems/different-ways-to-add-parentheses
242,Valid Anagram,"Hash Table, Sort",57.1%,Easy,3.78964,https://leetcode.com/problems/valid-anagram
243,Shortest Word Distance,Array,61.1%,Easy,2.27386,https://leetcode.com/problems/shortest-word-distance
249,Group Shifted Strings,"Hash Table, String",55.7%,Medium,0.638783,https://leetcode.com/problems/group-shifted-strings
250,Count Univalue Subtrees,Tree,52.2%,Medium,0.811945,https://leetcode.com/problems/count-univalue-subtrees
252,Meeting Rooms,Sort,54.7%,Easy,2.68883,https://leetcode.com/problems/meeting-rooms
253,Meeting Rooms II,"Heap, Greedy, Sort",45.8%,Medium,40.4626,https://leetcode.com/problems/meeting-rooms-ii
257,Binary Tree Paths,"Tree, Depth-first Search",51.8%,Easy,2.08534,https://leetcode.com/problems/binary-tree-paths
260,Single Number III,Bit Manipulation,64.5%,Medium,0.614155,https://leetcode.com/problems/single-number-iii
261,Graph Valid Tree,"Depth-first Search, Breadth-first Search, Union Find, Graph",42.3%,Medium,9.86622,https://leetcode.com/problems/graph-valid-tree
262,Trips and Users,,33.2%,Hard,4.7096,https://leetcode.com/problems/trips-and-users
264,Ugly Number II,"Math, Dynamic Programming, Heap",42.2%,Medium,2.75542,https://leetcode.com/problems/ugly-number-ii
266,Palindrome Permutation,Hash Table,62.0%,Easy,0.998587,https://leetcode.com/problems/palindrome-permutation
268,Missing Number,"Array, Math, Bit Manipulation",51.9%,Easy,5.01986,https://leetcode.com/problems/missing-number
269,Alien Dictionary,"Graph, Topological Sort",33.3%,Hard,28.5439,https://leetcode.com/problems/alien-dictionary
270,Closest Binary Search Tree Value,"Binary Search, Tree",48.7%,Easy,1.75296,https://leetcode.com/problems/closest-binary-search-tree-value
272,Closest Binary Search Tree Value II,"Stack, Tree",50.7%,Hard,4.09395,https://leetcode.com/problems/closest-binary-search-tree-value-ii
273,Integer to English Words,"Math, String",27.2%,Hard,41.6288,https://leetcode.com/problems/integer-to-english-words
277,Find the Celebrity,Array,42.1%,Medium,16.1922,https://leetcode.com/problems/find-the-celebrity
279,Perfect Squares,"Math, Dynamic Programming, Breadth-first Search",47.6%,Medium,1.20748,https://leetcode.com/problems/perfect-squares
283,Move Zeroes,"Array, Two Pointers",58.0%,Easy,2.57959,https://leetcode.com/problems/move-zeroes
284,Peeking Iterator,Design,46.1%,Medium,1.82888,https://leetcode.com/problems/peeking-iterator
285,Inorder Successor in BST,Tree,40.8%,Medium,2.91444,https://leetcode.com/problems/inorder-successor-in-bst
286,Walls and Gates,Breadth-first Search,54.9%,Medium,8.02299,https://leetcode.com/problems/walls-and-gates
287,Find the Duplicate Number,"Array, Two Pointers, Binary Search",55.9%,Medium,8.22134,https://leetcode.com/problems/find-the-duplicate-number
289,Game of Life,Array,54.9%,Medium,11.2488,https://leetcode.com/problems/game-of-life
290,Word Pattern,Hash Table,37.1%,Easy,0.387543,https://leetcode.com/problems/word-pattern
295,Find Median from Data Stream,"Heap, Design",44.8%,Hard,58.4146,https://leetcode.com/problems/find-median-from-data-stream
296,Best Meeting Point,"Math, Sort",57.6%,Hard,5.47039,https://leetcode.com/problems/best-meeting-point
297,Serialize and Deserialize Binary Tree,"Tree, Design",47.8%,Hard,40.8992,https://leetcode.com/problems/serialize-and-deserialize-binary-tree
298,Binary Tree Longest Consecutive Sequence,Tree,47.3%,Medium,1.64848,https://leetcode.com/problems/binary-tree-longest-consecutive-sequence
299,Bulls and Cows,Hash Table,42.5%,Easy,1.52473,https://leetcode.com/problems/bulls-and-cows
300,Longest Increasing Subsequence,"Binary Search, Dynamic Programming",42.7%,Medium,5.11179,https://leetcode.com/problems/longest-increasing-subsequence
301,Remove Invalid Parentheses,"Depth-first Search, Breadth-first Search",43.5%,Hard,5.34008,https://leetcode.com/problems/remove-invalid-parentheses
303,Range Sum Query - Immutable,Dynamic Programming,45.2%,Easy,0.310972,https://leetcode.com/problems/range-sum-query-immutable
304,Range Sum Query 2D - Immutable,Dynamic Programming,38.9%,Medium,1.84125,https://leetcode.com/problems/range-sum-query-2d-immutable
307,Range Sum Query - Mutable,"Binary Indexed Tree, Segment Tree",35.0%,Medium,4.60069,https://leetcode.com/problems/range-sum-query-mutable
309,Best Time to Buy and Sell Stock with Cooldown,Dynamic Programming,47.5%,Medium,0.820607,https://leetcode.com/problems/best-time-to-buy-and-sell-stock-with-cooldown
310,Minimum Height Trees,"Breadth-first Search, Graph",32.4%,Medium,3.61822,https://leetcode.com/problems/minimum-height-trees
311,Sparse Matrix Multiplication,Hash Table,62.2%,Medium,0.685427,https://leetcode.com/problems/sparse-matrix-multiplication
312,Burst Balloons,"Divide and Conquer, Dynamic Programming",52.1%,Hard,7.87539,https://leetcode.com/problems/burst-balloons
314,Binary Tree Vertical Order Traversal,"Depth-first Search, Breadth-first Search",45.5%,Medium,13.3841,https://leetcode.com/problems/binary-tree-vertical-order-traversal
315,Count of Smaller Numbers After Self,"Binary Search, Divide and Conquer, Sort, Binary Indexed Tree, Segment Tree",41.7%,Hard,6.78999,https://leetcode.com/problems/count-of-smaller-numbers-after-self
316,Remove Duplicate Letters,"Stack, Greedy",36.1%,Hard,2.82333,https://leetcode.com/problems/remove-duplicate-letters
317,Shortest Distance from All Buildings,Breadth-first Search,41.7%,Hard,13.8374,https://leetcode.com/problems/shortest-distance-from-all-buildings
322,Coin Change,Dynamic Programming,35.8%,Medium,20.504,https://leetcode.com/problems/coin-change
323,Number of Connected Components in an Undirected Graph,"Depth-first Search, Breadth-first Search, Union Find, Graph",56.3%,Medium,15.0916,https://leetcode.com/problems/number-of-connected-components-in-an-undirected-graph
325,Maximum Size Subarray Sum Equals k,Hash Table,46.8%,Medium,1.06215,https://leetcode.com/problems/maximum-size-subarray-sum-equals-k
327,Count of Range Sum,"Binary Search, Divide and Conquer, Sort, Binary Indexed Tree, Segment Tree",35.3%,Hard,2.13814,https://leetcode.com/problems/count-of-range-sum
328,Odd Even Linked List,Linked List,56.0%,Medium,0.684869,https://leetcode.com/problems/odd-even-linked-list
329,Longest Increasing Path in a Matrix,"Depth-first Search, Topological Sort, Memoization",43.6%,Hard,3.5515,https://leetcode.com/problems/longest-increasing-path-in-a-matrix
332,Reconstruct Itinerary,"Depth-first Search, Graph",36.9%,Medium,8.67365,https://leetcode.com/problems/reconstruct-itinerary
333,Largest BST Subtree,Tree,36.0%,Medium,5.11994,https://leetcode.com/problems/largest-bst-subtree
334,Increasing Triplet Subsequence,,40.0%,Medium,2.28627,https://leetcode.com/problems/increasing-triplet-subsequence
335,Self Crossing,Math,28.1%,Hard,3.90117,https://leetcode.com/problems/self-crossing
336,Palindrome Pairs,"Hash Table, String, Trie",33.8%,Hard,7.64156,https://leetcode.com/problems/palindrome-pairs
337,House Robber III,"Tree, Depth-first Search",50.7%,Medium,3.07674,https://leetcode.com/problems/house-robber-iii
338,Counting Bits,"Dynamic Programming, Bit Manipulation",69.7%,Medium,0.584416,https://leetcode.com/problems/counting-bits
339,Nested List Weight Sum,Depth-first Search,74.2%,Easy,2.40347,https://leetcode.com/problems/nested-list-weight-sum
340,Longest Substring with At Most K Distinct Characters,"Hash Table, String, Sliding Window",44.3%,Hard,4.19597,https://leetcode.com/problems/longest-substring-with-at-most-k-distinct-characters
341,Flatten Nested List Iterator,"Stack, Design",53.1%,Medium,6.44792,https://leetcode.com/problems/flatten-nested-list-iterator
344,Reverse String,"Two Pointers, String",68.8%,Easy,0.664955,https://leetcode.com/problems/reverse-string
345,Reverse Vowels of a String,"Two Pointers, String",44.3%,Easy,0.694177,https://leetcode.com/problems/reverse-vowels-of-a-string
347,Top K Frequent Elements,"Hash Table, Heap",61.4%,Medium,30.1561,https://leetcode.com/problems/top-k-frequent-elements
348,Design Tic-Tac-Toe,Design,54.6%,Medium,41.2677,https://leetcode.com/problems/design-tic-tac-toe
349,Intersection of Two Arrays,"Hash Table, Two Pointers, Binary Search, Sort",62.9%,Easy,4.19701,https://leetcode.com/problems/intersection-of-two-arrays
350,Intersection of Two Arrays II,"Hash Table, Two Pointers, Binary Search, Sort",51.5%,Easy,1.96452,https://leetcode.com/problems/intersection-of-two-arrays-ii
351,Android Unlock Patterns,"Dynamic Programming, Backtracking",48.6%,Medium,1.99221,https://leetcode.com/problems/android-unlock-patterns
352,Data Stream as Disjoint Intervals,"Binary Search, Ordered Map",47.6%,Hard,10.5021,https://leetcode.com/problems/data-stream-as-disjoint-intervals
353,Design Snake Game,"Design, Queue",34.4%,Medium,17.7787,https://leetcode.com/problems/design-snake-game
354,Russian Doll Envelopes,"Binary Search, Dynamic Programming",35.6%,Hard,4.61346,https://leetcode.com/problems/russian-doll-envelopes
356,Line Reflection,"Hash Table, Math",31.9%,Medium,4.90435,https://leetcode.com/problems/line-reflection
359,Logger Rate Limiter,"Hash Table, Design",70.9%,Easy,0.95283,https://leetcode.com/problems/logger-rate-limiter
361,Bomb Enemy,Dynamic Programming,46.1%,Medium,2.46986,https://leetcode.com/problems/bomb-enemy
362,Design Hit Counter,Design,63.9%,Medium,14.6102,https://leetcode.com/problems/design-hit-counter
366,Find Leaves of Binary Tree,"Tree, Depth-first Search",70.8%,Medium,2.49199,https://leetcode.com/problems/find-leaves-of-binary-tree
368,Largest Divisible Subset,"Math, Dynamic Programming",37.9%,Medium,2.41868,https://leetcode.com/problems/largest-divisible-subset
373,Find K Pairs with Smallest Sums,Heap,36.9%,Medium,5.45142,https://leetcode.com/problems/find-k-pairs-with-smallest-sums
378,Kth Smallest Element in a Sorted Matrix,"Binary Search, Heap",54.6%,Medium,12.4706,https://leetcode.com/problems/kth-smallest-element-in-a-sorted-matrix
380,Insert Delete GetRandom O(1),"Array, Hash Table, Design",47.7%,Medium,34.8392,https://leetcode.com/problems/insert-delete-getrandom-o1
382,Linked List Random Node,Reservoir Sampling,52.2%,Medium,1.2903,https://leetcode.com/problems/linked-list-random-node
383,Ransom Note,String,53.1%,Easy,0.457534,https://leetcode.com/problems/ransom-note
384,Shuffle an Array,,52.9%,Medium,10.1085,https://leetcode.com/problems/shuffle-an-array
387,First Unique Character in a String,"Hash Table, String",53.4%,Easy,9.85409,https://leetcode.com/problems/first-unique-character-in-a-string
388,Longest Absolute File Path,,41.8%,Medium,4.55297,https://leetcode.com/problems/longest-absolute-file-path
389,Find the Difference,"Hash Table, Bit Manipulation",55.5%,Easy,0.443072,https://leetcode.com/problems/find-the-difference
390,Elimination Game,,44.5%,Medium,2.3484,https://leetcode.com/problems/elimination-game
392,Is Subsequence,"Binary Search, Dynamic Programming, Greedy",49.2%,Easy,0.50004,https://leetcode.com/problems/is-subsequence
394,Decode String,"Stack, Depth-first Search",50.4%,Medium,15.4436,https://leetcode.com/problems/decode-string
395,Longest Substring with At Least K Repeating Characters,,41.5%,Medium,2.52022,https://leetcode.com/problems/longest-substring-with-at-least-k-repeating-characters
399,Evaluate Division,"Union Find, Graph",51.9%,Medium,17.042,https://leetcode.com/problems/evaluate-division
402,Remove K Digits,"Stack, Greedy",28.4%,Medium,1.51593,https://leetcode.com/problems/remove-k-digits
403,Frog Jump,Dynamic Programming,40.0%,Hard,13.7412,https://leetcode.com/problems/frog-jump
404,Sum of Left Leaves,Tree,52.0%,Easy,0.0506204,https://leetcode.com/problems/sum-of-left-leaves
406,Queue Reconstruction by Height,Greedy,67.0%,Medium,1.0883,https://leetcode.com/problems/queue-reconstruction-by-height
407,Trapping Rain Water II,"Heap, Breadth-first Search",42.6%,Hard,2.93806,https://leetcode.com/problems/trapping-rain-water-ii
409,Longest Palindrome,Hash Table,51.8%,Easy,4.78868,https://leetcode.com/problems/longest-palindrome
410,Split Array Largest Sum,"Binary Search, Dynamic Programming",44.8%,Hard,7.85316,https://leetcode.com/problems/split-array-largest-sum
412,Fizz Buzz,,63.2%,Easy,0.277689,https://leetcode.com/problems/fizz-buzz
413,Arithmetic Slices,"Math, Dynamic Programming",58.0%,Medium,1.60213,https://leetcode.com/problems/arithmetic-slices
414,Third Maximum Number,Array,30.5%,Easy,0.894883,https://leetcode.com/problems/third-maximum-number
415,Add Strings,String,47.7%,Easy,4.9148,https://leetcode.com/problems/add-strings
416,Partition Equal Subset Sum,Dynamic Programming,43.9%,Medium,0.442927,https://leetcode.com/problems/partition-equal-subset-sum
417,Pacific Atlantic Water Flow,"Depth-first Search, Breadth-first Search",41.4%,Medium,5.37988,https://leetcode.com/problems/pacific-atlantic-water-flow
419,Battleships in a Board,,70.2%,Medium,4.56526,https://leetcode.com/problems/battleships-in-a-board
420,Strong Password Checker,,13.7%,Hard,2.51318,https://leetcode.com/problems/strong-password-checker
421,Maximum XOR of Two Numbers in an Array,"Bit Manipulation, Trie",53.7%,Medium,1.19361,https://leetcode.com/problems/maximum-xor-of-two-numbers-in-an-array
426,Convert Binary Search Tree to Sorted Doubly Linked List,"Linked List, Divide and Conquer, Tree",59.4%,Medium,6.39473,https://leetcode.com/problems/convert-binary-search-tree-to-sorted-doubly-linked-list
427,Construct Quad Tree,,61.5%,Medium,3.77488,https://leetcode.com/problems/construct-quad-tree
430,Flatten a Multilevel Doubly Linked List,"Linked List, Depth-first Search",55.6%,Medium,3.34223,https://leetcode.com/problems/flatten-a-multilevel-doubly-linked-list
432,All O`one Data Structure,Design,32.5%,Hard,1.86164,https://leetcode.com/problems/all-oone-data-structure
435,Non-overlapping Intervals,Greedy,43.4%,Medium,0.746537,https://leetcode.com/problems/non-overlapping-intervals
437,Path Sum III,Tree,47.3%,Medium,5.28291,https://leetcode.com/problems/path-sum-iii
438,Find All Anagrams in a String,Hash Table,43.6%,Medium,4.16304,https://leetcode.com/problems/find-all-anagrams-in-a-string
442,Find All Duplicates in an Array,Array,67.9%,Medium,2.62255,https://leetcode.com/problems/find-all-duplicates-in-an-array
443,String Compression,String,41.5%,Easy,2.7231,https://leetcode.com/problems/string-compression
445,Add Two Numbers II,Linked List,54.8%,Medium,14.372,https://leetcode.com/problems/add-two-numbers-ii
448,Find All Numbers Disappeared in an Array,Array,56.0%,Easy,0.146046,https://leetcode.com/problems/find-all-numbers-disappeared-in-an-array
449,Serialize and Deserialize BST,Tree,52.3%,Medium,16.5955,https://leetcode.com/problems/serialize-and-deserialize-bst
450,Delete Node in a BST,Tree,44.3%,Medium,0.172724,https://leetcode.com/problems/delete-node-in-a-bst
451,Sort Characters By Frequency,"Hash Table, Heap",63.2%,Medium,3.87471,https://leetcode.com/problems/sort-characters-by-frequency
452,Minimum Number of Arrows to Burst Balloons,Greedy,49.7%,Medium,1.5296,https://leetcode.com/problems/minimum-number-of-arrows-to-burst-balloons
453,Minimum Moves to Equal Array Elements,Math,50.3%,Easy,4.28338,https://leetcode.com/problems/minimum-moves-to-equal-array-elements
455,Assign Cookies,Greedy,49.9%,Easy,0.753193,https://leetcode.com/problems/assign-cookies
456,132 Pattern,Stack,28.9%,Medium,19.9171,https://leetcode.com/problems/132-pattern
459,Repeated Substring Pattern,String,43.1%,Easy,0.108257,https://leetcode.com/problems/repeated-substring-pattern
460,LFU Cache,Design,34.5%,Hard,46.49,https://leetcode.com/problems/lfu-cache
463,Island Perimeter,Hash Table,65.8%,Easy,3.02843,https://leetcode.com/problems/island-perimeter
465,Optimal Account Balancing,,46.9%,Hard,11.0201,https://leetcode.com/problems/optimal-account-balancing
466,Count The Repetitions,Dynamic Programming,28.3%,Hard,4.9274,https://leetcode.com/problems/count-the-repetitions
468,Validate IP Address,String,24.2%,Medium,1.62974,https://leetcode.com/problems/validate-ip-address
471,Encode String with Shortest Length,Dynamic Programming,47.2%,Hard,8.6244,https://leetcode.com/problems/encode-string-with-shortest-length
472,Concatenated Words,"Dynamic Programming, Depth-first Search, Trie",44.1%,Hard,65.2563,https://leetcode.com/problems/concatenated-words
473,Matchsticks to Square,Depth-first Search,37.7%,Medium,5.0704,https://leetcode.com/problems/matchsticks-to-square
480,Sliding Window Median,Sliding Window,37.5%,Hard,13.6379,https://leetcode.com/problems/sliding-window-median
485,Max Consecutive Ones,Array,54.3%,Easy,0.232039,https://leetcode.com/problems/max-consecutive-ones
486,Predict the Winner,"Dynamic Programming, Minimax",48.0%,Medium,0.907239,https://leetcode.com/problems/predict-the-winner
489,Robot Room Cleaner,Depth-first Search,70.8%,Hard,4.91584,https://leetcode.com/problems/robot-room-cleaner
490,The Maze,"Depth-first Search, Breadth-first Search",52.1%,Medium,6.37803,https://leetcode.com/problems/the-maze
494,Target Sum,"Dynamic Programming, Depth-first Search",46.1%,Medium,0.56827,https://leetcode.com/problems/target-sum
496,Next Greater Element I,Stack,64.2%,Easy,13.5765,https://leetcode.com/problems/next-greater-element-i
498,Diagonal Traverse,,48.4%,Medium,3.32319,https://leetcode.com/problems/diagonal-traverse
503,Next Greater Element II,Stack,56.8%,Medium,19.5387,https://leetcode.com/problems/next-greater-element-ii
507,Perfect Number,Math,35.5%,Easy,0.921554,https://leetcode.com/problems/perfect-number
509,Fibonacci Number,Array,67.2%,Easy,3.12133,https://leetcode.com/problems/fibonacci-number
515,Find Largest Value in Each Tree Row,"Tree, Depth-first Search, Breadth-first Search",61.3%,Medium,1.64397,https://leetcode.com/problems/find-largest-value-in-each-tree-row
516,Longest Palindromic Subsequence,Dynamic Programming,53.6%,Medium,1.8623,https://leetcode.com/problems/longest-palindromic-subsequence
518,Coin Change 2,,50.4%,Medium,9.41278,https://leetcode.com/problems/coin-change-2
523,Continuous Subarray Sum,"Math, Dynamic Programming",24.6%,Medium,3.15279,https://leetcode.com/problems/continuous-subarray-sum
525,Contiguous Array,Hash Table,42.9%,Medium,3.03154,https://leetcode.com/problems/contiguous-array
528,Random Pick with Weight,"Binary Search, Random",44.1%,Medium,6.67862,https://leetcode.com/problems/random-pick-with-weight
529,Minesweeper,"Depth-first Search, Breadth-first Search",59.4%,Medium,7.59217,https://leetcode.com/problems/minesweeper
535,Encode and Decode TinyURL,"Hash Table, Math",80.0%,Medium,19.0161,https://leetcode.com/problems/encode-and-decode-tinyurl
538,Convert BST to Greater Tree,Tree,55.6%,Easy,3.85417,https://leetcode.com/problems/convert-bst-to-greater-tree
539,Minimum Time Difference,String,51.7%,Medium,1.5935,https://leetcode.com/problems/minimum-time-difference
540,Single Element in a Sorted Array,,57.9%,Medium,4.32656,https://leetcode.com/problems/single-element-in-a-sorted-array
541,Reverse String II,String,48.5%,Easy,1.38697,https://leetcode.com/problems/reverse-string-ii
542,01 Matrix,"Depth-first Search, Breadth-first Search",40.0%,Medium,3.45338,https://leetcode.com/problems/01-matrix
543,Diameter of Binary Tree,Tree,48.6%,Easy,13.3519,https://leetcode.com/problems/diameter-of-binary-tree
545,Boundary of Binary Tree,Tree,39.1%,Medium,26.5151,https://leetcode.com/problems/boundary-of-binary-tree
547,Friend Circles,"Depth-first Search, Union Find",58.9%,Medium,5.23242,https://leetcode.com/problems/friend-circles
556,Next Greater Element III,String,31.8%,Medium,7.83923,https://leetcode.com/problems/next-greater-element-iii
557,Reverse Words in a String III,String,70.2%,Easy,1.27004,https://leetcode.com/problems/reverse-words-in-a-string-iii
559,Maximum Depth of N-ary Tree,"Tree, Depth-first Search, Breadth-first Search",68.8%,Easy,1.41731,https://leetcode.com/problems/maximum-depth-of-n-ary-tree
560,Subarray Sum Equals K,"Array, Hash Table",43.8%,Medium,5.83224,https://leetcode.com/problems/subarray-sum-equals-k
564,Find the Closest Palindrome,String,19.8%,Hard,9.92393,https://leetcode.com/problems/find-the-closest-palindrome
567,Permutation in String,"Two Pointers, Sliding Window",44.4%,Medium,1.28991,https://leetcode.com/problems/permutation-in-string
570,Managers with at Least 5 Direct Reports,,66.1%,Medium,1.69637,https://leetcode.com/problems/managers-with-at-least-5-direct-reports
572,Subtree of Another Tree,Tree,44.2%,Easy,74.4974,https://leetcode.com/problems/subtree-of-another-tree
579,Find Cumulative Salary of an Employee,,37.2%,Hard,2.52932,https://leetcode.com/problems/find-cumulative-salary-of-an-employee
581,Shortest Unsorted Continuous Subarray,Array,31.2%,Easy,1.81596,https://leetcode.com/problems/shortest-unsorted-continuous-subarray
584,Find Customer Referee,,72.6%,Easy,1.48751,https://leetcode.com/problems/find-customer-referee
586,Customer Placing the Largest Number of Orders,,73.5%,Easy,1.26545,https://leetcode.com/problems/customer-placing-the-largest-number-of-orders
588,Design In-Memory File System,Design,46.2%,Hard,53.2884,https://leetcode.com/problems/design-in-memory-file-system
590,N-ary Tree Postorder Traversal,Tree,72.4%,Easy,0.457335,https://leetcode.com/problems/n-ary-tree-postorder-traversal
609,Find Duplicate File in System,"Hash Table, String",59.8%,Medium,1.00431,https://leetcode.com/problems/find-duplicate-file-in-system
611,Valid Triangle Number,Array,48.5%,Medium,2.12852,https://leetcode.com/problems/valid-triangle-number
615,Average Salary: Departments VS Company,,47.8%,Hard,2.28706,https://leetcode.com/problems/average-salary-departments-vs-company
617,Merge Two Binary Trees,Tree,74.3%,Easy,0.196927,https://leetcode.com/problems/merge-two-binary-trees
621,Task Scheduler,"Array, Greedy, Queue",50.4%,Medium,3.94278,https://leetcode.com/problems/task-scheduler
622,Design Circular Queue,"Design, Queue",44.1%,Medium,12.0107,https://leetcode.com/problems/design-circular-queue
626,Exchange Seats,,62.8%,Medium,0.85071,https://leetcode.com/problems/exchange-seats
628,Maximum Product of Three Numbers,"Array, Math",47.1%,Easy,8.83205,https://leetcode.com/problems/maximum-product-of-three-numbers
632,Smallest Range Covering Elements from K Lists,"Hash Table, Two Pointers, String",52.7%,Hard,6.98058,https://leetcode.com/problems/smallest-range-covering-elements-from-k-lists
636,Exclusive Time of Functions,Stack,52.1%,Medium,4.19769,https://leetcode.com/problems/exclusive-time-of-functions
637,Average of Levels in Binary Tree,Tree,63.3%,Easy,0.928518,https://leetcode.com/problems/average-of-levels-in-binary-tree
640,Solve the Equation,Math,42.2%,Medium,18.1667,https://leetcode.com/problems/solve-the-equation
642,Design Search Autocomplete System,"Design, Trie",45.0%,Hard,40.8147,https://leetcode.com/problems/design-search-autocomplete-system
646,Maximum Length of Pair Chain,Dynamic Programming,52.1%,Medium,0.924797,https://leetcode.com/problems/maximum-length-of-pair-chain
647,Palindromic Substrings,"String, Dynamic Programming",60.9%,Medium,3.28665,https://leetcode.com/problems/palindromic-substrings
652,Find Duplicate Subtrees,Tree,50.4%,Medium,1.58708,https://leetcode.com/problems/find-duplicate-subtrees
653,Two Sum IV - Input is a BST,Tree,55.6%,Easy,3.79354,https://leetcode.com/problems/two-sum-iv-input-is-a-bst
657,Robot Return to Origin,String,73.7%,Easy,0.386688,https://leetcode.com/problems/robot-return-to-origin
658,Find K Closest Elements,Binary Search,41.0%,Medium,0.425327,https://leetcode.com/problems/find-k-closest-elements
662,Maximum Width of Binary Tree,Tree,40.7%,Medium,2.71553,https://leetcode.com/problems/maximum-width-of-binary-tree
665,Non-decreasing Array,Array,19.5%,Easy,0.304665,https://leetcode.com/problems/non-decreasing-array
670,Maximum Swap,"Array, Math",43.9%,Medium,0.495951,https://leetcode.com/problems/maximum-swap
671,Second Minimum Node In a Binary Tree,Tree,42.7%,Easy,0.759725,https://leetcode.com/problems/second-minimum-node-in-a-binary-tree
674,Longest Continuous Increasing Subsequence,Array,45.9%,Easy,0.461551,https://leetcode.com/problems/longest-continuous-increasing-subsequence
675,Cut Off Trees for Golf Event,Breadth-first Search,34.6%,Hard,6.46845,https://leetcode.com/problems/cut-off-trees-for-golf-event
678,Valid Parenthesis String,String,31.1%,Medium,5.37374,https://leetcode.com/problems/valid-parenthesis-string
681,Next Closest Time,String,45.1%,Medium,1.27776,https://leetcode.com/problems/next-closest-time
682,Baseball Game,Stack,64.3%,Easy,7.24807,https://leetcode.com/problems/baseball-game
684,Redundant Connection,"Tree, Union Find, Graph",57.7%,Medium,1.07105,https://leetcode.com/problems/redundant-connection
686,Repeated String Match,String,32.4%,Medium,1.71234,https://leetcode.com/problems/repeated-string-match
688,Knight Probability in Chessboard,Dynamic Programming,49.2%,Medium,8.4629,https://leetcode.com/problems/knight-probability-in-chessboard
690,Employee Importance,"Hash Table, Depth-first Search, Breadth-first Search",57.4%,Easy,4.57393,https://leetcode.com/problems/employee-importance
692,Top K Frequent Words,"Hash Table, Heap, Trie",52.1%,Medium,86.3761,https://leetcode.com/problems/top-k-frequent-words
694,Number of Distinct Islands,"Hash Table, Depth-first Search",56.3%,Medium,44.165,https://leetcode.com/problems/number-of-distinct-islands
695,Max Area of Island,"Array, Depth-first Search",63.0%,Medium,5.29826,https://leetcode.com/problems/max-area-of-island
698,Partition to K Equal Sum Subsets,"Dynamic Programming, Recursion",45.0%,Medium,5.04055,https://leetcode.com/problems/partition-to-k-equal-sum-subsets
701,Insert into a Binary Search Tree,Tree,77.3%,Medium,4.08528,https://leetcode.com/problems/insert-into-a-binary-search-tree
702,Search in a Sorted Array of Unknown Size,Binary Search,67.3%,Medium,1.58151,https://leetcode.com/problems/search-in-a-sorted-array-of-unknown-size
703,Kth Largest Element in a Stream,Heap,49.9%,Easy,7.15943,https://leetcode.com/problems/kth-largest-element-in-a-stream
704,Binary Search,Binary Search,52.3%,Easy,0.52995,https://leetcode.com/problems/binary-search
706,Design HashMap,"Hash Table, Design",61.6%,Easy,21.67,https://leetcode.com/problems/design-hashmap
708,Insert into a Sorted Circular Linked List,Linked List,31.7%,Medium,1.19225,https://leetcode.com/problems/insert-into-a-sorted-circular-linked-list
714,Best Time to Buy and Sell Stock with Transaction Fee,"Array, Dynamic Programming, Greedy",55.0%,Medium,0.619584,https://leetcode.com/problems/best-time-to-buy-and-sell-stock-with-transaction-fee
715,Range Module,"Segment Tree, Ordered Map",38.8%,Hard,3.0598,https://leetcode.com/problems/range-module
716,Max Stack,Design,42.7%,Easy,3.82998,https://leetcode.com/problems/max-stack
721,Accounts Merge,"Depth-first Search, Union Find",49.2%,Medium,14.8019,https://leetcode.com/problems/accounts-merge
724,Find Pivot Index,Array,44.2%,Easy,0.267871,https://leetcode.com/problems/find-pivot-index
726,Number of Atoms,"Hash Table, Stack, Recursion",49.4%,Hard,17.7204,https://leetcode.com/problems/number-of-atoms
727,Minimum Window Subsequence,"Dynamic Programming, Sliding Window",41.9%,Hard,3.30021,https://leetcode.com/problems/minimum-window-subsequence
729,My Calendar I,Array,52.0%,Medium,2.7933,https://leetcode.com/problems/my-calendar-i
733,Flood Fill,Depth-first Search,55.4%,Easy,27.6526,https://leetcode.com/problems/flood-fill
735,Asteroid Collision,Stack,41.1%,Medium,10.6144,https://leetcode.com/problems/asteroid-collision
737,Sentence Similarity II,"Depth-first Search, Union Find",45.9%,Medium,11.0013,https://leetcode.com/problems/sentence-similarity-ii
739,Daily Temperatures,"Hash Table, Stack",63.7%,Medium,13.4249,https://leetcode.com/problems/daily-temperatures
743,Network Delay Time,"Heap, Depth-first Search, Breadth-first Search, Graph",45.0%,Medium,1.46982,https://leetcode.com/problems/network-delay-time
756,Pyramid Transition Matrix,"Bit Manipulation, Depth-first Search",54.8%,Medium,4.66435,https://leetcode.com/problems/pyramid-transition-matrix
759,Employee Free Time,"Heap, Greedy",66.5%,Hard,11.3197,https://leetcode.com/problems/employee-free-time
763,Partition Labels,"Two Pointers, Greedy",77.2%,Medium,70.1224,https://leetcode.com/problems/partition-labels
767,Reorganize String,"String, Heap, Greedy, Sort",48.9%,Medium,14.956,https://leetcode.com/problems/reorganize-string
770,Basic Calculator IV,"Hash Table, String, Stack",53.0%,Hard,1.14175,https://leetcode.com/problems/basic-calculator-iv
771,Jewels and Stones,Hash Table,86.5%,Easy,0.668113,https://leetcode.com/problems/jewels-and-stones
772,Basic Calculator III,"String, Stack",41.5%,Hard,26.246,https://leetcode.com/problems/basic-calculator-iii
775,Global and Local Inversions,"Array, Math",42.2%,Medium,6.23189,https://leetcode.com/problems/global-and-local-inversions
779,K-th Symbol in Grammar,Recursion,37.4%,Medium,0.673139,https://leetcode.com/problems/k-th-symbol-in-grammar
784,Letter Case Permutation,"Backtracking, Bit Manipulation",65.0%,Medium,1.51879,https://leetcode.com/problems/letter-case-permutation
785,Is Graph Bipartite?,"Depth-first Search, Breadth-first Search, Graph",47.6%,Medium,4.14585,https://leetcode.com/problems/is-graph-bipartite
787,Cheapest Flights Within K Stops,"Dynamic Programming, Heap, Breadth-first Search",39.3%,Medium,1.88925,https://leetcode.com/problems/cheapest-flights-within-k-stops
794,Valid Tic-Tac-Toe State,"Math, Recursion",32.8%,Medium,8.26538,https://leetcode.com/problems/valid-tic-tac-toe-state
796,Rotate String,,49.5%,Easy,0.570807,https://leetcode.com/problems/rotate-string
797,All Paths From Source to Target,,78.0%,Medium,0.740461,https://leetcode.com/problems/all-paths-from-source-to-target
801,Minimum Swaps To Make Sequences Increasing,Dynamic Programming,38.9%,Medium,1.29189,https://leetcode.com/problems/minimum-swaps-to-make-sequences-increasing
805,Split Array With Same Average,Math,26.4%,Hard,3.74792,https://leetcode.com/problems/split-array-with-same-average
815,Bus Routes,Breadth-first Search,42.7%,Hard,18.1782,https://leetcode.com/problems/bus-routes
819,Most Common Word,String,44.9%,Easy,88.4055,https://leetcode.com/problems/most-common-word
827,Making A Large Island,Depth-first Search,46.0%,Hard,1.80722,https://leetcode.com/problems/making-a-large-island
836,Rectangle Overlap,Math,48.4%,Easy,3.15088,https://leetcode.com/problems/rectangle-overlap
839,Similar String Groups,"Depth-first Search, Union Find, Graph",38.7%,Hard,1.60567,https://leetcode.com/problems/similar-string-groups
841,Keys and Rooms,"Depth-first Search, Graph",64.6%,Medium,1.85098,https://leetcode.com/problems/keys-and-rooms
843,Guess the Word,Minimax,46.1%,Hard,2.10389,https://leetcode.com/problems/guess-the-word
844,Backspace String Compare,"Two Pointers, Stack",46.6%,Easy,2.24674,https://leetcode.com/problems/backspace-string-compare
849,Maximize Distance to Closest Person,Array,42.6%,Easy,2.06971,https://leetcode.com/problems/maximize-distance-to-closest-person
852,Peak Index in a Mountain Array,Binary Search,71.7%,Easy,1.77619,https://leetcode.com/problems/peak-index-in-a-mountain-array
854,K-Similar Strings,"Breadth-first Search, Graph",38.3%,Hard,9.68713,https://leetcode.com/problems/k-similar-strings
856,Score of Parentheses,"String, Stack",60.7%,Medium,2.37674,https://leetcode.com/problems/score-of-parentheses
860,Lemonade Change,Greedy,51.6%,Easy,2.16953,https://leetcode.com/problems/lemonade-change
862,Shortest Subarray with Sum at Least K,"Binary Search, Queue",24.7%,Hard,1.45973,https://leetcode.com/problems/shortest-subarray-with-sum-at-least-k
863,All Nodes Distance K in Binary Tree,"Tree, Depth-first Search, Breadth-first Search",55.8%,Medium,27.9775,https://leetcode.com/problems/all-nodes-distance-k-in-binary-tree
866,Prime Palindrome,Math,25.0%,Medium,37.8099,https://leetcode.com/problems/prime-palindrome
873,Length of Longest Fibonacci Subsequence,"Array, Dynamic Programming",48.0%,Medium,3.36964,https://leetcode.com/problems/length-of-longest-fibonacci-subsequence
875,Koko Eating Bananas,Binary Search,52.5%,Medium,2.67759,https://leetcode.com/problems/koko-eating-bananas
876,Middle of the Linked List,Linked List,68.6%,Easy,0.357188,https://leetcode.com/problems/middle-of-the-linked-list
881,Boats to Save People,"Two Pointers, Greedy",46.9%,Medium,5.97231,https://leetcode.com/problems/boats-to-save-people
884,Uncommon Words from Two Sentences,Hash Table,63.4%,Easy,0.898708,https://leetcode.com/problems/uncommon-words-from-two-sentences
889,Construct Binary Tree from Preorder and Postorder Traversal,Tree,66.4%,Medium,3.40362,https://leetcode.com/problems/construct-binary-tree-from-preorder-and-postorder-traversal
895,Maximum Frequency Stack,"Hash Table, Stack",61.5%,Hard,7.13548,https://leetcode.com/problems/maximum-frequency-stack
896,Monotonic Array,Array,58.1%,Easy,0.316877,https://leetcode.com/problems/monotonic-array
901,Online Stock Span,Stack,60.3%,Medium,11.9683,https://leetcode.com/problems/online-stock-span
905,Sort Array By Parity,Array,74.9%,Easy,0.0969874,https://leetcode.com/problems/sort-array-by-parity
909,Snakes and Ladders,Breadth-first Search,38.8%,Medium,25.2578,https://leetcode.com/problems/snakes-and-ladders
912,Sort an Array,,64.1%,Medium,0.754394,https://leetcode.com/problems/sort-an-array
916,Word Subsets,String,47.8%,Medium,1.98844,https://leetcode.com/problems/word-subsets
918,Maximum Sum Circular Subarray,Array,33.7%,Medium,1.09307,https://leetcode.com/problems/maximum-sum-circular-subarray
921,Minimum Add to Make Parentheses Valid,"Stack, Greedy",74.1%,Medium,0.315925,https://leetcode.com/problems/minimum-add-to-make-parentheses-valid
922,Sort Array By Parity II,"Array, Sort",69.6%,Easy,0.863442,https://leetcode.com/problems/sort-array-by-parity-ii
931,Minimum Falling Path Sum,Dynamic Programming,62.6%,Medium,0.564676,https://leetcode.com/problems/minimum-falling-path-sum
937,Reorder Data in Log Files,String,54.2%,Easy,96.1352,https://leetcode.com/problems/reorder-data-in-log-files
938,Range Sum of BST,"Tree, Recursion",81.6%,Easy,0.939911,https://leetcode.com/problems/range-sum-of-bst
939,Minimum Area Rectangle,Hash Table,51.6%,Medium,5.57073,https://leetcode.com/problems/minimum-area-rectangle
951,Flip Equivalent Binary Trees,Tree,65.5%,Medium,1.12505,https://leetcode.com/problems/flip-equivalent-binary-trees
953,Verifying an Alien Dictionary,Hash Table,53.9%,Easy,0.422064,https://leetcode.com/problems/verifying-an-alien-dictionary
957,Prison Cells After N Days,Hash Table,40.6%,Medium,69.8614,https://leetcode.com/problems/prison-cells-after-n-days
963,Minimum Area Rectangle II,"Math, Geometry",51.0%,Medium,3.96005,https://leetcode.com/problems/minimum-area-rectangle-ii
965,Univalued Binary Tree,Tree,67.6%,Easy,0.465021,https://leetcode.com/problems/univalued-binary-tree
966,Vowel Spellchecker,"Hash Table, String",47.3%,Medium,2.89932,https://leetcode.com/problems/vowel-spellchecker
968,Binary Tree Cameras,"Dynamic Programming, Tree, Depth-first Search",37.7%,Hard,1.09649,https://leetcode.com/problems/binary-tree-cameras
969,Pancake Sorting,"Array, Sort",68.2%,Medium,0.199834,https://leetcode.com/problems/pancake-sorting
973,K Closest Points to Origin,"Divide and Conquer, Heap, Sort",64.0%,Medium,66.8333,https://leetcode.com/problems/k-closest-points-to-origin
974,Subarray Sums Divisible by K,"Array, Hash Table",49.1%,Medium,0.693109,https://leetcode.com/problems/subarray-sums-divisible-by-k
977,Squares of a Sorted Array,"Array, Two Pointers",72.2%,Easy,1.31051,https://leetcode.com/problems/squares-of-a-sorted-array
978,Longest Turbulent Subarray,"Array, Dynamic Programming, Sliding Window",46.6%,Medium,9.66551,https://leetcode.com/problems/longest-turbulent-subarray
980,Unique Paths III,"Backtracking, Depth-first Search",73.5%,Hard,14.1384,https://leetcode.com/problems/unique-paths-iii
981,Time Based Key-Value Store,"Hash Table, Binary Search",53.1%,Medium,19.7502,https://leetcode.com/problems/time-based-key-value-store
983,Minimum Cost For Tickets,Dynamic Programming,62.5%,Medium,0.14895,https://leetcode.com/problems/minimum-cost-for-tickets
986,Interval List Intersections,Two Pointers,67.5%,Medium,2.42925,https://leetcode.com/problems/interval-list-intersections
987,Vertical Order Traversal of a Binary Tree,"Hash Table, Tree",36.5%,Medium,2.77806,https://leetcode.com/problems/vertical-order-traversal-of-a-binary-tree
992,Subarrays with K Different Integers,"Hash Table, Two Pointers, Sliding Window",49.0%,Hard,6.97799,https://leetcode.com/problems/subarrays-with-k-different-integers
993,Cousins in Binary Tree,"Tree, Breadth-first Search",52.0%,Easy,1.70187,https://leetcode.com/problems/cousins-in-binary-tree
994,Rotting Oranges,Breadth-first Search,49.3%,Medium,78.3623,https://leetcode.com/problems/rotting-oranges
995,Minimum Number of K Consecutive Bit Flips,"Greedy, Sliding Window",47.1%,Hard,2.32245,https://leetcode.com/problems/minimum-number-of-k-consecutive-bit-flips
997,Find the Town Judge,Graph,50.0%,Easy,10.5856,https://leetcode.com/problems/find-the-town-judge
1000,Minimum Cost to Merge Stones,Dynamic Programming,40.1%,Hard,16.9732,https://leetcode.com/problems/minimum-cost-to-merge-stones
1002,Find Common Characters,"Array, Hash Table",67.7%,Easy,4.22965,https://leetcode.com/problems/find-common-characters
1004,Max Consecutive Ones III,"Two Pointers, Sliding Window",59.4%,Medium,6.22032,https://leetcode.com/problems/max-consecutive-ones-iii
1005,Maximize Sum Of Array After K Negations,Greedy,51.4%,Easy,1.61803,https://leetcode.com/problems/maximize-sum-of-array-after-k-negations
1007,Minimum Domino Rotations For Equal Row,"Array, Greedy",50.0%,Medium,2.68959,https://leetcode.com/problems/minimum-domino-rotations-for-equal-row
1008,Construct Binary Search Tree from Preorder Traversal,Tree,78.5%,Medium,4.59621,https://leetcode.com/problems/construct-binary-search-tree-from-preorder-traversal
1010,Pairs of Songs With Total Durations Divisible by 60,Array,47.3%,Easy,6.82116,https://leetcode.com/problems/pairs-of-songs-with-total-durations-divisible-by-60
1011,Capacity To Ship Packages Within D Days,"Array, Binary Search",58.7%,Medium,17.2695,https://leetcode.com/problems/capacity-to-ship-packages-within-d-days
1013,Partition Array Into Three Parts With Equal Sum,Array,51.3%,Easy,2.59884,https://leetcode.com/problems/partition-array-into-three-parts-with-equal-sum
1019,Next Greater Node In Linked List,"Linked List, Stack",58.1%,Medium,3.09005,https://leetcode.com/problems/next-greater-node-in-linked-list
1022,Sum of Root To Leaf Binary Numbers,Tree,67.5%,Easy,0.728153,https://leetcode.com/problems/sum-of-root-to-leaf-binary-numbers
1024,Video Stitching,Dynamic Programming,49.2%,Medium,1.58389,https://leetcode.com/problems/video-stitching
1026,Maximum Difference Between Node and Ancestor,"Tree, Depth-first Search",66.2%,Medium,0.510645,https://leetcode.com/problems/maximum-difference-between-node-and-ancestor
1027,Longest Arithmetic Subsequence,Dynamic Programming,52.3%,Medium,0.743604,https://leetcode.com/problems/longest-arithmetic-subsequence
1031,Maximum Sum of Two Non-Overlapping Subarrays,Array,58.0%,Medium,7.14225,https://leetcode.com/problems/maximum-sum-of-two-non-overlapping-subarrays
1032,Stream of Characters,Trie,48.3%,Hard,0.476081,https://leetcode.com/problems/stream-of-characters
1038,Binary Search Tree to Greater Sum Tree,Binary Search Tree,81.1%,Medium,17.1398,https://leetcode.com/problems/binary-search-tree-to-greater-sum-tree
1044,Longest Duplicate Substring,"Hash Table, Binary Search",31.9%,Hard,15.8915,https://leetcode.com/problems/longest-duplicate-substring
1046,Last Stone Weight,"Heap, Greedy",62.1%,Easy,6.04299,https://leetcode.com/problems/last-stone-weight
1047,Remove All Adjacent Duplicates In String,Stack,69.1%,Easy,0.248556,https://leetcode.com/problems/remove-all-adjacent-duplicates-in-string
1048,Longest String Chain,"Hash Table, Dynamic Programming",54.8%,Medium,0.448172,https://leetcode.com/problems/longest-string-chain
1049,Last Stone Weight II,Dynamic Programming,44.2%,Medium,0.85835,https://leetcode.com/problems/last-stone-weight-ii
1057,Campus Bikes,"Greedy, Sort",57.6%,Medium,9.61545,https://leetcode.com/problems/campus-bikes
1060,Missing Element in Sorted Array,Binary Search,54.5%,Medium,1.93802,https://leetcode.com/problems/missing-element-in-sorted-array
1066,Campus Bikes II,"Dynamic Programming, Backtracking",54.3%,Medium,5.77893,https://leetcode.com/problems/campus-bikes-ii
1074,Number of Submatrices That Sum to Target,"Array, Dynamic Programming, Sliding Window",60.5%,Hard,0.667582,https://leetcode.com/problems/number-of-submatrices-that-sum-to-target
1081,Smallest Subsequence of Distinct Characters,String,50.8%,Medium,1.62805,https://leetcode.com/problems/smallest-subsequence-of-distinct-characters
1083,Sales Analysis II,,50.5%,Easy,3.40362,https://leetcode.com/problems/sales-analysis-ii
1084,Sales Analysis III,,54.5%,Easy,5.84071,https://leetcode.com/problems/sales-analysis-iii
1091,Shortest Path in Binary Matrix,Breadth-first Search,38.3%,Medium,18.4316,https://leetcode.com/problems/shortest-path-in-binary-matrix
1094,Car Pooling,Greedy,56.7%,Medium,3.98638,https://leetcode.com/problems/car-pooling
1099,Two Sum Less Than K,Array,60.7%,Easy,24.2332,https://leetcode.com/problems/two-sum-less-than-k
1100,Find K-Length Substrings With No Repeated Characters,"String, Sliding Window",72.9%,Medium,16.1338,https://leetcode.com/problems/find-k-length-substrings-with-no-repeated-characters
1102,Path With Maximum Minimum Value,"Depth-first Search, Union Find, Graph",49.6%,Medium,41.6584,https://leetcode.com/problems/path-with-maximum-minimum-value
1108,Defanging an IP Address,String,87.8%,Easy,0.683867,https://leetcode.com/problems/defanging-an-ip-address
1110,Delete Nodes And Return Forest,"Tree, Depth-first Search",67.2%,Medium,0.916999,https://leetcode.com/problems/delete-nodes-and-return-forest
1117,Building H2O,,52.7%,Medium,3.39628,https://leetcode.com/problems/building-h2o
1120,Maximum Average Subtree,Tree,62.5%,Medium,16.987,https://leetcode.com/problems/maximum-average-subtree
1122,Relative Sort Array,"Array, Sort",67.6%,Easy,1.93892,https://leetcode.com/problems/relative-sort-array
1130,Minimum Cost Tree From Leaf Values,"Dynamic Programming, Stack, Tree",66.9%,Medium,4.93972,https://leetcode.com/problems/minimum-cost-tree-from-leaf-values
1135,Connecting Cities With Minimum Cost,"Union Find, Graph",58.0%,Medium,9.53085,https://leetcode.com/problems/connecting-cities-with-minimum-cost
1139,Largest 1-Bordered Square,Dynamic Programming,47.7%,Medium,3.25923,https://leetcode.com/problems/largest-1-bordered-square
1143,Longest Common Subsequence,Dynamic Programming,58.4%,Medium,3.70561,https://leetcode.com/problems/longest-common-subsequence
1146,Snapshot Array,Array,37.0%,Medium,1.66414,https://leetcode.com/problems/snapshot-array
1152,Analyze User Website Visit Pattern,"Array, Hash Table, Sort",43.7%,Medium,60.4446,https://leetcode.com/problems/analyze-user-website-visit-pattern
1153,String Transforms Into Another String,Graph,35.8%,Hard,2.84607,https://leetcode.com/problems/string-transforms-into-another-string
1155,Number of Dice Rolls With Target Sum,Dynamic Programming,48.6%,Medium,15.4736,https://leetcode.com/problems/number-of-dice-rolls-with-target-sum
1160,Find Words That Can Be Formed by Characters,"Array, Hash Table",67.4%,Easy,0.567112,https://leetcode.com/problems/find-words-that-can-be-formed-by-characters
1161,Maximum Level Sum of a Binary Tree,Graph,72.4%,Medium,1.98188,https://leetcode.com/problems/maximum-level-sum-of-a-binary-tree
1162,As Far from Land as Possible,"Breadth-first Search, Graph",43.6%,Medium,1.07519,https://leetcode.com/problems/as-far-from-land-as-possible
1166,Design File System,"Hash Table, Design",56.9%,Medium,5.61372,https://leetcode.com/problems/design-file-system
1167,Minimum Cost to Connect Sticks,Greedy,63.1%,Medium,56.4205,https://leetcode.com/problems/minimum-cost-to-connect-sticks
1172,Dinner Plate Stacks,Design,38.0%,Hard,3.91572,https://leetcode.com/problems/dinner-plate-stacks
1179,Reformat Department Table,,81.1%,Easy,0.703781,https://leetcode.com/problems/reformat-department-table
1188,Design Bounded Blocking Queue,,70.6%,Medium,5.19323,https://leetcode.com/problems/design-bounded-blocking-queue
1192,Critical Connections in a Network,Depth-first Search,48.6%,Hard,100.0,https://leetcode.com/problems/critical-connections-in-a-network
1197,Minimum Knight Moves,Breadth-first Search,36.1%,Medium,7.45367,https://leetcode.com/problems/minimum-knight-moves
1198,Find Smallest Common Element in All Rows,"Hash Table, Binary Search",74.8%,Medium,5.3282,https://leetcode.com/problems/find-smallest-common-element-in-all-rows
1202,Smallest String With Swaps,"Array, Union Find",46.7%,Medium,2.02679,https://leetcode.com/problems/smallest-string-with-swaps
1214,Two Sum BSTs,Binary Search Tree,67.7%,Medium,14.7886,https://leetcode.com/problems/two-sum-bsts
1215,Stepping Numbers,Backtracking,41.9%,Medium,8.9198,https://leetcode.com/problems/stepping-numbers
1216,Valid Palindrome III,"String, Dynamic Programming",47.8%,Hard,2.67759,https://leetcode.com/problems/valid-palindrome-iii
1219,Path with Maximum Gold,Backtracking,65.2%,Medium,15.0292,https://leetcode.com/problems/path-with-maximum-gold
1221,Split a String in Balanced Strings,"String, Greedy",83.5%,Easy,0.245023,https://leetcode.com/problems/split-a-string-in-balanced-strings
1229,Meeting Scheduler,Line Sweep,53.1%,Medium,6.88404,https://leetcode.com/problems/meeting-scheduler
1233,Remove Sub-Folders from the Filesystem,"Array, String",59.9%,Medium,1.57205,https://leetcode.com/problems/remove-sub-folders-from-the-filesystem
1236,Web Crawler,"Depth-first Search, Breadth-first Search",64.3%,Medium,13.7052,https://leetcode.com/problems/web-crawler
1242,Web Crawler Multithreaded,"Depth-first Search, Breadth-first Search",45.5%,Medium,1.87492,https://leetcode.com/problems/web-crawler-multithreaded
1244,Design A Leaderboard,"Hash Table, Sort, Design",61.8%,Medium,6.76598,https://leetcode.com/problems/design-a-leaderboard
1245,Tree Diameter,"Tree, Depth-first Search, Breadth-first Search",60.2%,Medium,2.29706,https://leetcode.com/problems/tree-diameter
1247,Minimum Swaps to Make Strings Equal,"String, Greedy",60.4%,Medium,2.05453,https://leetcode.com/problems/minimum-swaps-to-make-strings-equal
1248,Count Number of Nice Subarrays,Two Pointers,56.6%,Medium,1.16066,https://leetcode.com/problems/count-number-of-nice-subarrays
1249,Minimum Remove to Make Valid Parentheses,"String, Stack",63.0%,Medium,1.4929,https://leetcode.com/problems/minimum-remove-to-make-valid-parentheses
1254,Number of Closed Islands,Depth-first Search,60.8%,Medium,1.86936,https://leetcode.com/problems/number-of-closed-islands
1258,Synonymous Sentences,Backtracking,64.9%,Medium,8.69639,https://leetcode.com/problems/synonymous-sentences
1266,Minimum Time Visiting All Points,"Array, Geometry",79.5%,Easy,0.277853,https://leetcode.com/problems/minimum-time-visiting-all-points
1267,Count Servers that Communicate,"Array, Graph",57.8%,Medium,1.17888,https://leetcode.com/problems/count-servers-that-communicate
1268,Search Suggestions System,String,63.6%,Medium,58.2412,https://leetcode.com/problems/search-suggestions-system
1270,All People Report to the Given Manager,,87.5%,Medium,1.31615,https://leetcode.com/problems/all-people-report-to-the-given-manager
1275,Find Winner on a Tic Tac Toe Game,Array,52.9%,Easy,5.56126,https://leetcode.com/problems/find-winner-on-a-tic-tac-toe-game
1279,Traffic Light Controlled Intersection,,74.4%,Easy,8.08909,https://leetcode.com/problems/traffic-light-controlled-intersection
1283,Find the Smallest Divisor Given a Threshold,Binary Search,48.8%,Medium,0.710439,https://leetcode.com/problems/find-the-smallest-divisor-given-a-threshold
1299,Replace Elements with Greatest Element on Right Side,Array,75.1%,Easy,2.67217,https://leetcode.com/problems/replace-elements-with-greatest-element-on-right-side
1304,Find N Unique Integers Sum up to Zero,Array,76.3%,Easy,0.318606,https://leetcode.com/problems/find-n-unique-integers-sum-up-to-zero
1315,Sum of Nodes with Even-Valued Grandparent,"Tree, Depth-first Search",83.4%,Medium,3.1964,https://leetcode.com/problems/sum-of-nodes-with-even-valued-grandparent
1328,Break a Palindrome,String,43.8%,Medium,2.11708,https://leetcode.com/problems/break-a-palindrome
1335,Minimum Difficulty of a Job Schedule,Dynamic Programming,57.7%,Hard,10.9098,https://leetcode.com/problems/minimum-difficulty-of-a-job-schedule
1339,Maximum Product of Splitted Binary Tree,"Dynamic Programming, Tree, Depth-first Search",37.2%,Medium,1.31451,https://leetcode.com/problems/maximum-product-of-splitted-binary-tree
1342,Number of Steps to Reduce a Number to Zero,Bit Manipulation,86.2%,Easy,0.187916,https://leetcode.com/problems/number-of-steps-to-reduce-a-number-to-zero
1344,Angle Between Hands of a Clock,Math,61.3%,Medium,3.08226,https://leetcode.com/problems/angle-between-hands-of-a-clock
1351,Count Negative Numbers in a Sorted Matrix,"Array, Binary Search",76.5%,Easy,0.330941,https://leetcode.com/problems/count-negative-numbers-in-a-sorted-matrix
1360,Number of Days Between Two Dates,,48.3%,Easy,7.91961,https://leetcode.com/problems/number-of-days-between-two-dates
1365,How Many Numbers Are Smaller Than the Current Number,"Array, Hash Table",85.7%,Easy,0.149472,https://leetcode.com/problems/how-many-numbers-are-smaller-than-the-current-number
1373,Maximum Sum BST in Binary Tree,"Dynamic Programming, Binary Search Tree",39.9%,Hard,4.0105,https://leetcode.com/problems/maximum-sum-bst-in-binary-tree
1375,Bulb Switcher III,Array,63.2%,Medium,2.53203,https://leetcode.com/problems/bulb-switcher-iii
1382,Balance a Binary Search Tree,Binary Search Tree,75.0%,Medium,1.06972,https://leetcode.com/problems/balance-a-binary-search-tree
1395,Count Number of Teams,Array,82.1%,Medium,0.405948,https://leetcode.com/problems/count-number-of-teams
1405,Longest Happy String,"Dynamic Programming, Greedy",49.4%,Medium,2.99011,https://leetcode.com/problems/longest-happy-string
1429,First Unique Number,"Hash Table, Design",47.5%,Medium,11.7753,https://leetcode.com/problems/first-unique-number
1430,Check If a String Is a Valid Sequence from Root to Leaves Path in a Binary Tree,Tree,44.9%,Medium,3.88672,https://leetcode.com/problems/check-if-a-string-is-a-valid-sequence-from-root-to-leaves-path-in-a-binary-tree
1431,Kids With the Greatest Number of Candies,Array,88.7%,Easy,0.111399,https://leetcode.com/problems/kids-with-the-greatest-number-of-candies
1479,Sales by Day of the Week,,84.5%,Hard,3.02456,https://leetcode.com/problems/sales-by-day-of-the-week
1520,Maximum Number of Non-Overlapping Substrings,Greedy,33.4%,Hard,3.20943,https://leetcode.com/problems/maximum-number-of-non-overlapping-substrings
