Id,Title,Tags,Acceptance,Difficulty,Frequency,Link
1,Two Sum,"Array, Hash Table",45.7%,Easy,34.2745,https://leetcode.com/problems/two-sum
2,Add Two Numbers,"Linked List, Math",34.1%,Medium,10.2581,https://leetcode.com/problems/add-two-numbers
3,Longest Substring Without Repeating Characters,"Hash Table, Two Pointers, String, Sliding Window",30.5%,Medium,7.22696,https://leetcode.com/problems/longest-substring-without-repeating-characters
4,Median of Two Sorted Arrays,"Array, Binary Search, Divide and Conquer",29.8%,Hard,5.38355,https://leetcode.com/problems/median-of-two-sorted-arrays
5,Longest Palindromic Substring,"String, Dynamic Programming",29.6%,Medium,11.703,https://leetcode.com/problems/longest-palindromic-substring
6,ZigZag Conversion,String,36.6%,Medium,0.709782,https://leetcode.com/problems/zigzag-conversion
7,Reverse Integer,Math,25.8%,Easy,0.170214,https://leetcode.com/problems/reverse-integer
8,String to Integer (atoi),"Math, String",15.4%,Medium,2.1599,https://leetcode.com/problems/string-to-integer-atoi
9,Palindrome Number,Math,48.6%,Easy,0.0705253,https://leetcode.com/problems/palindrome-number
10,Regular Expression Matching,"String, Dynamic Programming, Backtracking",26.9%,Hard,3.84569,https://leetcode.com/problems/regular-expression-matching
11,Container With Most Water,"Array, Two Pointers",51.1%,Medium,2.81079,https://leetcode.com/problems/container-with-most-water
12,Integer to Roman,"Math, String",55.3%,Medium,9.41409,https://leetcode.com/problems/integer-to-roman
13,Roman to Integer,"Math, String",55.9%,Easy,5.17853,https://leetcode.com/problems/roman-to-integer
14,Longest Common Prefix,String,35.5%,Easy,0.473648,https://leetcode.com/problems/longest-common-prefix
15,3Sum,"Array, Two Pointers",27.0%,Medium,10.8275,https://leetcode.com/problems/3sum
16,3Sum Closest,"Array, Two Pointers",46.0%,Medium,0.706853,https://leetcode.com/problems/3sum-closest
17,Letter Combinations of a Phone Number,"String, Backtracking",47.1%,Medium,10.7195,https://leetcode.com/problems/letter-combinations-of-a-phone-number
18,4Sum,"Array, Hash Table, Two Pointers",33.8%,Medium,2.81283,https://leetcode.com/problems/4sum
19,Remove Nth Node From End of List,"Linked List, Two Pointers",35.3%,Medium,3.55857,https://leetcode.com/problems/remove-nth-node-from-end-of-list
20,Valid Parentheses,"String, Stack",39.1%,Easy,7.14643,https://leetcode.com/problems/valid-parentheses
21,Merge Two Sorted Lists,Linked List,53.9%,Easy,17.0091,https://leetcode.com/problems/merge-two-sorted-lists
22,Generate Parentheses,"String, Backtracking",63.1%,Medium,3.98472,https://leetcode.com/problems/generate-parentheses
23,Merge k Sorted Lists,"Linked List, Divide and Conquer, Heap",40.6%,Hard,40.3055,https://leetcode.com/problems/merge-k-sorted-lists
25,Reverse Nodes in k-Group,Linked List,42.5%,Hard,6.44937,https://leetcode.com/problems/reverse-nodes-in-k-group
26,Remove Duplicates from Sorted Array,"Array, Two Pointers",45.4%,Easy,0.172268,https://leetcode.com/problems/remove-duplicates-from-sorted-array
28,Implement strStr(),"Two Pointers, String",34.6%,Easy,0.359614,https://leetcode.com/problems/implement-strstr
29,Divide Two Integers,"Math, Binary Search",16.4%,Medium,1.83299,https://leetcode.com/problems/divide-two-integers
31,Next Permutation,Array,32.7%,Medium,0.531816,https://leetcode.com/problems/next-permutation
32,Longest Valid Parentheses,"String, Dynamic Programming",28.5%,Hard,1.26493,https://leetcode.com/problems/longest-valid-parentheses
33,Search in Rotated Sorted Array,"Array, Binary Search",34.7%,Medium,5.56629,https://leetcode.com/problems/search-in-rotated-sorted-array
34,Find First and Last Position of Element in Sorted Array,"Array, Binary Search",36.3%,Medium,1.49714,https://leetcode.com/problems/find-first-and-last-position-of-element-in-sorted-array
36,Valid Sudoku,Hash Table,49.1%,Medium,3.3117,https://leetcode.com/problems/valid-sudoku
37,Sudoku Solver,"Hash Table, Backtracking",44.0%,Hard,2.62726,https://leetcode.com/problems/sudoku-solver
38,Count and Say,String,44.9%,Easy,0.747574,https://leetcode.com/problems/count-and-say
39,Combination Sum,"Array, Backtracking",56.5%,Medium,2.64289,https://leetcode.com/problems/combination-sum
40,Combination Sum II,"Array, Backtracking",48.6%,Medium,0.238346,https://leetcode.com/problems/combination-sum-ii
41,First Missing Positive,Array,32.2%,Hard,3.0539,https://leetcode.com/problems/first-missing-positive
42,Trapping Rain Water,"Array, Two Pointers, Stack",49.2%,Hard,23.5901,https://leetcode.com/problems/trapping-rain-water
44,Wildcard Matching,"String, Dynamic Programming, Backtracking, Greedy",24.8%,Hard,0.65375,https://leetcode.com/problems/wildcard-matching
45,Jump Game II,"Array, Greedy",30.7%,Hard,9.17947,https://leetcode.com/problems/jump-game-ii
46,Permutations,Backtracking,64.0%,Medium,4.95615,https://leetcode.com/problems/permutations
48,Rotate Image,Array,57.3%,Medium,0.673227,https://leetcode.com/problems/rotate-image
49,Group Anagrams,"Hash Table, String",57.3%,Medium,12.7112,https://leetcode.com/problems/group-anagrams
50,"Pow(x, n)","Math, Binary Search",30.5%,Medium,0.754279,https://leetcode.com/problems/powx-n
51,N-Queens,Backtracking,47.1%,Hard,4.57296,https://leetcode.com/problems/n-queens
53,Maximum Subarray,"Array, Divide and Conquer, Dynamic Programming",46.7%,Easy,6.99362,https://leetcode.com/problems/maximum-subarray
54,Spiral Matrix,Array,34.3%,Medium,4.48547,https://leetcode.com/problems/spiral-matrix
55,Jump Game,"Array, Greedy",34.7%,Medium,7.53919,https://leetcode.com/problems/jump-game
56,Merge Intervals,"Array, Sort",39.5%,Medium,10.6279,https://leetcode.com/problems/merge-intervals
57,Insert Interval,"Array, Sort",33.7%,Hard,4.27886,https://leetcode.com/problems/insert-interval
61,Rotate List,"Linked List, Two Pointers",30.2%,Medium,0.515189,https://leetcode.com/problems/rotate-list
62,Unique Paths,"Array, Dynamic Programming",54.4%,Medium,0.693461,https://leetcode.com/problems/unique-paths
63,Unique Paths II,"Array, Dynamic Programming",34.7%,Medium,0.833253,https://leetcode.com/problems/unique-paths-ii
64,Minimum Path Sum,"Array, Dynamic Programming",54.8%,Medium,5.5354,https://leetcode.com/problems/minimum-path-sum
65,Valid Number,"Math, String",15.4%,Hard,2.20308,https://leetcode.com/problems/valid-number
66,Plus One,Array,43.0%,Easy,0.515661,https://leetcode.com/problems/plus-one
67,Add Binary,"Math, String",45.5%,Easy,0.571642,https://leetcode.com/problems/add-binary
68,Text Justification,String,28.0%,Hard,0.716192,https://leetcode.com/problems/text-justification
69,Sqrt(x),"Math, Binary Search",34.1%,Easy,0.476013,https://leetcode.com/problems/sqrtx
70,Climbing Stairs,Dynamic Programming,47.9%,Easy,0.613928,https://leetcode.com/problems/climbing-stairs
71,Simplify Path,"String, Stack",32.8%,Medium,1.60504,https://leetcode.com/problems/simplify-path
72,Edit Distance,"String, Dynamic Programming",45.1%,Hard,2.01428,https://leetcode.com/problems/edit-distance
73,Set Matrix Zeroes,Array,43.3%,Medium,0.654961,https://leetcode.com/problems/set-matrix-zeroes
74,Search a 2D Matrix,"Array, Binary Search",36.6%,Medium,6.28574,https://leetcode.com/problems/search-a-2d-matrix
75,Sort Colors,"Array, Two Pointers, Sort",47.6%,Medium,3.34632,https://leetcode.com/problems/sort-colors
76,Minimum Window Substring,"Hash Table, Two Pointers, String, Sliding Window",34.9%,Hard,7.06056,https://leetcode.com/problems/minimum-window-substring
77,Combinations,Backtracking,55.1%,Medium,0.307837,https://leetcode.com/problems/combinations
79,Word Search,"Array, Backtracking",35.8%,Medium,10.4265,https://leetcode.com/problems/word-search
82,Remove Duplicates from Sorted List II,Linked List,37.1%,Medium,0.686543,https://leetcode.com/problems/remove-duplicates-from-sorted-list-ii
84,Largest Rectangle in Histogram,"Array, Stack",35.5%,Hard,3.13797,https://leetcode.com/problems/largest-rectangle-in-histogram
85,Maximal Rectangle,"Array, Hash Table, Dynamic Programming, Stack",38.0%,Hard,3.48657,https://leetcode.com/problems/maximal-rectangle
86,Partition List,"Linked List, Two Pointers",41.9%,Medium,1.54872,https://leetcode.com/problems/partition-list
88,Merge Sorted Array,"Array, Two Pointers",39.6%,Easy,1.6502,https://leetcode.com/problems/merge-sorted-array
90,Subsets II,"Array, Backtracking",47.4%,Medium,0.286118,https://leetcode.com/problems/subsets-ii
91,Decode Ways,"String, Dynamic Programming",24.9%,Medium,2.64415,https://leetcode.com/problems/decode-ways
92,Reverse Linked List II,Linked List,39.1%,Medium,1.43168,https://leetcode.com/problems/reverse-linked-list-ii
93,Restore IP Addresses,"String, Backtracking",36.0%,Medium,3.85481,https://leetcode.com/problems/restore-ip-addresses
94,Binary Tree Inorder Traversal,"Hash Table, Stack, Tree",63.8%,Medium,0.155497,https://leetcode.com/problems/binary-tree-inorder-traversal
95,Unique Binary Search Trees II,"Dynamic Programming, Tree",41.0%,Medium,1.75363,https://leetcode.com/problems/unique-binary-search-trees-ii
96,Unique Binary Search Trees,"Dynamic Programming, Tree",53.2%,Medium,2.86323,https://leetcode.com/problems/unique-binary-search-trees
97,Interleaving String,"String, Dynamic Programming",31.7%,Hard,4.30906,https://leetcode.com/problems/interleaving-string
98,Validate Binary Search Tree,"Tree, Depth-first Search",27.9%,Medium,1.06965,https://leetcode.com/problems/validate-binary-search-tree
99,Recover Binary Search Tree,"Tree, Depth-first Search",40.0%,Hard,4.32651,https://leetcode.com/problems/recover-binary-search-tree
100,Same Tree,"Tree, Depth-first Search",53.5%,Easy,0.283408,https://leetcode.com/problems/same-tree
101,Symmetric Tree,"Tree, Depth-first Search, Breadth-first Search",47.1%,Easy,3.25362,https://leetcode.com/problems/symmetric-tree
102,Binary Tree Level Order Traversal,"Tree, Breadth-first Search",54.9%,Medium,0.761594,https://leetcode.com/problems/binary-tree-level-order-traversal
103,Binary Tree Zigzag Level Order Traversal,"Stack, Tree, Breadth-first Search",48.6%,Medium,10.1885,https://leetcode.com/problems/binary-tree-zigzag-level-order-traversal
104,Maximum Depth of Binary Tree,"Tree, Depth-first Search",66.3%,Easy,0.403476,https://leetcode.com/problems/maximum-depth-of-binary-tree
105,Construct Binary Tree from Preorder and Inorder Traversal,"Array, Tree, Depth-first Search",49.3%,Medium,7.3402,https://leetcode.com/problems/construct-binary-tree-from-preorder-and-inorder-traversal
106,Construct Binary Tree from Inorder and Postorder Traversal,"Array, Tree, Depth-first Search",47.6%,Medium,2.64644,https://leetcode.com/problems/construct-binary-tree-from-inorder-and-postorder-traversal
107,Binary Tree Level Order Traversal II,"Tree, Breadth-first Search",53.8%,Easy,0.550888,https://leetcode.com/problems/binary-tree-level-order-traversal-ii
108,Convert Sorted Array to Binary Search Tree,"Tree, Depth-first Search",58.4%,Easy,0.854455,https://leetcode.com/problems/convert-sorted-array-to-binary-search-tree
109,Convert Sorted List to Binary Search Tree,"Linked List, Depth-first Search",48.1%,Medium,1.3962,https://leetcode.com/problems/convert-sorted-list-to-binary-search-tree
110,Balanced Binary Tree,"Tree, Depth-first Search",43.7%,Easy,0.402035,https://leetcode.com/problems/balanced-binary-tree
112,Path Sum,"Tree, Depth-first Search",41.4%,Easy,0.116185,https://leetcode.com/problems/path-sum
113,Path Sum II,"Tree, Depth-first Search",47.1%,Medium,1.75195,https://leetcode.com/problems/path-sum-ii
114,Flatten Binary Tree to Linked List,"Tree, Depth-first Search",49.7%,Medium,0.204011,https://leetcode.com/problems/flatten-binary-tree-to-linked-list
116,Populating Next Right Pointers in Each Node,"Tree, Depth-first Search",45.7%,Medium,3.48887,https://leetcode.com/problems/populating-next-right-pointers-in-each-node
117,Populating Next Right Pointers in Each Node II,"Tree, Depth-first Search",39.5%,Medium,3.29286,https://leetcode.com/problems/populating-next-right-pointers-in-each-node-ii
118,Pascal's Triangle,Array,52.9%,Easy,0.158006,https://leetcode.com/problems/pascals-triangle
120,Triangle,"Array, Dynamic Programming",44.4%,Medium,1.2613,https://leetcode.com/problems/triangle
121,Best Time to Buy and Sell Stock,"Array, Dynamic Programming",50.6%,Easy,13.4378,https://leetcode.com/problems/best-time-to-buy-and-sell-stock
122,Best Time to Buy and Sell Stock II,"Array, Greedy",57.2%,Easy,2.44305,https://leetcode.com/problems/best-time-to-buy-and-sell-stock-ii
123,Best Time to Buy and Sell Stock III,"Array, Dynamic Programming",38.6%,Hard,2.10773,https://leetcode.com/problems/best-time-to-buy-and-sell-stock-iii
124,Binary Tree Maximum Path Sum,"Tree, Depth-first Search",34.5%,Hard,1.55163,https://leetcode.com/problems/binary-tree-maximum-path-sum
125,Valid Palindrome,"Two Pointers, String",36.9%,Easy,0.304835,https://leetcode.com/problems/valid-palindrome
126,Word Ladder II,"Array, String, Backtracking, Breadth-first Search",22.4%,Hard,15.3217,https://leetcode.com/problems/word-ladder-ii
127,Word Ladder,Breadth-first Search,29.9%,Medium,24.1215,https://leetcode.com/problems/word-ladder
128,Longest Consecutive Sequence,"Array, Union Find",45.3%,Hard,1.80075,https://leetcode.com/problems/longest-consecutive-sequence
129,Sum Root to Leaf Numbers,"Tree, Depth-first Search",49.4%,Medium,1.93873,https://leetcode.com/problems/sum-root-to-leaf-numbers
130,Surrounded Regions,"Depth-first Search, Breadth-first Search, Union Find",28.3%,Medium,0.30917,https://leetcode.com/problems/surrounded-regions
131,Palindrome Partitioning,Backtracking,48.0%,Medium,1.20861,https://leetcode.com/problems/palindrome-partitioning
132,Palindrome Partitioning II,Dynamic Programming,30.4%,Hard,0.580632,https://leetcode.com/problems/palindrome-partitioning-ii
134,Gas Station,Greedy,38.8%,Medium,2.04546,https://leetcode.com/problems/gas-station
135,Candy,Greedy,31.8%,Hard,0.721502,https://leetcode.com/problems/candy
136,Single Number,"Hash Table, Bit Manipulation",65.7%,Easy,0.422347,https://leetcode.com/problems/single-number
137,Single Number II,Bit Manipulation,52.6%,Medium,1.56343,https://leetcode.com/problems/single-number-ii
138,Copy List with Random Pointer,"Hash Table, Linked List",37.0%,Medium,31.3243,https://leetcode.com/problems/copy-list-with-random-pointer
139,Word Break,Dynamic Programming,40.3%,Medium,17.1055,https://leetcode.com/problems/word-break
140,Word Break II,"Dynamic Programming, Backtracking",32.9%,Hard,25.1011,https://leetcode.com/problems/word-break-ii
141,Linked List Cycle,"Linked List, Two Pointers",41.4%,Easy,0.326719,https://leetcode.com/problems/linked-list-cycle
143,Reorder List,Linked List,39.0%,Medium,0.649276,https://leetcode.com/problems/reorder-list
146,LRU Cache,Design,33.5%,Medium,56.4292,https://leetcode.com/problems/lru-cache
148,Sort List,"Linked List, Sort",42.9%,Medium,4.02594,https://leetcode.com/problems/sort-list
150,Evaluate Reverse Polish Notation,Stack,36.6%,Medium,0.782182,https://leetcode.com/problems/evaluate-reverse-polish-notation
151,Reverse Words in a String,String,22.1%,Medium,0.846095,https://leetcode.com/problems/reverse-words-in-a-string
152,Maximum Product Subarray,"Array, Dynamic Programming",31.8%,Medium,1.46006,https://leetcode.com/problems/maximum-product-subarray
153,Find Minimum in Rotated Sorted Array,"Array, Binary Search",45.2%,Medium,2.19743,https://leetcode.com/problems/find-minimum-in-rotated-sorted-array
154,Find Minimum in Rotated Sorted Array II,"Array, Binary Search",41.6%,Hard,0.414024,https://leetcode.com/problems/find-minimum-in-rotated-sorted-array-ii
155,Min Stack,"Stack, Design",44.8%,Easy,5.41967,https://leetcode.com/problems/min-stack
158,Read N Characters Given Read4 II - Call multiple times,String,34.2%,Hard,0.601849,https://leetcode.com/problems/read-n-characters-given-read4-ii-call-multiple-times
161,One Edit Distance,String,32.3%,Medium,1.75771,https://leetcode.com/problems/one-edit-distance
162,Find Peak Element,"Array, Binary Search",43.4%,Medium,0.147472,https://leetcode.com/problems/find-peak-element
165,Compare Version Numbers,String,27.6%,Medium,6.51832,https://leetcode.com/problems/compare-version-numbers
167,Two Sum II - Input array is sorted,"Array, Two Pointers, Binary Search",54.3%,Easy,0.280635,https://leetcode.com/problems/two-sum-ii-input-array-is-sorted
169,Majority Element,"Array, Divide and Conquer, Bit Manipulation",58.9%,Easy,0.679655,https://leetcode.com/problems/majority-element
171,Excel Sheet Column Number,Math,56.2%,Easy,0.0420091,https://leetcode.com/problems/excel-sheet-column-number
173,Binary Search Tree Iterator,"Stack, Tree, Design",57.1%,Medium,7.71202,https://leetcode.com/problems/binary-search-tree-iterator
176,Second Highest Salary,,31.9%,Easy,2.07758,https://leetcode.com/problems/second-highest-salary
177,Nth Highest Salary,,31.6%,Medium,2.07787,https://leetcode.com/problems/nth-highest-salary
178,Rank Scores,,46.5%,Medium,0.921295,https://leetcode.com/problems/rank-scores
179,Largest Number,Sort,29.0%,Medium,1.2639,https://leetcode.com/problems/largest-number
181,Employees Earning More Than Their Managers,,57.4%,Easy,0.700723,https://leetcode.com/problems/employees-earning-more-than-their-managers
183,Customers Who Never Order,,54.0%,Easy,0.299735,https://leetcode.com/problems/customers-who-never-order
184,Department Highest Salary,,37.2%,Medium,0.481634,https://leetcode.com/problems/department-highest-salary
185,Department Top Three Salaries,,35.2%,Hard,9.09376,https://leetcode.com/problems/department-top-three-salaries
187,Repeated DNA Sequences,"Hash Table, Bit Manipulation",39.0%,Medium,0.775883,https://leetcode.com/problems/repeated-dna-sequences
188,Best Time to Buy and Sell Stock IV,Dynamic Programming,28.1%,Hard,6.67053,https://leetcode.com/problems/best-time-to-buy-and-sell-stock-iv
189,Rotate Array,Array,35.0%,Easy,0.0936288,https://leetcode.com/problems/rotate-array
196,Delete Duplicate Emails,,41.7%,Easy,0.439158,https://leetcode.com/problems/delete-duplicate-emails
199,Binary Tree Right Side View,"Tree, Depth-first Search, Breadth-first Search",54.4%,Medium,5.94414,https://leetcode.com/problems/binary-tree-right-side-view
200,Number of Islands,"Depth-first Search, Breadth-first Search, Union Find",47.1%,Medium,92.1826,https://leetcode.com/problems/number-of-islands
202,Happy Number,"Hash Table, Math",50.6%,Easy,1.29399,https://leetcode.com/problems/happy-number
203,Remove Linked List Elements,Linked List,38.8%,Easy,0.659297,https://leetcode.com/problems/remove-linked-list-elements
204,Count Primes,"Hash Table, Math",31.6%,Easy,0.373544,https://leetcode.com/problems/count-primes
205,Isomorphic Strings,Hash Table,39.9%,Easy,5.11441,https://leetcode.com/problems/isomorphic-strings
206,Reverse Linked List,Linked List,63.0%,Easy,0.449651,https://leetcode.com/problems/reverse-linked-list
207,Course Schedule,"Depth-first Search, Breadth-first Search, Graph, Topological Sort",43.3%,Medium,2.92785,https://leetcode.com/problems/course-schedule
208,Implement Trie (Prefix Tree),"Design, Trie",49.9%,Medium,7.19589,https://leetcode.com/problems/implement-trie-prefix-tree
209,Minimum Size Subarray Sum,"Array, Two Pointers, Binary Search",38.4%,Medium,2.40018,https://leetcode.com/problems/minimum-size-subarray-sum
210,Course Schedule II,"Depth-first Search, Breadth-first Search, Graph, Topological Sort",41.0%,Medium,28.2033,https://leetcode.com/problems/course-schedule-ii
211,Design Add and Search Words Data Structure,"Backtracking, Design, Trie",38.3%,Medium,9.4346,https://leetcode.com/problems/design-add-and-search-words-data-structure
212,Word Search II,"Backtracking, Trie",35.1%,Hard,18.2084,https://leetcode.com/problems/word-search-ii
213,House Robber II,Dynamic Programming,36.5%,Medium,0.294136,https://leetcode.com/problems/house-robber-ii
215,Kth Largest Element in an Array,"Divide and Conquer, Heap",55.8%,Medium,3.94434,https://leetcode.com/problems/kth-largest-element-in-an-array
218,The Skyline Problem,"Divide and Conquer, Heap, Binary Indexed Tree, Segment Tree, Line Sweep",34.7%,Hard,2.40351,https://leetcode.com/problems/the-skyline-problem
221,Maximal Square,Dynamic Programming,37.8%,Medium,2.78888,https://leetcode.com/problems/maximal-square
224,Basic Calculator,"Math, Stack",37.1%,Hard,6.61733,https://leetcode.com/problems/basic-calculator
226,Invert Binary Tree,Tree,65.3%,Easy,0.708739,https://leetcode.com/problems/invert-binary-tree
227,Basic Calculator II,String,37.1%,Medium,16.2774,https://leetcode.com/problems/basic-calculator-ii
229,Majority Element II,Array,35.8%,Medium,2.48288,https://leetcode.com/problems/majority-element-ii
230,Kth Smallest Element in a BST,"Binary Search, Tree",60.6%,Medium,2.88584,https://leetcode.com/problems/kth-smallest-element-in-a-bst
232,Implement Queue using Stacks,"Stack, Design",50.1%,Easy,0.47656,https://leetcode.com/problems/implement-queue-using-stacks
233,Number of Digit One,Math,31.4%,Hard,2.30388,https://leetcode.com/problems/number-of-digit-one
234,Palindrome Linked List,"Linked List, Two Pointers",39.5%,Easy,0.904771,https://leetcode.com/problems/palindrome-linked-list
235,Lowest Common Ancestor of a Binary Search Tree,Tree,50.2%,Easy,0.790346,https://leetcode.com/problems/lowest-common-ancestor-of-a-binary-search-tree
236,Lowest Common Ancestor of a Binary Tree,Tree,46.2%,Medium,7.87188,https://leetcode.com/problems/lowest-common-ancestor-of-a-binary-tree
238,Product of Array Except Self,Array,60.3%,Medium,14.7816,https://leetcode.com/problems/product-of-array-except-self
239,Sliding Window Maximum,"Heap, Sliding Window",43.4%,Hard,10.7154,https://leetcode.com/problems/sliding-window-maximum
240,Search a 2D Matrix II,"Binary Search, Divide and Conquer",43.3%,Medium,14.2485,https://leetcode.com/problems/search-a-2d-matrix-ii
242,Valid Anagram,"Hash Table, Sort",57.1%,Easy,0.869969,https://leetcode.com/problems/valid-anagram
243,Shortest Word Distance,Array,61.1%,Easy,2.31551,https://leetcode.com/problems/shortest-word-distance
249,Group Shifted Strings,"Hash Table, String",55.7%,Medium,0.650484,https://leetcode.com/problems/group-shifted-strings
252,Meeting Rooms,Sort,54.7%,Easy,0.457356,https://leetcode.com/problems/meeting-rooms
253,Meeting Rooms II,"Heap, Greedy, Sort",45.8%,Medium,18.4634,https://leetcode.com/problems/meeting-rooms-ii
257,Binary Tree Paths,"Tree, Depth-first Search",51.8%,Easy,0.244441,https://leetcode.com/problems/binary-tree-paths
260,Single Number III,Bit Manipulation,64.5%,Medium,0.625405,https://leetcode.com/problems/single-number-iii
261,Graph Valid Tree,"Depth-first Search, Breadth-first Search, Union Find, Graph",42.3%,Medium,4.38332,https://leetcode.com/problems/graph-valid-tree
262,Trips and Users,,33.2%,Hard,3.16659,https://leetcode.com/problems/trips-and-users
264,Ugly Number II,"Math, Dynamic Programming, Heap",42.2%,Medium,1.82931,https://leetcode.com/problems/ugly-number-ii
268,Missing Number,"Array, Math, Bit Manipulation",51.9%,Easy,2.23203,https://leetcode.com/problems/missing-number
269,Alien Dictionary,"Graph, Topological Sort",33.3%,Hard,17.7444,https://leetcode.com/problems/alien-dictionary
270,Closest Binary Search Tree Value,"Binary Search, Tree",48.7%,Easy,0.150266,https://leetcode.com/problems/closest-binary-search-tree-value
273,Integer to English Words,"Math, String",27.2%,Hard,19.5885,https://leetcode.com/problems/integer-to-english-words
277,Find the Celebrity,Array,42.1%,Medium,3.6906,https://leetcode.com/problems/find-the-celebrity
279,Perfect Squares,"Math, Dynamic Programming, Breadth-first Search",47.6%,Medium,1.2296,https://leetcode.com/problems/perfect-squares
283,Move Zeroes,"Array, Two Pointers",58.0%,Easy,1.29122,https://leetcode.com/problems/move-zeroes
285,Inorder Successor in BST,Tree,40.8%,Medium,1.1067,https://leetcode.com/problems/inorder-successor-in-bst
286,Walls and Gates,Breadth-first Search,54.9%,Medium,4.89745,https://leetcode.com/problems/walls-and-gates
287,Find the Duplicate Number,"Array, Two Pointers, Binary Search",55.9%,Medium,1.87436,https://leetcode.com/problems/find-the-duplicate-number
289,Game of Life,Array,54.9%,Medium,1.54314,https://leetcode.com/problems/game-of-life
290,Word Pattern,Hash Table,37.1%,Easy,0.394642,https://leetcode.com/problems/word-pattern
295,Find Median from Data Stream,"Heap, Design",44.8%,Hard,22.2457,https://leetcode.com/problems/find-median-from-data-stream
296,Best Meeting Point,"Math, Sort",57.6%,Hard,2.6198,https://leetcode.com/problems/best-meeting-point
297,Serialize and Deserialize Binary Tree,"Tree, Design",47.8%,Hard,17.1404,https://leetcode.com/problems/serialize-and-deserialize-binary-tree
299,Bulls and Cows,Hash Table,42.5%,Easy,0.396689,https://leetcode.com/problems/bulls-and-cows
300,Longest Increasing Subsequence,"Binary Search, Dynamic Programming",42.7%,Medium,1.81342,https://leetcode.com/problems/longest-increasing-subsequence
301,Remove Invalid Parentheses,"Depth-first Search, Breadth-first Search",43.5%,Hard,3.19339,https://leetcode.com/problems/remove-invalid-parentheses
307,Range Sum Query - Mutable,"Binary Indexed Tree, Segment Tree",35.0%,Medium,0.562925,https://leetcode.com/problems/range-sum-query-mutable
309,Best Time to Buy and Sell Stock with Cooldown,Dynamic Programming,47.5%,Medium,0.374619,https://leetcode.com/problems/best-time-to-buy-and-sell-stock-with-cooldown
310,Minimum Height Trees,"Breadth-first Search, Graph",32.4%,Medium,1.38556,https://leetcode.com/problems/minimum-height-trees
312,Burst Balloons,"Divide and Conquer, Dynamic Programming",52.1%,Hard,2.24115,https://leetcode.com/problems/burst-balloons
314,Binary Tree Vertical Order Traversal,"Depth-first Search, Breadth-first Search",45.5%,Medium,3.07996,https://leetcode.com/problems/binary-tree-vertical-order-traversal
315,Count of Smaller Numbers After Self,"Binary Search, Divide and Conquer, Sort, Binary Indexed Tree, Segment Tree",41.7%,Hard,1.51475,https://leetcode.com/problems/count-of-smaller-numbers-after-self
316,Remove Duplicate Letters,"Stack, Greedy",36.1%,Hard,2.87505,https://leetcode.com/problems/remove-duplicate-letters
317,Shortest Distance from All Buildings,Breadth-first Search,41.7%,Hard,7.18577,https://leetcode.com/problems/shortest-distance-from-all-buildings
322,Coin Change,Dynamic Programming,35.8%,Medium,7.24293,https://leetcode.com/problems/coin-change
323,Number of Connected Components in an Undirected Graph,"Depth-first Search, Breadth-first Search, Union Find, Graph",56.3%,Medium,3.97854,https://leetcode.com/problems/number-of-connected-components-in-an-undirected-graph
327,Count of Range Sum,"Binary Search, Divide and Conquer, Sort, Binary Indexed Tree, Segment Tree",35.3%,Hard,2.17731,https://leetcode.com/problems/count-of-range-sum
328,Odd Even Linked List,Linked List,56.0%,Medium,0.394529,https://leetcode.com/problems/odd-even-linked-list
329,Longest Increasing Path in a Matrix,"Depth-first Search, Topological Sort, Memoization",43.6%,Hard,1.90614,https://leetcode.com/problems/longest-increasing-path-in-a-matrix
332,Reconstruct Itinerary,"Depth-first Search, Graph",36.9%,Medium,2.07916,https://leetcode.com/problems/reconstruct-itinerary
333,Largest BST Subtree,Tree,36.0%,Medium,5.21372,https://leetcode.com/problems/largest-bst-subtree
334,Increasing Triplet Subsequence,,40.0%,Medium,0.861644,https://leetcode.com/problems/increasing-triplet-subsequence
335,Self Crossing,Math,28.1%,Hard,3.97262,https://leetcode.com/problems/self-crossing
336,Palindrome Pairs,"Hash Table, String, Trie",33.8%,Hard,0.985064,https://leetcode.com/problems/palindrome-pairs
337,House Robber III,"Tree, Depth-first Search",50.7%,Medium,0.818321,https://leetcode.com/problems/house-robber-iii
340,Longest Substring with At Most K Distinct Characters,"Hash Table, String, Sliding Window",44.3%,Hard,0.837672,https://leetcode.com/problems/longest-substring-with-at-most-k-distinct-characters
341,Flatten Nested List Iterator,"Stack, Design",53.1%,Medium,1.79857,https://leetcode.com/problems/flatten-nested-list-iterator
344,Reverse String,"Two Pointers, String",68.8%,Easy,0.170896,https://leetcode.com/problems/reverse-string
347,Top K Frequent Elements,"Hash Table, Heap",61.4%,Medium,9.75862,https://leetcode.com/problems/top-k-frequent-elements
348,Design Tic-Tac-Toe,Design,54.6%,Medium,20.7972,https://leetcode.com/problems/design-tic-tac-toe
349,Intersection of Two Arrays,"Hash Table, Two Pointers, Binary Search, Sort",62.9%,Easy,1.61832,https://leetcode.com/problems/intersection-of-two-arrays
350,Intersection of Two Arrays II,"Hash Table, Two Pointers, Binary Search, Sort",51.5%,Easy,0.290518,https://leetcode.com/problems/intersection-of-two-arrays-ii
352,Data Stream as Disjoint Intervals,"Binary Search, Ordered Map",47.6%,Hard,4.35788,https://leetcode.com/problems/data-stream-as-disjoint-intervals
353,Design Snake Game,"Design, Queue",34.4%,Medium,11.6232,https://leetcode.com/problems/design-snake-game
354,Russian Doll Envelopes,"Binary Search, Dynamic Programming",35.6%,Hard,1.78772,https://leetcode.com/problems/russian-doll-envelopes
356,Line Reflection,"Hash Table, Math",31.9%,Medium,4.99418,https://leetcode.com/problems/line-reflection
359,Logger Rate Limiter,"Hash Table, Design",70.9%,Easy,0.435585,https://leetcode.com/problems/logger-rate-limiter
361,Bomb Enemy,Dynamic Programming,46.1%,Medium,2.5151,https://leetcode.com/problems/bomb-enemy
362,Design Hit Counter,Design,63.9%,Medium,9.35124,https://leetcode.com/problems/design-hit-counter
366,Find Leaves of Binary Tree,"Tree, Depth-first Search",70.8%,Medium,2.53763,https://leetcode.com/problems/find-leaves-of-binary-tree
368,Largest Divisible Subset,"Math, Dynamic Programming",37.9%,Medium,0.637318,https://leetcode.com/problems/largest-divisible-subset
373,Find K Pairs with Smallest Sums,Heap,36.9%,Medium,1.49943,https://leetcode.com/problems/find-k-pairs-with-smallest-sums
378,Kth Smallest Element in a Sorted Matrix,"Binary Search, Heap",54.6%,Medium,4.26391,https://leetcode.com/problems/kth-smallest-element-in-a-sorted-matrix
380,Insert Delete GetRandom O(1),"Array, Hash Table, Design",47.7%,Medium,14.0604,https://leetcode.com/problems/insert-delete-getrandom-o1
382,Linked List Random Node,Reservoir Sampling,52.2%,Medium,1.31394,https://leetcode.com/problems/linked-list-random-node
383,Ransom Note,String,53.1%,Easy,0.465914,https://leetcode.com/problems/ransom-note
384,Shuffle an Array,,52.9%,Medium,1.61048,https://leetcode.com/problems/shuffle-an-array
387,First Unique Character in a String,"Hash Table, String",53.4%,Easy,1.96363,https://leetcode.com/problems/first-unique-character-in-a-string
389,Find the Difference,"Hash Table, Bit Manipulation",55.5%,Easy,0.451188,https://leetcode.com/problems/find-the-difference
394,Decode String,"Stack, Depth-first Search",50.4%,Medium,8.7552,https://leetcode.com/problems/decode-string
395,Longest Substring with At Least K Repeating Characters,,41.5%,Medium,0.66503,https://leetcode.com/problems/longest-substring-with-at-least-k-repeating-characters
399,Evaluate Division,"Union Find, Graph",51.9%,Medium,9.11128,https://leetcode.com/problems/evaluate-division
402,Remove K Digits,"Stack, Greedy",28.4%,Medium,0.879257,https://leetcode.com/problems/remove-k-digits
403,Frog Jump,Dynamic Programming,40.0%,Hard,10.1239,https://leetcode.com/problems/frog-jump
404,Sum of Left Leaves,Tree,52.0%,Easy,0.0515476,https://leetcode.com/problems/sum-of-left-leaves
406,Queue Reconstruction by Height,Greedy,67.0%,Medium,1.10823,https://leetcode.com/problems/queue-reconstruction-by-height
410,Split Array Largest Sum,"Binary Search, Dynamic Programming",44.8%,Hard,2.23413,https://leetcode.com/problems/split-array-largest-sum
412,Fizz Buzz,,63.2%,Easy,0.102143,https://leetcode.com/problems/fizz-buzz
413,Arithmetic Slices,"Math, Dynamic Programming",58.0%,Medium,1.63148,https://leetcode.com/problems/arithmetic-slices
414,Third Maximum Number,Array,30.5%,Easy,0.516404,https://leetcode.com/problems/third-maximum-number
415,Add Strings,String,47.7%,Easy,1.58922,https://leetcode.com/problems/add-strings
416,Partition Equal Subset Sum,Dynamic Programming,43.9%,Medium,0.201401,https://leetcode.com/problems/partition-equal-subset-sum
417,Pacific Atlantic Water Flow,"Depth-first Search, Breadth-first Search",41.4%,Medium,1.47826,https://leetcode.com/problems/pacific-atlantic-water-flow
420,Strong Password Checker,,13.7%,Hard,1.16774,https://leetcode.com/problems/strong-password-checker
426,Convert Binary Search Tree to Sorted Doubly Linked List,"Linked List, Divide and Conquer, Tree",59.4%,Medium,2.30512,https://leetcode.com/problems/convert-binary-search-tree-to-sorted-doubly-linked-list
430,Flatten a Multilevel Doubly Linked List,"Linked List, Depth-first Search",55.6%,Medium,1.56629,https://leetcode.com/problems/flatten-a-multilevel-doubly-linked-list
435,Non-overlapping Intervals,Greedy,43.4%,Medium,0.34054,https://leetcode.com/problems/non-overlapping-intervals
437,Path Sum III,Tree,47.3%,Medium,2.00362,https://leetcode.com/problems/path-sum-iii
438,Find All Anagrams in a String,Hash Table,43.6%,Medium,2.16115,https://leetcode.com/problems/find-all-anagrams-in-a-string
442,Find All Duplicates in an Array,Array,67.9%,Medium,0.549067,https://leetcode.com/problems/find-all-duplicates-in-an-array
443,String Compression,String,41.5%,Easy,1.26802,https://leetcode.com/problems/string-compression
445,Add Two Numbers II,Linked List,54.8%,Medium,4.47373,https://leetcode.com/problems/add-two-numbers-ii
449,Serialize and Deserialize BST,Tree,52.3%,Medium,2.49748,https://leetcode.com/problems/serialize-and-deserialize-bst
450,Delete Node in a BST,Tree,44.3%,Medium,0.078315,https://leetcode.com/problems/delete-node-in-a-bst
451,Sort Characters By Frequency,"Hash Table, Heap",63.2%,Medium,2.08564,https://leetcode.com/problems/sort-characters-by-frequency
452,Minimum Number of Arrows to Burst Balloons,Greedy,49.7%,Medium,0.703486,https://leetcode.com/problems/minimum-number-of-arrows-to-burst-balloons
453,Minimum Moves to Equal Array Elements,Math,50.3%,Easy,2.54031,https://leetcode.com/problems/minimum-moves-to-equal-array-elements
460,LFU Cache,Design,34.5%,Hard,19.03,https://leetcode.com/problems/lfu-cache
463,Island Perimeter,Hash Table,65.8%,Easy,0.360735,https://leetcode.com/problems/island-perimeter
465,Optimal Account Balancing,,46.9%,Hard,7.70013,https://leetcode.com/problems/optimal-account-balancing
466,Count The Repetitions,Dynamic Programming,28.3%,Hard,5.01765,https://leetcode.com/problems/count-the-repetitions
471,Encode String with Shortest Length,Dynamic Programming,47.2%,Hard,8.78237,https://leetcode.com/problems/encode-string-with-shortest-length
472,Concatenated Words,"Dynamic Programming, Depth-first Search, Trie",44.1%,Hard,32.5493,https://leetcode.com/problems/concatenated-words
473,Matchsticks to Square,Depth-first Search,37.7%,Medium,2.41845,https://leetcode.com/problems/matchsticks-to-square
480,Sliding Window Median,Sliding Window,37.5%,Hard,7.0691,https://leetcode.com/problems/sliding-window-median
489,Robot Room Cleaner,Depth-first Search,70.8%,Hard,2.06823,https://leetcode.com/problems/robot-room-cleaner
490,The Maze,"Depth-first Search, Breadth-first Search",52.1%,Medium,0.954755,https://leetcode.com/problems/the-maze
494,Target Sum,"Dynamic Programming, Depth-first Search",46.1%,Medium,0.258737,https://leetcode.com/problems/target-sum
496,Next Greater Element I,Stack,64.2%,Easy,3.73489,https://leetcode.com/problems/next-greater-element-i
503,Next Greater Element II,Stack,56.8%,Medium,5.12684,https://leetcode.com/problems/next-greater-element-ii
509,Fibonacci Number,Array,67.2%,Easy,0.372389,https://leetcode.com/problems/fibonacci-number
515,Find Largest Value in Each Tree Row,"Tree, Depth-first Search, Breadth-first Search",61.3%,Medium,0.954518,https://leetcode.com/problems/find-largest-value-in-each-tree-row
518,Coin Change 2,,50.4%,Medium,2.73672,https://leetcode.com/problems/coin-change-2
523,Continuous Subarray Sum,"Math, Dynamic Programming",24.6%,Medium,1.68608,https://leetcode.com/problems/continuous-subarray-sum
525,Contiguous Array,Hash Table,42.9%,Medium,0.518488,https://leetcode.com/problems/contiguous-array
528,Random Pick with Weight,"Binary Search, Random",44.1%,Medium,3.23743,https://leetcode.com/problems/random-pick-with-weight
529,Minesweeper,"Depth-first Search, Breadth-first Search",59.4%,Medium,2.15201,https://leetcode.com/problems/minesweeper
535,Encode and Decode TinyURL,"Hash Table, Math",80.0%,Medium,2.44237,https://leetcode.com/problems/encode-and-decode-tinyurl
538,Convert BST to Greater Tree,Tree,55.6%,Easy,1.48008,https://leetcode.com/problems/convert-bst-to-greater-tree
540,Single Element in a Sorted Array,,57.9%,Medium,2.04812,https://leetcode.com/problems/single-element-in-a-sorted-array
542,01 Matrix,"Depth-first Search, Breadth-first Search",40.0%,Medium,0.414344,https://leetcode.com/problems/01-matrix
543,Diameter of Binary Tree,Tree,48.6%,Easy,3.48477,https://leetcode.com/problems/diameter-of-binary-tree
545,Boundary of Binary Tree,Tree,39.1%,Medium,2.05995,https://leetcode.com/problems/boundary-of-binary-tree
547,Friend Circles,"Depth-first Search, Union Find",58.9%,Medium,0.525415,https://leetcode.com/problems/friend-circles
556,Next Greater Element III,String,31.8%,Medium,1.01399,https://leetcode.com/problems/next-greater-element-iii
557,Reverse Words in a String III,String,70.2%,Easy,0.32923,https://leetcode.com/problems/reverse-words-in-a-string-iii
559,Maximum Depth of N-ary Tree,"Tree, Depth-first Search, Breadth-first Search",68.8%,Easy,0.368178,https://leetcode.com/problems/maximum-depth-of-n-ary-tree
560,Subarray Sum Equals K,"Array, Hash Table",43.8%,Medium,0.569125,https://leetcode.com/problems/subarray-sum-equals-k
564,Find the Closest Palindrome,String,19.8%,Hard,6.88991,https://leetcode.com/problems/find-the-closest-palindrome
567,Permutation in String,"Two Pointers, Sliding Window",44.4%,Medium,0.334476,https://leetcode.com/problems/permutation-in-string
572,Subtree of Another Tree,Tree,44.2%,Easy,10.829,https://leetcode.com/problems/subtree-of-another-tree
581,Shortest Unsorted Continuous Subarray,Array,31.2%,Easy,0.680531,https://leetcode.com/problems/shortest-unsorted-continuous-subarray
586,Customer Placing the Largest Number of Orders,,73.5%,Easy,1.28863,https://leetcode.com/problems/customer-placing-the-largest-number-of-orders
588,Design In-Memory File System,Design,46.2%,Hard,40.1852,https://leetcode.com/problems/design-in-memory-file-system
590,N-ary Tree Postorder Traversal,Tree,72.4%,Easy,0.465712,https://leetcode.com/problems/n-ary-tree-postorder-traversal
611,Valid Triangle Number,Array,48.5%,Medium,2.1675,https://leetcode.com/problems/valid-triangle-number
615,Average Salary: Departments VS Company,,47.8%,Hard,2.32895,https://leetcode.com/problems/average-salary-departments-vs-company
621,Task Scheduler,"Array, Greedy, Queue",50.4%,Medium,0.842267,https://leetcode.com/problems/task-scheduler
622,Design Circular Queue,"Design, Queue",44.1%,Medium,2.56478,https://leetcode.com/problems/design-circular-queue
628,Maximum Product of Three Numbers,"Array, Math",47.1%,Easy,1.65787,https://leetcode.com/problems/maximum-product-of-three-numbers
632,Smallest Range Covering Elements from K Lists,"Hash Table, Two Pointers, String",52.7%,Hard,1.96176,https://leetcode.com/problems/smallest-range-covering-elements-from-k-lists
636,Exclusive Time of Functions,Stack,52.1%,Medium,1.13433,https://leetcode.com/problems/exclusive-time-of-functions
640,Solve the Equation,Math,42.2%,Medium,8.20192,https://leetcode.com/problems/solve-the-equation
642,Design Search Autocomplete System,"Design, Trie",45.0%,Hard,7.10581,https://leetcode.com/problems/design-search-autocomplete-system
646,Maximum Length of Pair Chain,Dynamic Programming,52.1%,Medium,0.941736,https://leetcode.com/problems/maximum-length-of-pair-chain
647,Palindromic Substrings,"String, Dynamic Programming",60.9%,Medium,0.496705,https://leetcode.com/problems/palindromic-substrings
653,Two Sum IV - Input is a BST,Tree,55.6%,Easy,0.752611,https://leetcode.com/problems/two-sum-iv-input-is-a-bst
658,Find K Closest Elements,Binary Search,41.0%,Medium,0.433118,https://leetcode.com/problems/find-k-closest-elements
662,Maximum Width of Binary Tree,Tree,40.7%,Medium,0.462093,https://leetcode.com/problems/maximum-width-of-binary-tree
670,Maximum Swap,"Array, Math",43.9%,Medium,0.505036,https://leetcode.com/problems/maximum-swap
678,Valid Parenthesis String,String,31.1%,Medium,0.666272,https://leetcode.com/problems/valid-parenthesis-string
681,Next Closest Time,String,45.1%,Medium,1.30116,https://leetcode.com/problems/next-closest-time
682,Baseball Game,Stack,64.3%,Easy,5.99156,https://leetcode.com/problems/baseball-game
686,Repeated String Match,String,32.4%,Medium,0.789036,https://leetcode.com/problems/repeated-string-match
688,Knight Probability in Chessboard,Dynamic Programming,49.2%,Medium,3.12953,https://leetcode.com/problems/knight-probability-in-chessboard
690,Employee Importance,"Hash Table, Depth-first Search, Breadth-first Search",57.4%,Easy,0.559395,https://leetcode.com/problems/employee-importance
692,Top K Frequent Words,"Hash Table, Heap, Trie",52.1%,Medium,76.5479,https://leetcode.com/problems/top-k-frequent-words
694,Number of Distinct Islands,"Hash Table, Depth-first Search",56.3%,Medium,12.815,https://leetcode.com/problems/number-of-distinct-islands
695,Max Area of Island,"Array, Depth-first Search",63.0%,Medium,1.15545,https://leetcode.com/problems/max-area-of-island
698,Partition to K Equal Sum Subsets,"Dynamic Programming, Recursion",45.0%,Medium,1.78656,https://leetcode.com/problems/partition-to-k-equal-sum-subsets
701,Insert into a Binary Search Tree,Tree,77.3%,Medium,0.814172,https://leetcode.com/problems/insert-into-a-binary-search-tree
703,Kth Largest Element in a Stream,Heap,49.9%,Easy,2.01708,https://leetcode.com/problems/kth-largest-element-in-a-stream
704,Binary Search,Binary Search,52.3%,Easy,0.539657,https://leetcode.com/problems/binary-search
706,Design HashMap,"Hash Table, Design",61.6%,Easy,6.76044,https://leetcode.com/problems/design-hashmap
714,Best Time to Buy and Sell Stock with Transaction Fee,"Array, Dynamic Programming, Greedy",55.0%,Medium,0.630933,https://leetcode.com/problems/best-time-to-buy-and-sell-stock-with-transaction-fee
715,Range Module,"Segment Tree, Ordered Map",38.8%,Hard,3.11585,https://leetcode.com/problems/range-module
716,Max Stack,Design,42.7%,Easy,1.02959,https://leetcode.com/problems/max-stack
721,Accounts Merge,"Depth-first Search, Union Find",49.2%,Medium,8.73322,https://leetcode.com/problems/accounts-merge
724,Find Pivot Index,Array,44.2%,Easy,0.272778,https://leetcode.com/problems/find-pivot-index
726,Number of Atoms,"Hash Table, Stack, Recursion",49.4%,Hard,14.7767,https://leetcode.com/problems/number-of-atoms
727,Minimum Window Subsequence,"Dynamic Programming, Sliding Window",41.9%,Hard,1.94199,https://leetcode.com/problems/minimum-window-subsequence
729,My Calendar I,Array,52.0%,Medium,1.63702,https://leetcode.com/problems/my-calendar-i
733,Flood Fill,Depth-first Search,55.4%,Easy,10.871,https://leetcode.com/problems/flood-fill
735,Asteroid Collision,Stack,41.1%,Medium,5.34725,https://leetcode.com/problems/asteroid-collision
737,Sentence Similarity II,"Depth-first Search, Union Find",45.9%,Medium,2.13815,https://leetcode.com/problems/sentence-similarity-ii
739,Daily Temperatures,"Hash Table, Stack",63.7%,Medium,2.98956,https://leetcode.com/problems/daily-temperatures
743,Network Delay Time,"Heap, Depth-first Search, Breadth-first Search, Graph",45.0%,Medium,0.382106,https://leetcode.com/problems/network-delay-time
756,Pyramid Transition Matrix,"Bit Manipulation, Depth-first Search",54.8%,Medium,4.74979,https://leetcode.com/problems/pyramid-transition-matrix
759,Employee Free Time,"Heap, Greedy",66.5%,Hard,0.885642,https://leetcode.com/problems/employee-free-time
763,Partition Labels,"Two Pointers, Greedy",77.2%,Medium,68.7305,https://leetcode.com/problems/partition-labels
767,Reorganize String,"String, Heap, Greedy, Sort",48.9%,Medium,3.77362,https://leetcode.com/problems/reorganize-string
771,Jewels and Stones,Hash Table,86.5%,Easy,0.384823,https://leetcode.com/problems/jewels-and-stones
772,Basic Calculator III,"String, Stack",41.5%,Hard,9.5468,https://leetcode.com/problems/basic-calculator-iii
775,Global and Local Inversions,"Array, Math",42.2%,Medium,6.34604,https://leetcode.com/problems/global-and-local-inversions
779,K-th Symbol in Grammar,Recursion,37.4%,Medium,0.685469,https://leetcode.com/problems/k-th-symbol-in-grammar
784,Letter Case Permutation,"Backtracking, Bit Manipulation",65.0%,Medium,0.698437,https://leetcode.com/problems/letter-case-permutation
785,Is Graph Bipartite?,"Depth-first Search, Breadth-first Search, Graph",47.6%,Medium,1.1195,https://leetcode.com/problems/is-graph-bipartite
787,Cheapest Flights Within K Stops,"Dynamic Programming, Heap, Breadth-first Search",39.3%,Medium,0.494081,https://leetcode.com/problems/cheapest-flights-within-k-stops
815,Bus Routes,Breadth-first Search,42.7%,Hard,8.80278,https://leetcode.com/problems/bus-routes
819,Most Common Word,String,44.9%,Easy,64.2465,https://leetcode.com/problems/most-common-word
827,Making A Large Island,Depth-first Search,46.0%,Hard,1.84032,https://leetcode.com/problems/making-a-large-island
836,Rectangle Overlap,Math,48.4%,Easy,0.539929,https://leetcode.com/problems/rectangle-overlap
839,Similar String Groups,"Depth-first Search, Union Find, Graph",38.7%,Hard,1.63508,https://leetcode.com/problems/similar-string-groups
841,Keys and Rooms,"Depth-first Search, Graph",64.6%,Medium,0.483811,https://leetcode.com/problems/keys-and-rooms
843,Guess the Word,Minimax,46.1%,Hard,2.14243,https://leetcode.com/problems/guess-the-word
844,Backspace String Compare,"Two Pointers, Stack",46.6%,Easy,2.2879,https://leetcode.com/problems/backspace-string-compare
849,Maximize Distance to Closest Person,Array,42.6%,Easy,1.20588,https://leetcode.com/problems/maximize-distance-to-closest-person
854,K-Similar Strings,"Breadth-first Search, Graph",38.3%,Hard,1.84349,https://leetcode.com/problems/k-similar-strings
856,Score of Parentheses,"String, Stack",60.7%,Medium,2.42027,https://leetcode.com/problems/score-of-parentheses
860,Lemonade Change,Greedy,51.6%,Easy,2.20927,https://leetcode.com/problems/lemonade-change
862,Shortest Subarray with Sum at Least K,"Binary Search, Queue",24.7%,Hard,0.670865,https://leetcode.com/problems/shortest-subarray-with-sum-at-least-k
863,All Nodes Distance K in Binary Tree,"Tree, Depth-first Search, Breadth-first Search",55.8%,Medium,14.8536,https://leetcode.com/problems/all-nodes-distance-k-in-binary-tree
873,Length of Longest Fibonacci Subsequence,"Array, Dynamic Programming",48.0%,Medium,1.57958,https://leetcode.com/problems/length-of-longest-fibonacci-subsequence
875,Koko Eating Bananas,Binary Search,52.5%,Medium,1.56775,https://leetcode.com/problems/koko-eating-bananas
889,Construct Binary Tree from Preorder and Postorder Traversal,Tree,66.4%,Medium,1.59607,https://leetcode.com/problems/construct-binary-tree-from-preorder-and-postorder-traversal
895,Maximum Frequency Stack,"Hash Table, Stack",61.5%,Hard,4.32651,https://leetcode.com/problems/maximum-frequency-stack
896,Monotonic Array,Array,58.1%,Easy,0.322681,https://leetcode.com/problems/monotonic-array
901,Online Stock Span,Stack,60.3%,Medium,12.1875,https://leetcode.com/problems/online-stock-span
909,Snakes and Ladders,Breadth-first Search,38.8%,Medium,12.768,https://leetcode.com/problems/snakes-and-ladders
912,Sort an Array,,64.1%,Medium,0.768212,https://leetcode.com/problems/sort-an-array
921,Minimum Add to Make Parentheses Valid,"Stack, Greedy",74.1%,Medium,0.321712,https://leetcode.com/problems/minimum-add-to-make-parentheses-valid
922,Sort Array By Parity II,"Array, Sort",69.6%,Easy,0.394351,https://leetcode.com/problems/sort-array-by-parity-ii
931,Minimum Falling Path Sum,Dynamic Programming,62.6%,Medium,0.575019,https://leetcode.com/problems/minimum-falling-path-sum
937,Reorder Data in Log Files,String,54.2%,Easy,100.0,https://leetcode.com/problems/reorder-data-in-log-files
938,Range Sum of BST,"Tree, Recursion",81.6%,Easy,0.348522,https://leetcode.com/problems/range-sum-of-bst
951,Flip Equivalent Binary Trees,Tree,65.5%,Medium,0.515244,https://leetcode.com/problems/flip-equivalent-binary-trees
953,Verifying an Alien Dictionary,Hash Table,53.9%,Easy,0.191872,https://leetcode.com/problems/verifying-an-alien-dictionary
957,Prison Cells After N Days,Hash Table,40.6%,Medium,42.5509,https://leetcode.com/problems/prison-cells-after-n-days
973,K Closest Points to Origin,"Divide and Conquer, Heap, Sort",64.0%,Medium,39.8146,https://leetcode.com/problems/k-closest-points-to-origin
977,Squares of a Sorted Array,"Array, Two Pointers",72.2%,Easy,0.191735,https://leetcode.com/problems/squares-of-a-sorted-array
980,Unique Paths III,"Backtracking, Depth-first Search",73.5%,Hard,2.03901,https://leetcode.com/problems/unique-paths-iii
981,Time Based Key-Value Store,"Hash Table, Binary Search",53.1%,Medium,1.173,https://leetcode.com/problems/time-based-key-value-store
983,Minimum Cost For Tickets,Dynamic Programming,62.5%,Medium,0.151678,https://leetcode.com/problems/minimum-cost-for-tickets
986,Interval List Intersections,Two Pointers,67.5%,Medium,1.74184,https://leetcode.com/problems/interval-list-intersections
987,Vertical Order Traversal of a Binary Tree,"Hash Table, Tree",36.5%,Medium,0.735758,https://leetcode.com/problems/vertical-order-traversal-of-a-binary-tree
992,Subarrays with K Different Integers,"Hash Table, Two Pointers, Sliding Window",49.0%,Hard,1.96097,https://leetcode.com/problems/subarrays-with-k-different-integers
993,Cousins in Binary Tree,"Tree, Breadth-first Search",52.0%,Easy,0.443892,https://leetcode.com/problems/cousins-in-binary-tree
994,Rotting Oranges,Breadth-first Search,49.3%,Medium,26.1727,https://leetcode.com/problems/rotting-oranges
997,Find the Town Judge,Graph,50.0%,Easy,2.61085,https://leetcode.com/problems/find-the-town-judge
1002,Find Common Characters,"Array, Hash Table",67.7%,Easy,1.14348,https://leetcode.com/problems/find-common-characters
1004,Max Consecutive Ones III,"Two Pointers, Sliding Window",59.4%,Medium,3.74525,https://leetcode.com/problems/max-consecutive-ones-iii
1008,Construct Binary Search Tree from Preorder Traversal,Tree,78.5%,Medium,3.33508,https://leetcode.com/problems/construct-binary-search-tree-from-preorder-traversal
1010,Pairs of Songs With Total Durations Divisible by 60,Array,47.3%,Easy,0.866994,https://leetcode.com/problems/pairs-of-songs-with-total-durations-divisible-by-60
1011,Capacity To Ship Packages Within D Days,"Array, Binary Search",58.7%,Medium,5.59005,https://leetcode.com/problems/capacity-to-ship-packages-within-d-days
1013,Partition Array Into Three Parts With Equal Sum,Array,51.3%,Easy,2.64644,https://leetcode.com/problems/partition-array-into-three-parts-with-equal-sum
1019,Next Greater Node In Linked List,"Linked List, Stack",58.1%,Medium,1.17586,https://leetcode.com/problems/next-greater-node-in-linked-list
1031,Maximum Sum of Two Non-Overlapping Subarrays,Array,58.0%,Medium,0.912828,https://leetcode.com/problems/maximum-sum-of-two-non-overlapping-subarrays
1038,Binary Search Tree to Greater Sum Tree,Binary Search Tree,81.1%,Medium,5.53846,https://leetcode.com/problems/binary-search-tree-to-greater-sum-tree
1046,Last Stone Weight,"Heap, Greedy",62.1%,Easy,3.6335,https://leetcode.com/problems/last-stone-weight
1047,Remove All Adjacent Duplicates In String,Stack,69.1%,Easy,0.253109,https://leetcode.com/problems/remove-all-adjacent-duplicates-in-string
1048,Longest String Chain,"Hash Table, Dynamic Programming",54.8%,Medium,0.456381,https://leetcode.com/problems/longest-string-chain
1057,Campus Bikes,"Greedy, Sort",57.6%,Medium,6.66358,https://leetcode.com/problems/campus-bikes
1083,Sales Analysis II,,50.5%,Easy,3.46597,https://leetcode.com/problems/sales-analysis-ii
1084,Sales Analysis III,,54.5%,Easy,1.61534,https://leetcode.com/problems/sales-analysis-iii
1091,Shortest Path in Binary Matrix,Breadth-first Search,38.3%,Medium,12.6023,https://leetcode.com/problems/shortest-path-in-binary-matrix
1099,Two Sum Less Than K,Array,60.7%,Easy,2.42027,https://leetcode.com/problems/two-sum-less-than-k
1100,Find K-Length Substrings With No Repeated Characters,"String, Sliding Window",72.9%,Medium,3.40345,https://leetcode.com/problems/find-k-length-substrings-with-no-repeated-characters
1102,Path With Maximum Minimum Value,"Depth-first Search, Union Find, Graph",49.6%,Medium,3.4216,https://leetcode.com/problems/path-with-maximum-minimum-value
1108,Defanging an IP Address,String,87.8%,Easy,0.393948,https://leetcode.com/problems/defanging-an-ip-address
1110,Delete Nodes And Return Forest,"Tree, Depth-first Search",67.2%,Medium,0.419047,https://leetcode.com/problems/delete-nodes-and-return-forest
1120,Maximum Average Subtree,Tree,62.5%,Medium,12.7155,https://leetcode.com/problems/maximum-average-subtree
1130,Minimum Cost Tree From Leaf Values,"Dynamic Programming, Stack, Tree",66.9%,Medium,1.74861,https://leetcode.com/problems/minimum-cost-tree-from-leaf-values
1135,Connecting Cities With Minimum Cost,"Union Find, Graph",58.0%,Medium,3.91124,https://leetcode.com/problems/connecting-cities-with-minimum-cost
1139,Largest 1-Bordered Square,Dynamic Programming,47.7%,Medium,3.31893,https://leetcode.com/problems/largest-1-bordered-square
1143,Longest Common Subsequence,Dynamic Programming,58.4%,Medium,1.74307,https://leetcode.com/problems/longest-common-subsequence
1146,Snapshot Array,Array,37.0%,Medium,0.76644,https://leetcode.com/problems/snapshot-array
1152,Analyze User Website Visit Pattern,"Array, Hash Table, Sort",43.7%,Medium,48.6118,https://leetcode.com/problems/analyze-user-website-visit-pattern
1153,String Transforms Into Another String,Graph,35.8%,Hard,1.32697,https://leetcode.com/problems/string-transforms-into-another-string
1155,Number of Dice Rolls With Target Sum,Dynamic Programming,48.6%,Medium,3.67655,https://leetcode.com/problems/number-of-dice-rolls-with-target-sum
1161,Maximum Level Sum of a Binary Tree,Graph,72.4%,Medium,0.51899,https://leetcode.com/problems/maximum-level-sum-of-a-binary-tree
1167,Minimum Cost to Connect Sticks,Greedy,63.1%,Medium,27.2596,https://leetcode.com/problems/minimum-cost-to-connect-sticks
1179,Reformat Department Table,,81.1%,Easy,0.716672,https://leetcode.com/problems/reformat-department-table
1192,Critical Connections in a Network,Depth-first Search,48.6%,Hard,84.3653,https://leetcode.com/problems/critical-connections-in-a-network
1197,Minimum Knight Moves,Breadth-first Search,36.1%,Medium,4.53039,https://leetcode.com/problems/minimum-knight-moves
1216,Valid Palindrome III,"String, Dynamic Programming",47.8%,Hard,2.72664,https://leetcode.com/problems/valid-palindrome-iii
1219,Path with Maximum Gold,Backtracking,65.2%,Medium,5.71654,https://leetcode.com/problems/path-with-maximum-gold
1229,Meeting Scheduler,Line Sweep,53.1%,Medium,2.73983,https://leetcode.com/problems/meeting-scheduler
1236,Web Crawler,"Depth-first Search, Breadth-first Search",64.3%,Medium,1.96176,https://leetcode.com/problems/web-crawler
1244,Design A Leaderboard,"Hash Table, Sort, Design",61.8%,Medium,4.09091,https://leetcode.com/problems/design-a-leaderboard
1245,Tree Diameter,"Tree, Depth-first Search, Breadth-first Search",60.2%,Medium,2.33914,https://leetcode.com/problems/tree-diameter
1249,Minimum Remove to Make Valid Parentheses,"String, Stack",63.0%,Medium,0.388234,https://leetcode.com/problems/minimum-remove-to-make-valid-parentheses
1254,Number of Closed Islands,Depth-first Search,60.8%,Medium,0.862801,https://leetcode.com/problems/number-of-closed-islands
1258,Synonymous Sentences,Backtracking,64.9%,Medium,8.85568,https://leetcode.com/problems/synonymous-sentences
1268,Search Suggestions System,String,63.6%,Medium,13.4012,https://leetcode.com/problems/search-suggestions-system
1275,Find Winner on a Tic Tac Toe Game,Array,52.9%,Easy,2.17928,https://leetcode.com/problems/find-winner-on-a-tic-tac-toe-game
1283,Find the Smallest Divisor Given a Threshold,Binary Search,48.8%,Medium,0.723452,https://leetcode.com/problems/find-the-smallest-divisor-given-a-threshold
1299,Replace Elements with Greatest Element on Right Side,Array,75.1%,Easy,1.42285,https://leetcode.com/problems/replace-elements-with-greatest-element-on-right-side
1304,Find N Unique Integers Sum up to Zero,Array,76.3%,Easy,0.324441,https://leetcode.com/problems/find-n-unique-integers-sum-up-to-zero
1315,Sum of Nodes with Even-Valued Grandparent,"Tree, Depth-first Search",83.4%,Medium,3.25495,https://leetcode.com/problems/sum-of-nodes-with-even-valued-grandparent
1328,Break a Palindrome,String,43.8%,Medium,2.15586,https://leetcode.com/problems/break-a-palindrome
1335,Minimum Difficulty of a Job Schedule,Dynamic Programming,57.7%,Hard,11.1097,https://leetcode.com/problems/minimum-difficulty-of-a-job-schedule
1339,Maximum Product of Splitted Binary Tree,"Dynamic Programming, Tree, Depth-first Search",37.2%,Medium,1.33858,https://leetcode.com/problems/maximum-product-of-splitted-binary-tree
1344,Angle Between Hands of a Clock,Math,61.3%,Medium,1.81057,https://leetcode.com/problems/angle-between-hands-of-a-clock
1360,Number of Days Between Two Dates,,48.3%,Easy,5.4327,https://leetcode.com/problems/number-of-days-between-two-dates
1373,Maximum Sum BST in Binary Tree,"Dynamic Programming, Binary Search Tree",39.9%,Hard,4.08396,https://leetcode.com/problems/maximum-sum-bst-in-binary-tree
1375,Bulb Switcher III,Array,63.2%,Medium,2.57841,https://leetcode.com/problems/bulb-switcher-iii
1382,Balance a Binary Search Tree,Binary Search Tree,75.0%,Medium,1.08931,https://leetcode.com/problems/balance-a-binary-search-tree
1395,Count Number of Teams,Array,82.1%,Medium,0.413384,https://leetcode.com/problems/count-number-of-teams
1405,Longest Happy String,"Dynamic Programming, Greedy",49.4%,Medium,3.04488,https://leetcode.com/problems/longest-happy-string
1429,First Unique Number,"Hash Table, Design",47.5%,Medium,11.991,https://leetcode.com/problems/first-unique-number
1430,Check If a String Is a Valid Sequence from Root to Leaves Path in a Binary Tree,Tree,44.9%,Medium,3.95791,https://leetcode.com/problems/check-if-a-string-is-a-valid-sequence-from-root-to-leaves-path-in-a-binary-tree
1431,Kids With the Greatest Number of Candies,Array,88.7%,Easy,0.11344,https://leetcode.com/problems/kids-with-the-greatest-number-of-candies
1479,Sales by Day of the Week,,84.5%,Hard,3.07996,https://leetcode.com/problems/sales-by-day-of-the-week
1520,Maximum Number of Non-Overlapping Substrings,Greedy,33.4%,Hard,3.26821,https://leetcode.com/problems/maximum-number-of-non-overlapping-substrings
