Id,Title,Tags,Acceptance,Difficulty,Frequency,Link
3,Longest Substring Without Repeating Characters,"Hash Table, Two Pointers, String, Sliding Window",30.5%,Medium,2.0991,https://leetcode.com/problems/longest-substring-without-repeating-characters
79,Word Search,"Array, Backtracking",35.8%,Medium,7.73587,https://leetcode.com/problems/word-search
759,Employee Free Time,"Heap, Greedy",66.5%,Hard,53.8679,https://leetcode.com/problems/employee-free-time
1296,Divide Array in Sets of K Consecutive Numbers,"Array, Greedy",54.3%,Medium,100.0,https://leetcode.com/problems/divide-array-in-sets-of-k-consecutive-numbers
