Id,Title,Tags,Acceptance,Difficulty,Frequency,Link
2,Add Two Numbers,"Linked List, Math",34.1%,Medium,12.6555,https://leetcode.com/problems/add-two-numbers
8,String to Integer (atoi),"Math, String",15.4%,Medium,29.4497,https://leetcode.com/problems/string-to-integer-atoi
43,Multiply Strings,"Math, String",34.1%,Medium,73.5584,https://leetcode.com/problems/multiply-strings
121,Best Time to Buy and Sell Stock,"Array, Dynamic Programming",50.6%,Easy,7.0534,https://leetcode.com/problems/best-time-to-buy-and-sell-stock
160,Intersection of Two Linked Lists,Linked List,41.1%,Easy,16.155,https://leetcode.com/problems/intersection-of-two-linked-lists
173,Binary Search Tree Iterator,"Stack, Tree, Design",57.1%,Medium,30.768,https://leetcode.com/problems/binary-search-tree-iterator
443,String Compression,String,41.5%,Easy,47.1167,https://leetcode.com/problems/string-compression
581,Shortest Unsorted Continuous Subarray,Array,31.2%,Easy,44.476,https://leetcode.com/problems/shortest-unsorted-continuous-subarray
628,Maximum Product of Three Numbers,"Array, Math",47.1%,Easy,100.0,https://leetcode.com/problems/maximum-product-of-three-numbers
