Id,Title,Tags,Acceptance,Difficulty,Frequency,Link
1,Two Sum,"Array, Hash Table",45.7%,Easy,70.6378,https://leetcode.com/problems/two-sum
12,Integer to Roman,"Math, String",55.3%,Medium,41.2757,https://leetcode.com/problems/integer-to-roman
121,Best Time to Buy and Sell Stock,"Array, Dynamic Programming",50.6%,Easy,39.8113,https://leetcode.com/problems/best-time-to-buy-and-sell-stock
200,Number of Islands,"Depth-first Search, Breadth-first Search, Union Find",47.1%,Medium,13.3187,https://leetcode.com/problems/number-of-islands
238,Product of Array Except Self,Array,60.3%,Medium,32.1422,https://leetcode.com/problems/product-of-array-except-self
322,Coin Change,Dynamic Programming,35.8%,Medium,100.0,https://leetcode.com/problems/coin-change
