Id,Title,Tags,Acceptance,Difficulty,Frequency,Link
1,Two Sum,"Array, Hash Table",45.7%,Easy,14.6701,https://leetcode.com/problems/two-sum
2,Add Two Numbers,"Linked List, Math",34.1%,Medium,4.58148,https://leetcode.com/problems/add-two-numbers
3,Longest Substring Without Repeating Characters,"Hash Table, Two Pointers, String, Sliding Window",30.5%,Medium,24.3822,https://leetcode.com/problems/longest-substring-without-repeating-characters
5,Longest Palindromic Substring,"String, Dynamic Programming",29.6%,Medium,11.2148,https://leetcode.com/problems/longest-palindromic-substring
7,Reverse Integer,Math,25.8%,Easy,0.719732,https://leetcode.com/problems/reverse-integer
8,String to Integer (atoi),"Math, String",15.4%,Medium,1.51401,https://leetcode.com/problems/string-to-integer-atoi
14,Longest Common Prefix,String,35.5%,Easy,1.28725,https://leetcode.com/problems/longest-common-prefix
15,3Sum,"Array, Two Pointers",27.0%,Medium,0.390943,https://leetcode.com/problems/3sum
17,Letter Combinations of a Phone Number,"String, Backtracking",47.1%,Medium,0.746934,https://leetcode.com/problems/letter-combinations-of-a-phone-number
20,Valid Parentheses,"String, Stack",39.1%,Easy,4.4084,https://leetcode.com/problems/valid-parentheses
21,Merge Two Sorted Lists,Linked List,53.9%,Easy,2.29066,https://leetcode.com/problems/merge-two-sorted-lists
22,Generate Parentheses,"String, Backtracking",63.1%,Medium,1.71033,https://leetcode.com/problems/generate-parentheses
23,Merge k Sorted Lists,"Linked List, Divide and Conquer, Heap",40.6%,Hard,0.732101,https://leetcode.com/problems/merge-k-sorted-lists
25,Reverse Nodes in k-Group,Linked List,42.5%,Hard,7.11156,https://leetcode.com/problems/reverse-nodes-in-k-group
26,Remove Duplicates from Sorted Array,"Array, Two Pointers",45.4%,Easy,0.324073,https://leetcode.com/problems/remove-duplicates-from-sorted-array
33,Search in Rotated Sorted Array,"Array, Binary Search",34.7%,Medium,3.55226,https://leetcode.com/problems/search-in-rotated-sorted-array
46,Permutations,Backtracking,64.0%,Medium,0.725296,https://leetcode.com/problems/permutations
48,Rotate Image,Array,57.3%,Medium,41.4703,https://leetcode.com/problems/rotate-image
49,Group Anagrams,"Hash Table, String",57.3%,Medium,1.50219,https://leetcode.com/problems/group-anagrams
53,Maximum Subarray,"Array, Divide and Conquer, Dynamic Programming",46.7%,Easy,19.038,https://leetcode.com/problems/maximum-subarray
54,Spiral Matrix,Array,34.3%,Medium,4.03224,https://leetcode.com/problems/spiral-matrix
56,Merge Intervals,"Array, Sort",39.5%,Medium,23.1046,https://leetcode.com/problems/merge-intervals
79,Word Search,"Array, Backtracking",35.8%,Medium,14.7568,https://leetcode.com/problems/word-search
88,Merge Sorted Array,"Array, Two Pointers",39.6%,Easy,4.54801,https://leetcode.com/problems/merge-sorted-array
91,Decode Ways,"String, Dynamic Programming",24.9%,Medium,75.7476,https://leetcode.com/problems/decode-ways
102,Binary Tree Level Order Traversal,"Tree, Breadth-first Search",54.9%,Medium,5.71705,https://leetcode.com/problems/binary-tree-level-order-traversal
108,Convert Sorted Array to Binary Search Tree,"Tree, Depth-first Search",58.4%,Easy,1.04012,https://leetcode.com/problems/convert-sorted-array-to-binary-search-tree
110,Balanced Binary Tree,"Tree, Depth-first Search",43.7%,Easy,1.34691,https://leetcode.com/problems/balanced-binary-tree
121,Best Time to Buy and Sell Stock,"Array, Dynamic Programming",50.6%,Easy,1.44655,https://leetcode.com/problems/best-time-to-buy-and-sell-stock
125,Valid Palindrome,"Two Pointers, String",36.9%,Easy,1.29037,https://leetcode.com/problems/valid-palindrome
141,Linked List Cycle,"Linked List, Two Pointers",41.4%,Easy,0.615957,https://leetcode.com/problems/linked-list-cycle
143,Reorder List,Linked List,39.0%,Medium,0.904119,https://leetcode.com/problems/reorder-list
144,Binary Tree Preorder Traversal,"Stack, Tree",56.0%,Medium,2.27579,https://leetcode.com/problems/binary-tree-preorder-traversal
146,LRU Cache,Design,33.5%,Medium,19.1721,https://leetcode.com/problems/lru-cache
151,Reverse Words in a String,String,22.1%,Medium,6.35138,https://leetcode.com/problems/reverse-words-in-a-string
160,Intersection of Two Linked Lists,Linked List,41.1%,Easy,0.830527,https://leetcode.com/problems/intersection-of-two-linked-lists
173,Binary Search Tree Iterator,"Stack, Tree, Design",57.1%,Medium,1.58178,https://leetcode.com/problems/binary-search-tree-iterator
189,Rotate Array,Array,35.0%,Easy,2.79674,https://leetcode.com/problems/rotate-array
191,Number of 1 Bits,Bit Manipulation,50.3%,Easy,16.5311,https://leetcode.com/problems/number-of-1-bits
198,House Robber,Dynamic Programming,42.1%,Easy,41.3187,https://leetcode.com/problems/house-robber
200,Number of Islands,"Depth-first Search, Breadth-first Search, Union Find",47.1%,Medium,2.99679,https://leetcode.com/problems/number-of-islands
206,Reverse Linked List,Linked List,63.0%,Easy,7.51643,https://leetcode.com/problems/reverse-linked-list
207,Course Schedule,"Depth-first Search, Breadth-first Search, Graph, Topological Sort",43.3%,Medium,0.926884,https://leetcode.com/problems/course-schedule
212,Word Search II,"Backtracking, Trie",35.1%,Hard,3.60809,https://leetcode.com/problems/word-search-ii
215,Kth Largest Element in an Array,"Divide and Conquer, Heap",55.8%,Medium,0.753658,https://leetcode.com/problems/kth-largest-element-in-an-array
234,Palindrome Linked List,"Linked List, Two Pointers",39.5%,Easy,3.04697,https://leetcode.com/problems/palindrome-linked-list
235,Lowest Common Ancestor of a Binary Search Tree,Tree,50.2%,Easy,3.35878,https://leetcode.com/problems/lowest-common-ancestor-of-a-binary-search-tree
237,Delete Node in a Linked List,Linked List,64.4%,Easy,0.880962,https://leetcode.com/problems/delete-node-in-a-linked-list
241,Different Ways to Add Parentheses,Divide and Conquer,55.5%,Medium,6.97726,https://leetcode.com/problems/different-ways-to-add-parentheses
242,Valid Anagram,"Hash Table, Sort",57.1%,Easy,0.736192,https://leetcode.com/problems/valid-anagram
246,Strobogrammatic Number,"Hash Table, Math",45.1%,Easy,23.288,https://leetcode.com/problems/strobogrammatic-number
247,Strobogrammatic Number II,"Math, Recursion",47.8%,Medium,20.1766,https://leetcode.com/problems/strobogrammatic-number-ii
253,Meeting Rooms II,"Heap, Greedy, Sort",45.8%,Medium,2.85365,https://leetcode.com/problems/meeting-rooms-ii
279,Perfect Squares,"Math, Dynamic Programming, Breadth-first Search",47.6%,Medium,1.50563,https://leetcode.com/problems/perfect-squares
344,Reverse String,"Two Pointers, String",68.8%,Easy,2.27502,https://leetcode.com/problems/reverse-string
384,Shuffle an Array,,52.9%,Medium,3.09122,https://leetcode.com/problems/shuffle-an-array
394,Decode String,"Stack, Depth-first Search",50.4%,Medium,65.7227,https://leetcode.com/problems/decode-string
412,Fizz Buzz,,63.2%,Easy,0.341144,https://leetcode.com/problems/fizz-buzz
445,Add Two Numbers II,Linked List,54.8%,Medium,2.27165,https://leetcode.com/problems/add-two-numbers-ii
450,Delete Node in a BST,Tree,44.3%,Medium,0.587887,https://leetcode.com/problems/delete-node-in-a-bst
468,Validate IP Address,String,24.2%,Medium,100.0,https://leetcode.com/problems/validate-ip-address
605,Can Place Flowers,Array,31.5%,Easy,4.39198,https://leetcode.com/problems/can-place-flowers
628,Maximum Product of Three Numbers,"Array, Math",47.1%,Easy,7.09499,https://leetcode.com/problems/maximum-product-of-three-numbers
739,Daily Temperatures,"Hash Table, Stack",63.7%,Medium,1.47848,https://leetcode.com/problems/daily-temperatures
876,Middle of the Linked List,Linked List,68.6%,Easy,1.2181,https://leetcode.com/problems/middle-of-the-linked-list
905,Sort Array By Parity,Array,74.9%,Easy,1.31614,https://leetcode.com/problems/sort-array-by-parity
909,Snakes and Ladders,Breadth-first Search,38.8%,Medium,16.5691,https://leetcode.com/problems/snakes-and-ladders
1235,Maximum Profit in Job Scheduling,"Binary Search, Dynamic Programming, Sort",44.2%,Hard,15.4238,https://leetcode.com/problems/maximum-profit-in-job-scheduling
1290,Convert Binary Number in a Linked List to Integer,"Linked List, Bit Manipulation",80.7%,Easy,39.9871,https://leetcode.com/problems/convert-binary-number-in-a-linked-list-to-integer
