Id,Title,Tags,Acceptance,Difficulty,Frequency,Link
291,Word Pattern II,Backtracking,43.5%,Hard,100.0,https://leetcode.com/problems/word-pattern-ii
301,Remove Invalid Parentheses,"Depth-first Search, Breadth-first Search",43.5%,Hard,6.10286,https://leetcode.com/problems/remove-invalid-parentheses
786,K-th Smallest Prime Fraction,"Binary Search, Heap",41.0%,Hard,53.0514,https://leetcode.com/problems/k-th-smallest-prime-fraction
1235,Maximum Profit in Job Scheduling,"Binary Search, Dynamic Programming, Sort",44.2%,Hard,0.0,https://leetcode.com/problems/maximum-profit-in-job-scheduling
