Id,Title,Tags,Acceptance,Difficulty,Frequency,Link
1,Two Sum,"Array, Hash Table",45.7%,Easy,3.48208,https://leetcode.com/problems/two-sum
85,Maximal Rectangle,"Array, Hash Table, Dynamic Programming, Stack",38.0%,Hard,9.17767,https://leetcode.com/problems/maximal-rectangle
146,LRU Cache,Design,33.5%,Medium,28.7759,https://leetcode.com/problems/lru-cache
173,Binary Search Tree Iterator,"Stack, Tree, Design",57.1%,Medium,100.0,https://leetcode.com/problems/binary-search-tree-iterator
339,Nested List Weight Sum,Depth-first Search,74.2%,Easy,19.2244,https://leetcode.com/problems/nested-list-weight-sum
476,Number Complement,Bit Manipulation,64.8%,Easy,53.1735,https://leetcode.com/problems/number-complement
622,Design Circular Queue,"Design, Queue",44.1%,Medium,77.8721,https://leetcode.com/problems/design-circular-queue
974,Subarray Sums Divisible by K,"Array, Hash Table",49.1%,Medium,47.4458,https://leetcode.com/problems/subarray-sums-divisible-by-k
1009,Complement of Base 10 Integer,Math,59.7%,Easy,0.0,https://leetcode.com/problems/complement-of-base-10-integer
1188,Design Bounded Blocking Queue,,70.6%,Medium,75.3014,https://leetcode.com/problems/design-bounded-blocking-queue
