Id,Title,Tags,Acceptance,Difficulty,Frequency,Link
1,Two Sum,"Array, Hash Table",45.7%,Easy,0.789968,https://leetcode.com/problems/two-sum
146,LRU Cache,Design,33.5%,Medium,10.3181,https://leetcode.com/problems/lru-cache
339,Nested List Weight Sum,Depth-first Search,74.2%,Easy,27.2096,https://leetcode.com/problems/nested-list-weight-sum
622,Design Circular Queue,"Design, Queue",44.1%,Medium,65.1655,https://leetcode.com/problems/design-circular-queue
974,Subarray Sums Divisible by K,"Array, Hash Table",49.1%,Medium,30.3309,https://leetcode.com/problems/subarray-sums-divisible-by-k
1188,Design Bounded Blocking Queue,,70.6%,Medium,100.0,https://leetcode.com/problems/design-bounded-blocking-queue
