Id,Title,Tags,Acceptance,Difficulty,Frequency,Link
1,Two Sum,"Array, Hash Table",45.7%,Easy,100.0,https://leetcode.com/problems/two-sum
2,Add Two Numbers,"Linked List, Math",34.1%,Medium,85.9706,https://leetcode.com/problems/add-two-numbers
3,Longest Substring Without Repeating Characters,"Hash Table, Two Pointers, String, Sliding Window",30.5%,Medium,52.0129,https://leetcode.com/problems/longest-substring-without-repeating-characters
4,Median of Two Sorted Arrays,"Array, Binary Search, Divide and Conquer",29.8%,Hard,11.733,https://leetcode.com/problems/median-of-two-sorted-arrays
5,Longest Palindromic Substring,"String, Dynamic Programming",29.6%,Medium,49.1287,https://leetcode.com/problems/longest-palindromic-substring
6,ZigZag Conversion,String,36.6%,Medium,6.43049,https://leetcode.com/problems/zigzag-conversion
7,Reverse Integer,Math,25.8%,Easy,16.7582,https://leetcode.com/problems/reverse-integer
8,String to Integer (atoi),"Math, String",15.4%,Medium,3.22974,https://leetcode.com/problems/string-to-integer-atoi
9,Palindrome Number,Math,48.6%,Easy,1.12936,https://leetcode.com/problems/palindrome-number
10,Regular Expression Matching,"String, Dynamic Programming, Backtracking",26.9%,Hard,2.64092,https://leetcode.com/problems/regular-expression-matching
11,Container With Most Water,"Array, Two Pointers",51.1%,Medium,13.5441,https://leetcode.com/problems/container-with-most-water
12,Integer to Roman,"Math, String",55.3%,Medium,7.16639,https://leetcode.com/problems/integer-to-roman
13,Roman to Integer,"Math, String",55.9%,Easy,2.83981,https://leetcode.com/problems/roman-to-integer
14,Longest Common Prefix,String,35.5%,Easy,2.74601,https://leetcode.com/problems/longest-common-prefix
15,3Sum,"Array, Two Pointers",27.0%,Medium,29.0455,https://leetcode.com/problems/3sum
16,3Sum Closest,"Array, Two Pointers",46.0%,Medium,2.85795,https://leetcode.com/problems/3sum-closest
18,4Sum,"Array, Hash Table, Two Pointers",33.8%,Medium,3.85973,https://leetcode.com/problems/4sum
20,Valid Parentheses,"String, Stack",39.1%,Easy,1.74283,https://leetcode.com/problems/valid-parentheses
21,Merge Two Sorted Lists,Linked List,53.9%,Easy,66.0423,https://leetcode.com/problems/merge-two-sorted-lists
22,Generate Parentheses,"String, Backtracking",63.1%,Medium,25.2946,https://leetcode.com/problems/generate-parentheses
23,Merge k Sorted Lists,"Linked List, Divide and Conquer, Heap",40.6%,Hard,3.50595,https://leetcode.com/problems/merge-k-sorted-lists
24,Swap Nodes in Pairs,Linked List,50.8%,Medium,5.32233,https://leetcode.com/problems/swap-nodes-in-pairs
25,Reverse Nodes in k-Group,Linked List,42.5%,Hard,15.1706,https://leetcode.com/problems/reverse-nodes-in-k-group
26,Remove Duplicates from Sorted Array,"Array, Two Pointers",45.4%,Easy,0.691322,https://leetcode.com/problems/remove-duplicates-from-sorted-array
31,Next Permutation,Array,32.7%,Medium,13.2333,https://leetcode.com/problems/next-permutation
33,Search in Rotated Sorted Array,"Array, Binary Search",34.7%,Medium,2.74347,https://leetcode.com/problems/search-in-rotated-sorted-array
35,Search Insert Position,"Array, Binary Search",42.7%,Easy,1.7697,https://leetcode.com/problems/search-insert-position
37,Sudoku Solver,"Hash Table, Backtracking",44.0%,Hard,15.6258,https://leetcode.com/problems/sudoku-solver
41,First Missing Positive,Array,32.2%,Hard,5.71756,https://leetcode.com/problems/first-missing-positive
42,Trapping Rain Water,"Array, Two Pointers, Stack",49.2%,Hard,16.5146,https://leetcode.com/problems/trapping-rain-water
44,Wildcard Matching,"String, Dynamic Programming, Backtracking, Greedy",24.8%,Hard,10.4688,https://leetcode.com/problems/wildcard-matching
45,Jump Game II,"Array, Greedy",30.7%,Hard,7.97702,https://leetcode.com/problems/jump-game-ii
48,Rotate Image,Array,57.3%,Medium,3.91238,https://leetcode.com/problems/rotate-image
49,Group Anagrams,"Hash Table, String",57.3%,Medium,1.42719,https://leetcode.com/problems/group-anagrams
51,N-Queens,Backtracking,47.1%,Hard,6.46985,https://leetcode.com/problems/n-queens
53,Maximum Subarray,"Array, Divide and Conquer, Dynamic Programming",46.7%,Easy,18.5266,https://leetcode.com/problems/maximum-subarray
54,Spiral Matrix,Array,34.3%,Medium,8.60171,https://leetcode.com/problems/spiral-matrix
55,Jump Game,"Array, Greedy",34.7%,Medium,17.0278,https://leetcode.com/problems/jump-game
56,Merge Intervals,"Array, Sort",39.5%,Medium,2.77265,https://leetcode.com/problems/merge-intervals
61,Rotate List,"Linked List, Two Pointers",30.2%,Medium,8.24999,https://leetcode.com/problems/rotate-list
64,Minimum Path Sum,"Array, Dynamic Programming",54.8%,Medium,5.2123,https://leetcode.com/problems/minimum-path-sum
66,Plus One,Array,43.0%,Easy,1.33195,https://leetcode.com/problems/plus-one
70,Climbing Stairs,Dynamic Programming,47.9%,Easy,9.83116,https://leetcode.com/problems/climbing-stairs
73,Set Matrix Zeroes,Array,43.3%,Medium,2.64622,https://leetcode.com/problems/set-matrix-zeroes
74,Search a 2D Matrix,"Array, Binary Search",36.6%,Medium,3.14009,https://leetcode.com/problems/search-a-2d-matrix
76,Minimum Window Substring,"Hash Table, Two Pointers, String, Sliding Window",34.9%,Hard,20.2164,https://leetcode.com/problems/minimum-window-substring
82,Remove Duplicates from Sorted List II,Linked List,37.1%,Medium,42.3789,https://leetcode.com/problems/remove-duplicates-from-sorted-list-ii
83,Remove Duplicates from Sorted List,Linked List,45.6%,Easy,2.33136,https://leetcode.com/problems/remove-duplicates-from-sorted-list
85,Maximal Rectangle,"Array, Hash Table, Dynamic Programming, Stack",38.0%,Hard,4.84048,https://leetcode.com/problems/maximal-rectangle
88,Merge Sorted Array,"Array, Two Pointers",39.6%,Easy,4.33912,https://leetcode.com/problems/merge-sorted-array
91,Decode Ways,"String, Dynamic Programming",24.9%,Medium,3.98678,https://leetcode.com/problems/decode-ways
92,Reverse Linked List II,Linked List,39.1%,Medium,8.39543,https://leetcode.com/problems/reverse-linked-list-ii
96,Unique Binary Search Trees,"Dynamic Programming, Tree",53.2%,Medium,3.93232,https://leetcode.com/problems/unique-binary-search-trees
98,Validate Binary Search Tree,"Tree, Depth-first Search",27.9%,Medium,1.09084,https://leetcode.com/problems/validate-binary-search-tree
101,Symmetric Tree,"Tree, Depth-first Search, Breadth-first Search",47.1%,Easy,1.30926,https://leetcode.com/problems/symmetric-tree
104,Maximum Depth of Binary Tree,"Tree, Depth-first Search",66.3%,Easy,1.04034,https://leetcode.com/problems/maximum-depth-of-binary-tree
110,Balanced Binary Tree,"Tree, Depth-first Search",43.7%,Easy,2.87328,https://leetcode.com/problems/balanced-binary-tree
112,Path Sum,"Tree, Depth-first Search",41.4%,Easy,1.86053,https://leetcode.com/problems/path-sum
113,Path Sum II,"Tree, Depth-first Search",47.1%,Medium,3.20945,https://leetcode.com/problems/path-sum-ii
114,Flatten Binary Tree to Linked List,"Tree, Depth-first Search",49.7%,Medium,3.26693,https://leetcode.com/problems/flatten-binary-tree-to-linked-list
115,Distinct Subsequences,"String, Dynamic Programming",38.5%,Hard,19.8982,https://leetcode.com/problems/distinct-subsequences
118,Pascal's Triangle,Array,52.9%,Easy,2.53023,https://leetcode.com/problems/pascals-triangle
121,Best Time to Buy and Sell Stock,"Array, Dynamic Programming",50.6%,Easy,1.73851,https://leetcode.com/problems/best-time-to-buy-and-sell-stock
123,Best Time to Buy and Sell Stock III,"Array, Dynamic Programming",38.6%,Hard,3.88421,https://leetcode.com/problems/best-time-to-buy-and-sell-stock-iii
124,Binary Tree Maximum Path Sum,"Tree, Depth-first Search",34.5%,Hard,2.08321,https://leetcode.com/problems/binary-tree-maximum-path-sum
125,Valid Palindrome,"Two Pointers, String",36.9%,Easy,1.22559,https://leetcode.com/problems/valid-palindrome
128,Longest Consecutive Sequence,"Array, Union Find",45.3%,Hard,7.39301,https://leetcode.com/problems/longest-consecutive-sequence
136,Single Number,"Hash Table, Bit Manipulation",65.7%,Easy,1.08932,https://leetcode.com/problems/single-number
137,Single Number II,Bit Manipulation,52.6%,Medium,6.39743,https://leetcode.com/problems/single-number-ii
139,Word Break,Dynamic Programming,40.3%,Medium,6.76404,https://leetcode.com/problems/word-break
141,Linked List Cycle,"Linked List, Two Pointers",41.4%,Easy,1.31398,https://leetcode.com/problems/linked-list-cycle
142,Linked List Cycle II,"Linked List, Two Pointers",37.6%,Medium,5.73285,https://leetcode.com/problems/linked-list-cycle-ii
146,LRU Cache,Design,33.5%,Medium,6.81174,https://leetcode.com/problems/lru-cache
152,Maximum Product Subarray,"Array, Dynamic Programming",31.8%,Medium,1.95717,https://leetcode.com/problems/maximum-product-subarray
155,Min Stack,"Stack, Design",44.8%,Easy,1.7068,https://leetcode.com/problems/min-stack
168,Excel Sheet Column Title,Math,31.2%,Easy,6.0712,https://leetcode.com/problems/excel-sheet-column-title
169,Majority Element,"Array, Divide and Conquer, Bit Manipulation",58.9%,Easy,1.76007,https://leetcode.com/problems/majority-element
175,Combine Two Tables,,61.3%,Easy,6.72534,https://leetcode.com/problems/combine-two-tables
176,Second Highest Salary,,31.9%,Easy,11.1499,https://leetcode.com/problems/second-highest-salary
188,Best Time to Buy and Sell Stock IV,Dynamic Programming,28.1%,Hard,5.94902,https://leetcode.com/problems/best-time-to-buy-and-sell-stock-iv
191,Number of 1 Bits,Bit Manipulation,50.3%,Easy,6.69848,https://leetcode.com/problems/number-of-1-bits
198,House Robber,Dynamic Programming,42.1%,Easy,5.3839,https://leetcode.com/problems/house-robber
200,Number of Islands,"Depth-first Search, Breadth-first Search, Union Find",47.1%,Medium,6.39285,https://leetcode.com/problems/number-of-islands
202,Happy Number,"Hash Table, Math",50.6%,Easy,14.4955,https://leetcode.com/problems/happy-number
203,Remove Linked List Elements,Linked List,38.8%,Easy,2.6639,https://leetcode.com/problems/remove-linked-list-elements
204,Count Primes,"Hash Table, Math",31.6%,Easy,2.66887,https://leetcode.com/problems/count-primes
206,Reverse Linked List,Linked List,63.0%,Easy,19.7101,https://leetcode.com/problems/reverse-linked-list
213,House Robber II,Dynamic Programming,36.5%,Medium,4.71015,https://leetcode.com/problems/house-robber-ii
214,Shortest Palindrome,String,29.9%,Hard,12.0154,https://leetcode.com/problems/shortest-palindrome
215,Kth Largest Element in an Array,"Divide and Conquer, Heap",55.8%,Medium,1.60773,https://leetcode.com/problems/kth-largest-element-in-an-array
217,Contains Duplicate,"Array, Hash Table",56.2%,Easy,5.0238,https://leetcode.com/problems/contains-duplicate
218,The Skyline Problem,"Divide and Conquer, Heap, Binary Indexed Tree, Segment Tree, Line Sweep",34.7%,Hard,22.0734,https://leetcode.com/problems/the-skyline-problem
219,Contains Duplicate II,"Array, Hash Table",37.9%,Easy,7.80118,https://leetcode.com/problems/contains-duplicate-ii
220,Contains Duplicate III,"Sort, Ordered Map",21.4%,Medium,1.7304,https://leetcode.com/problems/contains-duplicate-iii
221,Maximal Square,Dynamic Programming,37.8%,Medium,15.1005,https://leetcode.com/problems/maximal-square
234,Palindrome Linked List,"Linked List, Two Pointers",39.5%,Easy,1.63424,https://leetcode.com/problems/palindrome-linked-list
236,Lowest Common Ancestor of a Binary Tree,Tree,46.2%,Medium,4.05168,https://leetcode.com/problems/lowest-common-ancestor-of-a-binary-tree
237,Delete Node in a Linked List,Linked List,64.4%,Easy,1.8793,https://leetcode.com/problems/delete-node-in-a-linked-list
238,Product of Array Except Self,Array,60.3%,Medium,5.58061,https://leetcode.com/problems/product-of-array-except-self
239,Sliding Window Maximum,"Heap, Sliding Window",43.4%,Hard,2.59731,https://leetcode.com/problems/sliding-window-maximum
240,Search a 2D Matrix II,"Binary Search, Divide and Conquer",43.3%,Medium,2.724,https://leetcode.com/problems/search-a-2d-matrix-ii
274,H-Index,"Hash Table, Sort",36.3%,Medium,2.37932,https://leetcode.com/problems/h-index
279,Perfect Squares,"Math, Dynamic Programming, Breadth-first Search",47.6%,Medium,3.21185,https://leetcode.com/problems/perfect-squares
283,Move Zeroes,"Array, Two Pointers",58.0%,Easy,1.04484,https://leetcode.com/problems/move-zeroes
287,Find the Duplicate Number,"Array, Two Pointers, Binary Search",55.9%,Medium,4.35003,https://leetcode.com/problems/find-the-duplicate-number
295,Find Median from Data Stream,"Heap, Design",44.8%,Hard,3.54014,https://leetcode.com/problems/find-median-from-data-stream
300,Longest Increasing Subsequence,"Binary Search, Dynamic Programming",42.7%,Medium,7.44635,https://leetcode.com/problems/longest-increasing-subsequence
303,Range Sum Query - Immutable,Dynamic Programming,45.2%,Easy,11.3265,https://leetcode.com/problems/range-sum-query-immutable
312,Burst Balloons,"Divide and Conquer, Dynamic Programming",52.1%,Hard,9.25781,https://leetcode.com/problems/burst-balloons
315,Count of Smaller Numbers After Self,"Binary Search, Divide and Conquer, Sort, Binary Indexed Tree, Segment Tree",41.7%,Hard,13.8128,https://leetcode.com/problems/count-of-smaller-numbers-after-self
316,Remove Duplicate Letters,"Stack, Greedy",36.1%,Hard,11.9818,https://leetcode.com/problems/remove-duplicate-letters
322,Coin Change,Dynamic Programming,35.8%,Medium,2.98645,https://leetcode.com/problems/coin-change
329,Longest Increasing Path in a Matrix,"Depth-first Search, Topological Sort, Memoization",43.6%,Hard,5.03228,https://leetcode.com/problems/longest-increasing-path-in-a-matrix
343,Integer Break,"Math, Dynamic Programming",50.5%,Medium,11.2579,https://leetcode.com/problems/integer-break
344,Reverse String,"Two Pointers, String",68.8%,Easy,4.85315,https://leetcode.com/problems/reverse-string
368,Largest Divisible Subset,"Math, Dynamic Programming",37.9%,Medium,10.2057,https://leetcode.com/problems/largest-divisible-subset
387,First Unique Character in a String,"Hash Table, String",53.4%,Easy,3.60996,https://leetcode.com/problems/first-unique-character-in-a-string
389,Find the Difference,"Hash Table, Bit Manipulation",55.5%,Easy,7.22511,https://leetcode.com/problems/find-the-difference
395,Longest Substring with At Least K Repeating Characters,,41.5%,Medium,10.6495,https://leetcode.com/problems/longest-substring-with-at-least-k-repeating-characters
420,Strong Password Checker,,13.7%,Hard,40.9821,https://leetcode.com/problems/strong-password-checker
454,4Sum II,"Hash Table, Binary Search",53.3%,Medium,7.98942,https://leetcode.com/problems/4sum-ii
472,Concatenated Words,"Dynamic Programming, Depth-first Search, Trie",44.1%,Hard,10.0561,https://leetcode.com/problems/concatenated-words
518,Coin Change 2,,50.4%,Medium,5.09661,https://leetcode.com/problems/coin-change-2
525,Contiguous Array,Hash Table,42.9%,Medium,8.30282,https://leetcode.com/problems/contiguous-array
543,Diameter of Binary Tree,Tree,48.6%,Easy,4.41021,https://leetcode.com/problems/diameter-of-binary-tree
560,Subarray Sum Equals K,"Array, Hash Table",43.8%,Medium,17.6842,https://leetcode.com/problems/subarray-sum-equals-k
561,Array Partition I,Array,72.1%,Easy,5.89177,https://leetcode.com/problems/array-partition-i
617,Merge Two Binary Trees,Tree,74.3%,Easy,12.7031,https://leetcode.com/problems/merge-two-binary-trees
703,Kth Largest Element in a Stream,Heap,49.9%,Easy,5.33448,https://leetcode.com/problems/kth-largest-element-in-a-stream
706,Design HashMap,"Hash Table, Design",61.6%,Easy,23.6622,https://leetcode.com/problems/design-hashmap
725,Split Linked List in Parts,Linked List,52.4%,Medium,21.0666,https://leetcode.com/problems/split-linked-list-in-parts
728,Self Dividing Numbers,Math,74.6%,Easy,21.8359,https://leetcode.com/problems/self-dividing-numbers
739,Daily Temperatures,"Hash Table, Stack",63.7%,Medium,19.3418,https://leetcode.com/problems/daily-temperatures
833,Find And Replace in String,String,50.6%,Medium,10.4356,https://leetcode.com/problems/find-and-replace-in-string
836,Rectangle Overlap,Math,48.4%,Easy,8.64618,https://leetcode.com/problems/rectangle-overlap
876,Middle of the Linked List,Linked List,68.6%,Easy,2.59849,https://leetcode.com/problems/middle-of-the-linked-list
977,Squares of a Sorted Array,"Array, Two Pointers",72.2%,Easy,3.07036,https://leetcode.com/problems/squares-of-a-sorted-array
987,Vertical Order Traversal of a Binary Tree,"Hash Table, Tree",36.5%,Medium,0.745945,https://leetcode.com/problems/vertical-order-traversal-of-a-binary-tree
993,Cousins in Binary Tree,"Tree, Breadth-first Search",52.0%,Easy,7.10828,https://leetcode.com/problems/cousins-in-binary-tree
994,Rotting Oranges,Breadth-first Search,49.3%,Medium,1.66132,https://leetcode.com/problems/rotting-oranges
1011,Capacity To Ship Packages Within D Days,"Array, Binary Search",58.7%,Medium,10.9208,https://leetcode.com/problems/capacity-to-ship-packages-within-d-days
1051,Height Checker,Array,71.5%,Easy,3.96231,https://leetcode.com/problems/height-checker
1096,Brace Expansion II,String,62.2%,Hard,71.9412,https://leetcode.com/problems/brace-expansion-ii
1108,Defanging an IP Address,String,87.8%,Easy,6.3085,https://leetcode.com/problems/defanging-an-ip-address
1114,Print in Order,,65.9%,Easy,13.0886,https://leetcode.com/problems/print-in-order
1192,Critical Connections in a Network,Depth-first Search,48.6%,Hard,4.6539,https://leetcode.com/problems/critical-connections-in-a-network
1365,How Many Numbers Are Smaller Than the Current Number,"Array, Hash Table",85.7%,Easy,2.43742,https://leetcode.com/problems/how-many-numbers-are-smaller-than-the-current-number
1470,Shuffle the Array,Array,88.7%,Easy,1.65076,https://leetcode.com/problems/shuffle-the-array
1480,Running Sum of 1d Array,Array,90.0%,Easy,1.0944,https://leetcode.com/problems/running-sum-of-1d-array
