Id,Title,Tags,Acceptance,Difficulty,Frequency,Link
1,Two Sum,"Array, Hash Table",45.7%,Easy,9.08491,https://leetcode.com/problems/two-sum
5,Longest Palindromic Substring,"String, Dynamic Programming",29.6%,Medium,11.1506,https://leetcode.com/problems/longest-palindromic-substring
85,Maximal Rectangle,"Array, Hash Table, Dynamic Programming, Stack",38.0%,Hard,66.4228,https://leetcode.com/problems/maximal-rectangle
103,Binary Tree Zigzag Level Order Traversal,"Stack, Tree, Breadth-first Search",48.6%,Medium,30.1123,https://leetcode.com/problems/binary-tree-zigzag-level-order-traversal
190,Reverse Bits,Bit Manipulation,40.2%,Easy,63.6895,https://leetcode.com/problems/reverse-bits
312,Burst Balloons,"Divide and Conquer, Dynamic Programming",52.1%,Hard,100.0,https://leetcode.com/problems/burst-balloons
